# SQL Manager 2005 for MySQL 3.6.5.8
# ---------------------------------------
# Host     : 10.196.136.96
# Port     : 3306
# Database : meeting_guizhou


/*!40101 SET @OLD_CHARACTER_SET_CLIENT=@@CHARACTER_SET_CLIENT */;
/*!40101 SET @OLD_CHARACTER_SET_RESULTS=@@CHARACTER_SET_RESULTS */;
/*!40101 SET @OLD_COLLATION_CONNECTION=@@COLLATION_CONNECTION */;
/*!40101 SET NAMES gbk */;

SET FOREIGN_KEY_CHECKS=0;

CREATE DATABASE `meeting_guizhou`
    CHARACTER SET 'utf8'
    COLLATE 'utf8_general_ci';

USE `meeting_guizhou`;

#
# Structure for the `admin_role` table : 
#

DROP TABLE IF EXISTS `admin_role`;

CREATE TABLE `admin_role` (
  `id` int(11) unsigned NOT NULL,
  `role_name` varchar(40) DEFAULT NULL,
  `create_time` datetime DEFAULT NULL,
  `modify_time` datetime DEFAULT NULL,
  `creator` char(20) DEFAULT NULL,
  `modifier` char(20) DEFAULT NULL,
  `state` smallint(6) DEFAULT NULL,
  `comments` varchar(400) DEFAULT NULL,
  PRIMARY KEY (`id`)
) ENGINE=InnoDB DEFAULT CHARSET=utf8;

#
# Structure for the `admin_user` table : 
#

DROP TABLE IF EXISTS `admin_user`;

CREATE TABLE `admin_user` (
  `id` int(11) unsigned NOT NULL AUTO_INCREMENT,
  `mobile` varchar(20) COLLATE utf8_bin NOT NULL,
  `password` varchar(64) CHARACTER SET utf8 NOT NULL,
  `name` varchar(30) CHARACTER SET utf8 DEFAULT NULL,
  `mailbox` varchar(50) CHARACTER SET utf8 DEFAULT NULL,
  `gender` smallint(6) DEFAULT NULL,
  `birthday` char(8) CHARACTER SET utf8 DEFAULT NULL,
  `idtype` varchar(10) CHARACTER SET utf8 DEFAULT NULL,
  `idnum` varchar(18) CHARACTER SET utf8 DEFAULT NULL,
  `country` varchar(10) CHARACTER SET utf8 DEFAULT NULL,
  `city` varchar(10) CHARACTER SET utf8 DEFAULT NULL,
  `address` varchar(200) CHARACTER SET utf8 DEFAULT NULL,
  `create_time` datetime DEFAULT NULL,
  `modify_time` datetime DEFAULT NULL,
  `state` smallint(6) NOT NULL DEFAULT '1',
  `comments` varchar(400) CHARACTER SET utf8 DEFAULT NULL,
  `job` varchar(64) CHARACTER SET utf8 DEFAULT NULL,
  `org_id` int(11) DEFAULT NULL,
  `role_id` int(11) DEFAULT NULL,
  `imei` varchar(128) CHARACTER SET utf8 DEFAULT NULL,
  `tel` varchar(32) CHARACTER SET utf8 DEFAULT NULL,
  `can_org` smallint(6) DEFAULT '1',
  PRIMARY KEY (`id`),
  KEY `org_id_idx` (`org_id`)
) ENGINE=InnoDB AUTO_INCREMENT=125 DEFAULT CHARSET=utf8 COLLATE=utf8_bin;

#
# Structure for the `admin_user_role` table : 
#

DROP TABLE IF EXISTS `admin_user_role`;

CREATE TABLE `admin_user_role` (
  `user_id` int(11) NOT NULL,
  `role_id` int(11) NOT NULL,
  PRIMARY KEY (`user_id`,`role_id`)
) ENGINE=InnoDB DEFAULT CHARSET=utf8;

#
# Structure for the `analytics_log` table : 
#

DROP TABLE IF EXISTS `analytics_log`;

CREATE TABLE `analytics_log` (
  `id` varchar(64) NOT NULL COMMENT 'uuid',
  `access_time` datetime DEFAULT NULL,
  `url` varchar(500) DEFAULT NULL,
  `user_id` bigint(11) DEFAULT NULL,
  `user_name` varchar(100) DEFAULT NULL,
  `meeting_id` bigint(11) DEFAULT NULL,
  `mobile` varchar(20) DEFAULT NULL,
  `from_type` varchar(50) DEFAULT NULL,
  `ip` varchar(50) DEFAULT NULL,
  `params` varchar(5000) DEFAULT NULL,
  `menu_id` bigint(11) DEFAULT NULL,
  `menu_name` varchar(500) DEFAULT NULL,
  PRIMARY KEY (`id`),
  KEY `NewIndex1` (`meeting_id`),
  KEY `NewIndex2` (`user_id`),
  KEY `NewIndex3` (`menu_id`)
) ENGINE=InnoDB DEFAULT CHARSET=utf8;

#
# Structure for the `answerpaper` table : 
#

DROP TABLE IF EXISTS `answerpaper`;

CREATE TABLE `answerpaper` (
  `id` int(11) NOT NULL AUTO_INCREMENT,
  `userId` int(11) DEFAULT NULL,
  `itemId` int(11) DEFAULT NULL,
  `paperId` int(11) DEFAULT NULL,
  `state` int(11) NOT NULL,
  `content` text,
  `questionId` int(11) DEFAULT NULL,
  `type` int(11) DEFAULT NULL,
  PRIMARY KEY (`id`)
) ENGINE=InnoDB AUTO_INCREMENT=3 DEFAULT CHARSET=utf8;

#
# Structure for the `area` table : 
#

DROP TABLE IF EXISTS `area`;

CREATE TABLE `area` (
  `area_code` varchar(20) NOT NULL,
  `parent_code` varchar(20) DEFAULT NULL,
  `area_name` varchar(20) NOT NULL,
  `area_level` smallint(6) NOT NULL,
  PRIMARY KEY (`area_code`)
) ENGINE=InnoDB DEFAULT CHARSET=utf8;

#
# Structure for the `asset` table : 
#

DROP TABLE IF EXISTS `asset`;

CREATE TABLE `asset` (
  `id` bigint(11) NOT NULL AUTO_INCREMENT,
  `asset_no` varchar(20) NOT NULL,
  `asset_name` varchar(50) NOT NULL,
  `property` varchar(256) DEFAULT NULL,
  `asset_value` decimal(9,2) DEFAULT NULL,
  `storage_date` datetime DEFAULT NULL,
  `remark` varchar(128) DEFAULT NULL,
  `meeting_id` bigint(11) DEFAULT NULL,
  PRIMARY KEY (`id`)
) ENGINE=InnoDB AUTO_INCREMENT=4 DEFAULT CHARSET=utf8;

#
# Structure for the `base_menu` table : 
#

DROP TABLE IF EXISTS `base_menu`;

CREATE TABLE `base_menu` (
  `id` int(11) NOT NULL AUTO_INCREMENT,
  `type` int(3) NOT NULL,
  `name` varchar(64) DEFAULT NULL,
  `img_url` varchar(512) DEFAULT NULL,
  `content_url` varchar(512) DEFAULT NULL,
  `state` smallint(6) DEFAULT NULL,
  `terminal_type` varchar(10) DEFAULT NULL COMMENT '终端类型',
  `description` varchar(50) DEFAULT NULL COMMENT '描述',
  `default_sort_code` int(11) DEFAULT NULL COMMENT '默认排序码,用于初始化菜单',
  `modify_time` datetime DEFAULT NULL,
  `download_url` varchar(512) DEFAULT NULL COMMENT '下载地址',
  `package_name` varchar(512) DEFAULT NULL COMMENT '包名',
  `is_Initial` tinyint(1) DEFAULT '1',
  `meeting_type` int(11) DEFAULT NULL,
  PRIMARY KEY (`id`)
) ENGINE=InnoDB AUTO_INCREMENT=915 DEFAULT CHARSET=utf8;

#
# Structure for the `base_module_title` table : 
#

DROP TABLE IF EXISTS `base_module_title`;

CREATE TABLE `base_module_title` (
  `id` int(11) NOT NULL AUTO_INCREMENT,
  `base_menu_id` int(11) NOT NULL,
  `meeting_type_id` int(11) NOT NULL,
  `name` varchar(100) DEFAULT NULL,
  `title_name` varchar(100) DEFAULT NULL,
  `key_name` varchar(100) DEFAULT NULL,
  `terminal_type` varchar(10) DEFAULT NULL COMMENT '终端类型',
  PRIMARY KEY (`id`)
) ENGINE=InnoDB AUTO_INCREMENT=112 DEFAULT CHARSET=utf8 COMMENT='基础模块标题';

#
# Structure for the `card` table : 
#

DROP TABLE IF EXISTS `card`;

CREATE TABLE `card` (
  `id` int(11) NOT NULL AUTO_INCREMENT,
  `uid` varchar(50) DEFAULT NULL,
  `register_time` datetime DEFAULT NULL,
  `state` int(11) DEFAULT NULL,
  `meeting_id` int(11) DEFAULT NULL,
  PRIMARY KEY (`id`)
) ENGINE=InnoDB AUTO_INCREMENT=17 DEFAULT CHARSET=utf8 COMMENT='RFID卡片信息';

#
# Structure for the `client_menu` table : 
#

DROP TABLE IF EXISTS `client_menu`;

CREATE TABLE `client_menu` (
  `id` int(11) NOT NULL AUTO_INCREMENT,
  `type` int(3) NOT NULL,
  `name` varchar(64) DEFAULT NULL,
  `img_url` varchar(512) DEFAULT NULL,
  `content_url` varchar(512) DEFAULT NULL,
  `state` smallint(6) DEFAULT NULL,
  `modify_time` datetime DEFAULT NULL,
  `terminal_type` varchar(10) DEFAULT NULL COMMENT '终端类型',
  `description` varchar(50) DEFAULT NULL COMMENT '描述',
  `meeting_id` int(11) DEFAULT NULL,
  `menu_type` varchar(50) DEFAULT NULL COMMENT 'custome,system',
  `default_sort_code` int(11) DEFAULT NULL COMMENT '默认排序码,用于初始化菜单',
  `content_id` int(11) DEFAULT NULL,
  `base_menu_id` int(11) DEFAULT NULL COMMENT '基础表关联ID',
  `package_name` varchar(512) DEFAULT NULL,
  `download_url` varchar(512) DEFAULT NULL,
  `is_Initial` tinyint(4) DEFAULT '1' COMMENT '是否需要初始化选中',
  PRIMARY KEY (`id`)
) ENGINE=InnoDB AUTO_INCREMENT=3582 DEFAULT CHARSET=utf8;

#
# Structure for the `client_version` table : 
#

DROP TABLE IF EXISTS `client_version`;

CREATE TABLE `client_version` (
  `id` int(6) NOT NULL AUTO_INCREMENT,
  `name` varchar(256) DEFAULT NULL,
  `version` int(6) DEFAULT NULL,
  `modify_time` datetime DEFAULT NULL,
  `url` varchar(128) DEFAULT NULL,
  PRIMARY KEY (`id`)
) ENGINE=InnoDB AUTO_INCREMENT=32 DEFAULT CHARSET=utf8;

#
# Structure for the `data_dict` table : 
#

DROP TABLE IF EXISTS `data_dict`;

CREATE TABLE `data_dict` (
  `data_type` varchar(20) NOT NULL,
  `data_type_name` varchar(60) NOT NULL,
  `data_type_desc` varchar(200) DEFAULT NULL,
  PRIMARY KEY (`data_type`)
) ENGINE=InnoDB DEFAULT CHARSET=utf8 COMMENT='数据字典';

#
# Structure for the `data_dict_config` table : 
#

DROP TABLE IF EXISTS `data_dict_config`;

CREATE TABLE `data_dict_config` (
  `id` int(11) NOT NULL,
  `data_type` varchar(20) NOT NULL,
  `act_type` varchar(20) NOT NULL,
  `data_code` varchar(20) NOT NULL,
  `data_name` varchar(60) NOT NULL,
  `data_desc` varchar(60) DEFAULT NULL,
  `cond` varchar(50) DEFAULT NULL,
  `data_value` varchar(60) DEFAULT NULL,
  `order_by` varchar(60) DEFAULT NULL,
  `remark` varchar(255) DEFAULT NULL,
  PRIMARY KEY (`id`)
) ENGINE=InnoDB DEFAULT CHARSET=utf8 COMMENT='act_type：区分用在不同的活动类型，如：会议、旅游，默认为common';

#
# Structure for the `dining_room` table : 
#

DROP TABLE IF EXISTS `dining_room`;

CREATE TABLE `dining_room` (
  `id` int(11) NOT NULL AUTO_INCREMENT,
  `hotel_id` int(11) NOT NULL,
  `name` varchar(128) DEFAULT NULL,
  `business_hours` varchar(128) DEFAULT NULL,
  `table_cnt` int(6) DEFAULT NULL,
  `capability` int(6) DEFAULT NULL,
  `additional_info` varchar(2048) DEFAULT NULL,
  `floor` varchar(10) DEFAULT NULL,
  `state` smallint(6) DEFAULT NULL,
  `create_time` datetime DEFAULT NULL,
  `modify_time` datetime DEFAULT NULL,
  PRIMARY KEY (`id`)
) ENGINE=InnoDB AUTO_INCREMENT=4 DEFAULT CHARSET=utf8;

#
# Structure for the `dinner_table` table : 
#

DROP TABLE IF EXISTS `dinner_table`;

CREATE TABLE `dinner_table` (
  `id` int(11) NOT NULL AUTO_INCREMENT,
  `dinner_id` int(11) NOT NULL,
  `meeting_id` int(11) NOT NULL,
  `member_id` int(11) NOT NULL,
  `table_code` varchar(100) DEFAULT NULL,
  PRIMARY KEY (`id`),
  KEY `meeting_id_idx` (`meeting_id`)
) ENGINE=InnoDB DEFAULT CHARSET=utf8;

#
# Structure for the `gift` table : 
#

DROP TABLE IF EXISTS `gift`;

CREATE TABLE `gift` (
  `id` int(11) NOT NULL AUTO_INCREMENT,
  `meeting_id` int(11) NOT NULL,
  `name` varchar(128) DEFAULT NULL,
  `introduction` varchar(1024) DEFAULT NULL,
  `description` longtext,
  `modify_time` datetime DEFAULT NULL,
  `state` smallint(6) DEFAULT NULL,
  `img_url` varchar(128) DEFAULT NULL,
  `price` float NOT NULL,
  PRIMARY KEY (`id`)
) ENGINE=InnoDB DEFAULT CHARSET=utf8;

#
# Structure for the `gift_order` table : 
#

DROP TABLE IF EXISTS `gift_order`;

CREATE TABLE `gift_order` (
  `id` int(11) NOT NULL AUTO_INCREMENT,
  `user_id` int(11) NOT NULL,
  `gift_id` int(11) NOT NULL,
  `amount` int(6) NOT NULL,
  `modify_time` datetime DEFAULT NULL,
  `state` smallint(6) DEFAULT NULL,
  `meeting_id` int(11) unsigned NOT NULL,
  `total_price` float DEFAULT NULL,
  PRIMARY KEY (`id`)
) ENGINE=InnoDB DEFAULT CHARSET=utf8;

#
# Structure for the `group_plan` table : 
#

DROP TABLE IF EXISTS `group_plan`;

CREATE TABLE `group_plan` (
  `plan_id` int(11) NOT NULL AUTO_INCREMENT,
  `plan_name` varchar(100) DEFAULT NULL,
  `plan_type` smallint(6) DEFAULT NULL,
  `plan_desc` varchar(2000) DEFAULT NULL,
  `state` smallint(6) DEFAULT NULL,
  `create_user` int(11) DEFAULT NULL,
  `create_time` datetime DEFAULT NULL,
  `meeting_id` int(11) DEFAULT NULL,
  `import_file` varchar(512) DEFAULT NULL,
  `is_open` varchar(10) DEFAULT NULL,
  PRIMARY KEY (`plan_id`)
) ENGINE=InnoDB DEFAULT CHARSET=utf8 COMMENT='state：0无效 1有效\r\nplan_type：0 议程分组 1就餐分组';

#
# Structure for the `group_plan_detail` table : 
#

DROP TABLE IF EXISTS `group_plan_detail`;

CREATE TABLE `group_plan_detail` (
  `group_id` int(11) NOT NULL AUTO_INCREMENT,
  `plan_id` int(11) DEFAULT NULL,
  `group_name` varchar(100) DEFAULT NULL,
  `group_leader` varchar(200) DEFAULT NULL,
  `create_user` int(11) DEFAULT NULL,
  `create_time` datetime DEFAULT NULL,
  `meeting_id` bigint(11) DEFAULT NULL,
  `detail` varchar(1000) DEFAULT NULL,
  `showindex` int(11) DEFAULT '1',
  PRIMARY KEY (`group_id`),
  KEY `group_id_idx` (`group_id`)
) ENGINE=InnoDB DEFAULT CHARSET=utf8 COMMENT='分组计划明细';

#
# Structure for the `group_plan_member` table : 
#

DROP TABLE IF EXISTS `group_plan_member`;

CREATE TABLE `group_plan_member` (
  `id` int(11) NOT NULL AUTO_INCREMENT,
  `plan_id` int(11) DEFAULT NULL,
  `meeting_id` int(11) DEFAULT NULL,
  `member_id` int(11) DEFAULT NULL,
  `group_id` int(11) DEFAULT NULL,
  `modify_user` int(11) DEFAULT NULL,
  `modify_time` timestamp NULL DEFAULT CURRENT_TIMESTAMP,
  `sort_code` int(11) DEFAULT '0',
  `comments` mediumtext,
  PRIMARY KEY (`id`),
  KEY `NewIndex1` (`group_id`),
  KEY `NewIndex2` (`member_id`),
  KEY `NewIndex3` (`plan_id`)
) ENGINE=InnoDB DEFAULT CHARSET=utf8 COMMENT='???????????;

#
# Structure for the `guest` table : 
#

DROP TABLE IF EXISTS `guest`;

CREATE TABLE `guest` (
  `id` int(11) NOT NULL AUTO_INCREMENT,
  `name` varchar(100) NOT NULL,
  `rank` varchar(100) DEFAULT NULL,
  `about` text,
  `meetId` int(11) DEFAULT NULL,
  PRIMARY KEY (`id`)
) ENGINE=InnoDB AUTO_INCREMENT=24 DEFAULT CHARSET=utf8;

#
# Structure for the `hotel` table : 
#

DROP TABLE IF EXISTS `hotel`;

CREATE TABLE `hotel` (
  `id` int(11) NOT NULL AUTO_INCREMENT,
  `type` smallint(6) DEFAULT NULL,
  `name` varchar(128) DEFAULT NULL,
  `address` varchar(512) DEFAULT NULL,
  `base_info` varchar(2048) DEFAULT NULL,
  `introduction` varchar(2048) DEFAULT NULL,
  `peripheral_info` varchar(2048) DEFAULT NULL,
  `additional_info` varchar(2048) DEFAULT NULL,
  `linking` varchar(128) DEFAULT NULL,
  `service` varchar(1024) DEFAULT NULL,
  `facilities` varchar(1024) DEFAULT NULL,
  `province` varchar(20) DEFAULT NULL,
  `city` varchar(20) DEFAULT NULL,
  `state` smallint(6) DEFAULT NULL,
  `create_time` datetime DEFAULT NULL,
  `modify_time` datetime DEFAULT NULL,
  PRIMARY KEY (`id`)
) ENGINE=InnoDB AUTO_INCREMENT=3 DEFAULT CHARSET=utf8;

#
# Structure for the `hotel_image` table : 
#

DROP TABLE IF EXISTS `hotel_image`;

CREATE TABLE `hotel_image` (
  `id` int(11) NOT NULL AUTO_INCREMENT,
  `hotel_id` int(11) DEFAULT NULL,
  `title` varchar(512) DEFAULT NULL,
  `sort` int(6) DEFAULT NULL,
  `address` varchar(512) DEFAULT NULL,
  `upload_time` datetime DEFAULT NULL,
  `upload_user` int(11) DEFAULT NULL,
  PRIMARY KEY (`id`)
) ENGINE=InnoDB AUTO_INCREMENT=6 DEFAULT CHARSET=utf8;

#
# Structure for the `hotel_room` table : 
#

DROP TABLE IF EXISTS `hotel_room`;

CREATE TABLE `hotel_room` (
  `id` int(11) NOT NULL AUTO_INCREMENT,
  `meeting_id` int(11) NOT NULL,
  `hotel_room_type_id` int(11) NOT NULL,
  `room_no` varchar(30) DEFAULT NULL,
  `floor` smallint(6) DEFAULT NULL,
  `state` smallint(6) DEFAULT NULL,
  `create_time` datetime DEFAULT NULL,
  `modify_time` datetime DEFAULT NULL,
  PRIMARY KEY (`id`)
) ENGINE=InnoDB AUTO_INCREMENT=67 DEFAULT CHARSET=utf8;

#
# Structure for the `hotel_room_type` table : 
#

DROP TABLE IF EXISTS `hotel_room_type`;

CREATE TABLE `hotel_room_type` (
  `id` int(11) NOT NULL AUTO_INCREMENT,
  `hotel_id` int(11) NOT NULL,
  `name` varchar(128) DEFAULT NULL,
  `area` float DEFAULT NULL,
  `capability` smallint(6) DEFAULT NULL,
  `bed_width` float DEFAULT NULL,
  `additional_info` varchar(2048) DEFAULT NULL,
  `facilities` varchar(1024) DEFAULT NULL,
  `state` smallint(6) DEFAULT NULL,
  `create_time` datetime DEFAULT NULL,
  `modify_time` datetime DEFAULT NULL,
  PRIMARY KEY (`id`)
) ENGINE=InnoDB AUTO_INCREMENT=6 DEFAULT CHARSET=utf8;

#
# Structure for the `hotel_room_user` table : 
#

DROP TABLE IF EXISTS `hotel_room_user`;

CREATE TABLE `hotel_room_user` (
  `hotel_room_id` int(11) NOT NULL,
  `user_id` int(11) NOT NULL,
  PRIMARY KEY (`hotel_room_id`,`user_id`)
) ENGINE=InnoDB DEFAULT CHARSET=utf8;

#
# Structure for the `imei_user` table : 
#

DROP TABLE IF EXISTS `imei_user`;

CREATE TABLE `imei_user` (
  `imei` varchar(128) NOT NULL,
  `user_id` int(11) DEFAULT NULL,
  PRIMARY KEY (`imei`),
  KEY `imei_idx` (`imei`)
) ENGINE=InnoDB DEFAULT CHARSET=utf8;

#
# Structure for the `issue_card` table : 
#

DROP TABLE IF EXISTS `issue_card`;

CREATE TABLE `issue_card` (
  `id` int(11) NOT NULL AUTO_INCREMENT,
  `issue_time` datetime DEFAULT NULL,
  `state` int(11) DEFAULT NULL,
  `meeting_id` int(11) DEFAULT NULL,
  `user_id` int(11) DEFAULT NULL,
  `card_id` int(11) DEFAULT NULL,
  `loss_time` datetime DEFAULT NULL,
  `loss_reason` varchar(200) DEFAULT NULL,
  PRIMARY KEY (`id`)
) ENGINE=InnoDB AUTO_INCREMENT=16 DEFAULT CHARSET=utf8 COMMENT='RFID卡片发放信息';

#
# Structure for the `journey` table : 
#

DROP TABLE IF EXISTS `journey`;

CREATE TABLE `journey` (
  `id` bigint(11) NOT NULL AUTO_INCREMENT,
  `name` varchar(200) DEFAULT NULL,
  `departure` varchar(200) DEFAULT NULL,
  `destination` varchar(200) DEFAULT NULL,
  `start_time` datetime DEFAULT NULL,
  `end_time` datetime DEFAULT NULL,
  `comments` varchar(500) DEFAULT NULL,
  `meeting_id` bigint(11) DEFAULT NULL,
  `vehicle_id` bigint(11) DEFAULT NULL,
  `driver_id` bigint(11) DEFAULT NULL,
  PRIMARY KEY (`id`)
) ENGINE=InnoDB AUTO_INCREMENT=41 DEFAULT CHARSET=utf8;

#
# Structure for the `journey_member` table : 
#

DROP TABLE IF EXISTS `journey_member`;

CREATE TABLE `journey_member` (
  `id` bigint(11) NOT NULL AUTO_INCREMENT,
  `meeting_id` bigint(11) DEFAULT NULL,
  `journey_id` bigint(11) DEFAULT NULL,
  `user_id` bigint(11) DEFAULT NULL,
  `number` int(11) DEFAULT NULL,
  PRIMARY KEY (`id`)
) ENGINE=InnoDB AUTO_INCREMENT=2306 DEFAULT CHARSET=utf8;

#
# Structure for the `local_specialty` table : 
#

DROP TABLE IF EXISTS `local_specialty`;

CREATE TABLE `local_specialty` (
  `id` int(11) NOT NULL AUTO_INCREMENT,
  `name` varchar(50) DEFAULT NULL,
  `memo` varchar(2000) DEFAULT NULL,
  `image` varchar(50) DEFAULT NULL,
  `province` varchar(20) DEFAULT NULL,
  `city` varchar(20) DEFAULT NULL,
  PRIMARY KEY (`id`)
) ENGINE=InnoDB AUTO_INCREMENT=37 DEFAULT CHARSET=utf8 COMMENT='全局级别的土特产信息';

#
# Structure for the `lucky` table : 
#

DROP TABLE IF EXISTS `lucky`;

CREATE TABLE `lucky` (
  `id` int(11) NOT NULL AUTO_INCREMENT,
  `name` varchar(50) NOT NULL,
  `award` varchar(200) DEFAULT NULL,
  `create_time` date DEFAULT NULL,
  `state` int(11) DEFAULT NULL,
  `meetId` int(11) DEFAULT NULL,
  `checked` int(11) DEFAULT NULL,
  PRIMARY KEY (`id`)
) ENGINE=InnoDB AUTO_INCREMENT=19 DEFAULT CHARSET=utf8;

#
# Structure for the `luckyhistory` table : 
#

DROP TABLE IF EXISTS `luckyhistory`;

CREATE TABLE `luckyhistory` (
  `id` int(11) NOT NULL AUTO_INCREMENT,
  `adminId` int(11) DEFAULT NULL,
  `userId` int(11) DEFAULT NULL,
  `luckyId` int(11) DEFAULT NULL,
  `meetId` int(11) DEFAULT NULL,
  `create_time` datetime DEFAULT NULL,
  PRIMARY KEY (`id`)
) ENGINE=InnoDB AUTO_INCREMENT=59 DEFAULT CHARSET=utf8;

#
# Structure for the `luckyuser` table : 
#

DROP TABLE IF EXISTS `luckyuser`;

CREATE TABLE `luckyuser` (
  `id` int(11) NOT NULL AUTO_INCREMENT,
  `userId` int(11) DEFAULT NULL,
  `luckyId` int(11) DEFAULT NULL,
  `meetingId` int(11) DEFAULT NULL,
  PRIMARY KEY (`id`)
) ENGINE=InnoDB AUTO_INCREMENT=11 DEFAULT CHARSET=utf8;

#
# Structure for the `meeting` table : 
#

DROP TABLE IF EXISTS `meeting`;

CREATE TABLE `meeting` (
  `id` int(11) NOT NULL AUTO_INCREMENT,
  `meeting_name` varchar(200) DEFAULT NULL,
  `meeting_type` int(11) DEFAULT '1',
  `topic` varchar(2000) DEFAULT NULL,
  `start_time` datetime DEFAULT NULL,
  `end_time` datetime DEFAULT NULL,
  `location` varchar(200) DEFAULT NULL,
  `create_time` datetime DEFAULT NULL,
  `modify_time` datetime DEFAULT NULL,
  `comments` varchar(400) DEFAULT NULL,
  `state` smallint(6) DEFAULT NULL,
  `creator` char(20) DEFAULT NULL,
  `modifier` char(20) DEFAULT NULL,
  `location_xy` varchar(255) DEFAULT NULL,
  `access_start_time` datetime DEFAULT NULL,
  `access_end_time` datetime DEFAULT NULL,
  `service_number` varchar(30) NOT NULL,
  `free_sms_num` int(11) DEFAULT NULL,
  `notice` varchar(1000) DEFAULT NULL,
  `province` varchar(20) DEFAULT NULL,
  `city` varchar(20) DEFAULT NULL,
  `district` varchar(20) DEFAULT NULL,
  `join_time` varchar(200) DEFAULT NULL,
  `pwd_Is_Dynamic` varchar(200) DEFAULT NULL,
  `host` varchar(100) DEFAULT NULL COMMENT '主办方',
  `organizer` varchar(100) DEFAULT NULL COMMENT '承办方',
  `logo_image` varchar(50) DEFAULT NULL COMMENT 'logo图片',
  `theme_id` int(11) DEFAULT NULL COMMENT '主题皮肤id',
  PRIMARY KEY (`id`)
) ENGINE=InnoDB AUTO_INCREMENT=174 DEFAULT CHARSET=utf8 COMMENT='会议组织人员通过会务组织管理模块进行会议创建，会议创建包括确定会议名称、会议主要议题、会议规模、会议开始和结束时间、会议';

#
# Structure for the `meeting_access_log` table : 
#

DROP TABLE IF EXISTS `meeting_access_log`;

CREATE TABLE `meeting_access_log` (
  `id` int(11) NOT NULL AUTO_INCREMENT,
  `meeting_id` int(11) NOT NULL,
  `user_id` int(11) DEFAULT NULL,
  `portal_type` smallint(6) DEFAULT NULL,
  `access_time` datetime DEFAULT NULL,
  PRIMARY KEY (`id`)
) ENGINE=InnoDB AUTO_INCREMENT=530 DEFAULT CHARSET=utf8;

#
# Structure for the `meeting_admin` table : 
#

DROP TABLE IF EXISTS `meeting_admin`;

CREATE TABLE `meeting_admin` (
  `meeting_id` int(11) NOT NULL,
  `user_id` int(11) NOT NULL,
  PRIMARY KEY (`meeting_id`,`user_id`)
) ENGINE=InnoDB DEFAULT CHARSET=utf8 COMMENT='会议管理员';

#
# Structure for the `meeting_agenda` table : 
#

DROP TABLE IF EXISTS `meeting_agenda`;

CREATE TABLE `meeting_agenda` (
  `id` int(11) NOT NULL AUTO_INCREMENT,
  `meeting_id` int(11) DEFAULT NULL,
  `topic` varchar(128) DEFAULT NULL,
  `description` varchar(512) DEFAULT NULL,
  `host` varchar(30) DEFAULT NULL,
  `location` varchar(128) DEFAULT NULL,
  `date` char(10) DEFAULT NULL,
  `start_time` char(5) DEFAULT NULL,
  `end_time` char(5) DEFAULT NULL,
  `create_time` datetime DEFAULT NULL,
  `creator` smallint(6) DEFAULT NULL,
  `modifier` smallint(6) DEFAULT NULL,
  `modify_time` datetime DEFAULT NULL,
  `comments` varchar(400) DEFAULT NULL,
  `state` smallint(6) DEFAULT NULL,
  `attendee` varchar(100) DEFAULT NULL,
  PRIMARY KEY (`id`),
  KEY `meeting_id_idx` (`meeting_id`)
) ENGINE=InnoDB AUTO_INCREMENT=361 DEFAULT CHARSET=utf8;

#
# Structure for the `meeting_area` table : 
#

DROP TABLE IF EXISTS `meeting_area`;

CREATE TABLE `meeting_area` (
  `code` varchar(16) NOT NULL DEFAULT '',
  `name` varchar(32) DEFAULT NULL,
  `parent` varchar(32) DEFAULT NULL,
  PRIMARY KEY (`code`)
) ENGINE=InnoDB DEFAULT CHARSET=utf8;

#
# Structure for the `meeting_client_menu` table : 
#

DROP TABLE IF EXISTS `meeting_client_menu`;

CREATE TABLE `meeting_client_menu` (
  `meeting_id` int(11) NOT NULL,
  `menu_id` int(11) NOT NULL,
  `sort` int(3) DEFAULT NULL,
  `member_level` smallint(6) NOT NULL,
  `terminal_Type` varchar(20) DEFAULT NULL COMMENT '冗余出来,便于查询',
  PRIMARY KEY (`meeting_id`,`menu_id`,`member_level`),
  KEY `meeting_id_idx` (`meeting_id`)
) ENGINE=InnoDB DEFAULT CHARSET=utf8;

#
# Structure for the `meeting_comment` table : 
#

DROP TABLE IF EXISTS `meeting_comment`;

CREATE TABLE `meeting_comment` (
  `id` int(11) NOT NULL AUTO_INCREMENT,
  `post_id` int(11) DEFAULT NULL,
  `creator` int(11) DEFAULT NULL,
  `creator_type` smallint(6) DEFAULT NULL,
  `creator_job` varchar(64) DEFAULT NULL,
  `creator_name` varchar(30) DEFAULT NULL,
  `create_time` datetime DEFAULT NULL,
  `comment_body` varchar(512) DEFAULT NULL,
  `modify_time` datetime DEFAULT NULL,
  `modifier` smallint(6) DEFAULT NULL,
  `state` smallint(6) DEFAULT NULL,
  PRIMARY KEY (`id`),
  KEY `post_id_idx` (`post_id`)
) ENGINE=InnoDB AUTO_INCREMENT=294 DEFAULT CHARSET=utf8;

#
# Structure for the `meeting_content` table : 
#

DROP TABLE IF EXISTS `meeting_content`;

CREATE TABLE `meeting_content` (
  `meeting_id` int(11) NOT NULL,
  `id` int(11) NOT NULL AUTO_INCREMENT,
  `content_title` varchar(128) DEFAULT NULL,
  `content_type` int(11) DEFAULT NULL,
  `content` longtext,
  `create_time` datetime DEFAULT NULL,
  `modify_time` datetime DEFAULT NULL,
  `creator` char(20) DEFAULT NULL,
  `modifier` char(20) DEFAULT NULL,
  `comments` varchar(400) DEFAULT NULL,
  `state` smallint(6) DEFAULT NULL,
  `sort_no` int(11) DEFAULT NULL COMMENT '排序号',
  `category` int(11) DEFAULT NULL COMMENT 'web,wap,client0-7组合',
  `icon_img` varchar(255) DEFAULT NULL COMMENT '菜单图片',
  `is_list` varchar(10) DEFAULT NULL COMMENT '1是列表0是单个菜单',
  `parent_id` int(11) DEFAULT NULL COMMENT '属于哪一个list',
  PRIMARY KEY (`id`)
) ENGINE=InnoDB AUTO_INCREMENT=128 DEFAULT CHARSET=utf8;

#
# Structure for the `meeting_dining_room` table : 
#

DROP TABLE IF EXISTS `meeting_dining_room`;

CREATE TABLE `meeting_dining_room` (
  `meeting_id` int(11) NOT NULL,
  `dining_room_id` int(11) NOT NULL,
  PRIMARY KEY (`meeting_id`,`dining_room_id`)
) ENGINE=InnoDB DEFAULT CHARSET=utf8;

#
# Structure for the `meeting_dinner` table : 
#

DROP TABLE IF EXISTS `meeting_dinner`;

CREATE TABLE `meeting_dinner` (
  `dinner_id` int(11) NOT NULL AUTO_INCREMENT,
  `meeting_id` int(11) DEFAULT NULL,
  `dinner_date` varchar(50) NOT NULL,
  `dinner_section` char(1) NOT NULL,
  `start_time` varchar(10) NOT NULL,
  `end_time` varchar(10) NOT NULL,
  `dinner_type` char(1) NOT NULL,
  `dinner_address` varchar(60) DEFAULT NULL,
  `creator` varchar(32) DEFAULT NULL,
  `create_time` datetime DEFAULT NULL,
  `modifier` varchar(32) DEFAULT NULL,
  `modify_time` datetime DEFAULT NULL,
  `comments` varchar(500) DEFAULT NULL,
  PRIMARY KEY (`dinner_id`)
) ENGINE=InnoDB AUTO_INCREMENT=91 DEFAULT CHARSET=utf8 COMMENT='dinner_section： 1 早餐  2 中餐 3 晚餐\r\ndinner_type：1自助餐 2 桌餐';

#
# Structure for the `meeting_files` table : 
#

DROP TABLE IF EXISTS `meeting_files`;

CREATE TABLE `meeting_files` (
  `meeting_id` int(11) NOT NULL,
  `id` int(11) unsigned NOT NULL AUTO_INCREMENT,
  `file_type` smallint(6) DEFAULT NULL,
  `file_name` varchar(128) DEFAULT NULL,
  `file_postfix` varchar(32) DEFAULT NULL,
  `file_path` varchar(128) DEFAULT NULL,
  `file_author` varchar(40) DEFAULT NULL,
  `file_tag` varchar(200) DEFAULT NULL,
  `file_size` double DEFAULT NULL,
  `create_time` datetime DEFAULT NULL,
  `modify_time` datetime DEFAULT NULL,
  `creator` char(20) DEFAULT NULL,
  `modifier` char(20) DEFAULT NULL,
  `comments` varchar(400) DEFAULT NULL,
  `state` smallint(6) DEFAULT NULL,
  `file_save_name` varchar(100) DEFAULT NULL COMMENT '保存名称',
  `pre_page` int(11) DEFAULT NULL,
  `assort_Id` int(11) DEFAULT NULL COMMENT '分类ID',
  `sort_Code` int(11) DEFAULT NULL COMMENT '排序',
  `file_access` varchar(20) DEFAULT NULL COMMENT '文件权限',
  `download_flg` smallint(3) DEFAULT NULL,
  `preview_flg` smallint(3) DEFAULT NULL,
  `file_cover_path` varchar(100) DEFAULT NULL,
  PRIMARY KEY (`id`)
) ENGINE=InnoDB AUTO_INCREMENT=10172 DEFAULT CHARSET=utf8 COMMENT='上传的会议文件资料';

#
# Structure for the `meeting_files_assort` table : 
#

DROP TABLE IF EXISTS `meeting_files_assort`;

CREATE TABLE `meeting_files_assort` (
  `id` int(11) NOT NULL AUTO_INCREMENT,
  `assort_name` varchar(50) DEFAULT NULL,
  `description` varchar(400) DEFAULT NULL,
  `meeting_id` int(11) DEFAULT NULL,
  `modify_time` datetime DEFAULT NULL,
  `creator` int(11) DEFAULT NULL,
  `modifier` int(11) DEFAULT NULL,
  PRIMARY KEY (`id`)
) ENGINE=InnoDB AUTO_INCREMENT=31 DEFAULT CHARSET=utf8 COMMENT='会议资料分类列表';

#
# Structure for the `meeting_group` table : 
#

DROP TABLE IF EXISTS `meeting_group`;

CREATE TABLE `meeting_group` (
  `id` int(11) NOT NULL AUTO_INCREMENT,
  `plan_id` int(11) DEFAULT NULL,
  `relation_id` int(11) DEFAULT NULL,
  `type` smallint(6) DEFAULT NULL,
  PRIMARY KEY (`id`),
  KEY `relation_id_idx` (`relation_id`)
) ENGINE=InnoDB DEFAULT CHARSET=utf8;

#
# Structure for the `meeting_hotel` table : 
#

DROP TABLE IF EXISTS `meeting_hotel`;

CREATE TABLE `meeting_hotel` (
  `meeting_id` int(11) NOT NULL,
  `hotel_id` int(11) NOT NULL,
  PRIMARY KEY (`meeting_id`,`hotel_id`)
) ENGINE=InnoDB DEFAULT CHARSET=utf8;

#
# Structure for the `meeting_hotel_room_type` table : 
#

DROP TABLE IF EXISTS `meeting_hotel_room_type`;

CREATE TABLE `meeting_hotel_room_type` (
  `meeting_id` int(11) NOT NULL,
  `hotel_room_type_id` int(11) NOT NULL,
  PRIMARY KEY (`meeting_id`,`hotel_room_type_id`)
) ENGINE=InnoDB DEFAULT CHARSET=utf8;

#
# Structure for the `meeting_member` table : 
#

DROP TABLE IF EXISTS `meeting_member`;

CREATE TABLE `meeting_member` (
  `meeting_id` int(11) NOT NULL,
  `user_id` int(11) unsigned NOT NULL,
  `member_level` smallint(6) DEFAULT NULL,
  `sort_Code` smallint(6) DEFAULT NULL,
  `mobile_is_display` smallint(6) DEFAULT '1',
  `add_in_contacts` varchar(10) DEFAULT NULL,
  `room_Number` varchar(100) DEFAULT NULL,
  `mailbox` varchar(50) DEFAULT NULL,
  `country` varchar(10) DEFAULT NULL,
  `city` varchar(10) DEFAULT NULL,
  `address` varchar(200) DEFAULT NULL,
  `create_time` datetime DEFAULT NULL,
  `modify_time` datetime DEFAULT NULL,
  `job` varchar(100) DEFAULT NULL,
  `comments` varchar(200) DEFAULT NULL,
  `room_Number_Is_Display` smallint(6) DEFAULT '1' COMMENT '是否显示房间号,1表示显示,0表示不显示',
  `job_Is_Display` smallint(6) DEFAULT '1' COMMENT ' 1表示显示,0表示不显示',
  `department` varchar(30) DEFAULT NULL COMMENT '单位,与会议代表有关',
  `book_job` varchar(100) DEFAULT NULL COMMENT '通讯录职位，可存储多条',
  `vip` varchar(1) DEFAULT 'N',
  `hotel_room_id` int(11) DEFAULT NULL,
  `upload_authority` varchar(10) DEFAULT 'N' COMMENT '上传权限,Y表示有上传权限,不为Y表示无上传权限',
  PRIMARY KEY (`meeting_id`,`user_id`),
  KEY `user_id_idx` (`user_id`),
  KEY `meeting_id_idx` (`meeting_id`)
) ENGINE=InnoDB DEFAULT CHARSET=utf8;

#
# Structure for the `meeting_module_title` table : 
#

DROP TABLE IF EXISTS `meeting_module_title`;

CREATE TABLE `meeting_module_title` (
  `id` int(11) NOT NULL AUTO_INCREMENT,
  `meeting_id` int(11) NOT NULL,
  `base_module_title_id` int(11) NOT NULL,
  `base_menu_id` int(11) NOT NULL,
  `name` varchar(100) DEFAULT NULL,
  `title_name` varchar(100) DEFAULT NULL,
  `key_name` varchar(100) DEFAULT NULL,
  `terminal_type` varchar(10) DEFAULT NULL COMMENT '终端类型',
  PRIMARY KEY (`id`)
) ENGINE=InnoDB AUTO_INCREMENT=333 DEFAULT CHARSET=utf8 COMMENT='会议模块标题';

#
# Structure for the `meeting_post` table : 
#

DROP TABLE IF EXISTS `meeting_post`;

CREATE TABLE `meeting_post` (
  `id` int(11) NOT NULL AUTO_INCREMENT,
  `meeting_id` int(11) DEFAULT NULL,
  `content` longtext,
  `imgurl` varchar(256) DEFAULT NULL,
  `videourl` varchar(256) DEFAULT NULL,
  `poster` int(11) DEFAULT NULL,
  `view_count` smallint(6) DEFAULT NULL,
  `comment_count` smallint(6) DEFAULT NULL,
  `create_time` datetime DEFAULT NULL,
  `checker` smallint(6) DEFAULT NULL,
  `modify_time` datetime DEFAULT NULL,
  `state` smallint(6) DEFAULT NULL,
  `comments` varchar(400) DEFAULT NULL,
  `poster_name` varchar(30) DEFAULT NULL,
  `poster_job` varchar(64) DEFAULT NULL,
  `poster_type` smallint(6) DEFAULT NULL COMMENT '0: user; 1: admin user',
  PRIMARY KEY (`id`),
  KEY `meeting_id_idx` (`meeting_id`)
) ENGINE=InnoDB AUTO_INCREMENT=687 DEFAULT CHARSET=utf8;

#
# Structure for the `meeting_sms` table : 
#

DROP TABLE IF EXISTS `meeting_sms`;

CREATE TABLE `meeting_sms` (
  `id` int(11) NOT NULL AUTO_INCREMENT,
  `meeting_id` int(11) NOT NULL,
  `messages` varchar(5000) NOT NULL,
  `delay` tinyint(1) NOT NULL DEFAULT '0',
  `sendtime` datetime DEFAULT NULL,
  `creator` int(11) DEFAULT NULL,
  `create_time` datetime DEFAULT NULL,
  `state` smallint(6) NOT NULL DEFAULT '0',
  `comments` varchar(400) DEFAULT NULL,
  PRIMARY KEY (`id`),
  KEY `meeting_id_idx` (`meeting_id`)
) ENGINE=InnoDB AUTO_INCREMENT=2124 DEFAULT CHARSET=utf8;

#
# Structure for the `meeting_sms_recipient` table : 
#

DROP TABLE IF EXISTS `meeting_sms_recipient`;

CREATE TABLE `meeting_sms_recipient` (
  `user_id` int(11) NOT NULL,
  `meeting_sms_id` int(11) NOT NULL,
  `state` smallint(6) NOT NULL DEFAULT '0' COMMENT '0:not send; 1 sent; 9 sent failure;',
  PRIMARY KEY (`user_id`,`meeting_sms_id`)
) ENGINE=InnoDB DEFAULT CHARSET=utf8;

#
# Structure for the `meeting_specialty` table : 
#

DROP TABLE IF EXISTS `meeting_specialty`;

CREATE TABLE `meeting_specialty` (
  `id` int(11) NOT NULL AUTO_INCREMENT,
  `meeting_id` int(11) DEFAULT NULL,
  `memo` varchar(2000) DEFAULT NULL,
  `create_time` datetime DEFAULT NULL,
  `state` int(11) DEFAULT NULL,
  `province` varchar(20) DEFAULT NULL,
  `city` varchar(20) DEFAULT NULL,
  PRIMARY KEY (`id`)
) ENGINE=InnoDB AUTO_INCREMENT=16 DEFAULT CHARSET=utf8 COMMENT='会议下面创建的本地特产信息';

#
# Structure for the `meeting_specialty_relative` table : 
#

DROP TABLE IF EXISTS `meeting_specialty_relative`;

CREATE TABLE `meeting_specialty_relative` (
  `meeting_specialty_id` int(11) NOT NULL,
  `local_specialty_id` int(11) NOT NULL,
  PRIMARY KEY (`meeting_specialty_id`,`local_specialty_id`)
) ENGINE=InnoDB DEFAULT CHARSET=utf8 COMMENT='会议特产表与全局土特产表的关联信息中间表';

#
# Structure for the `meeting_task` table : 
#

DROP TABLE IF EXISTS `meeting_task`;

CREATE TABLE `meeting_task` (
  `id` int(11) NOT NULL AUTO_INCREMENT COMMENT '????',
  `task_name` varchar(50) DEFAULT NULL COMMENT '????????',
  `task_description` varchar(500) DEFAULT NULL COMMENT '????????',
  `meeting_id` int(11) DEFAULT NULL,
  `creator` int(11) DEFAULT NULL,
  `create_time` datetime DEFAULT NULL,
  `modifier` int(11) DEFAULT NULL,
  `modify_time` datetime DEFAULT NULL,
  PRIMARY KEY (`id`)
) ENGINE=InnoDB DEFAULT CHARSET=utf8;

#
# Structure for the `meeting_task_detail` table : 
#

DROP TABLE IF EXISTS `meeting_task_detail`;

CREATE TABLE `meeting_task_detail` (
  `id` int(11) NOT NULL AUTO_INCREMENT,
  `detail_name` varchar(50) DEFAULT NULL,
  `detail_description` varchar(100) DEFAULT NULL,
  `charge` varchar(200) DEFAULT NULL,
  `execute_start_time` datetime DEFAULT NULL,
  `execute_end_time` datetime DEFAULT NULL,
  `task_id` int(11) DEFAULT NULL,
  `creator` int(11) DEFAULT NULL,
  `create_time` datetime DEFAULT NULL,
  `modifier` int(11) DEFAULT NULL,
  `modify_time` datetime DEFAULT NULL,
  `meeting_Id` int(11) DEFAULT NULL,
  `parent_id` int(11) DEFAULT NULL COMMENT '??????ID,0?????????????,???????',
  `task_full_path` varchar(50) DEFAULT NULL COMMENT '?????????・??,?????0-1-2-3-4',
  `status` varchar(10) DEFAULT NULL,
  PRIMARY KEY (`id`)
) ENGINE=InnoDB AUTO_INCREMENT=52 DEFAULT CHARSET=utf8;

#
# Structure for the `meeting_type` table : 
#

DROP TABLE IF EXISTS `meeting_type`;

CREATE TABLE `meeting_type` (
  `id` int(11) NOT NULL AUTO_INCREMENT,
  `name` varchar(50) DEFAULT NULL,
  `description` varchar(200) DEFAULT NULL,
  `create_time` datetime DEFAULT NULL,
  `state` int(11) DEFAULT NULL,
  `logo_image` varchar(50) DEFAULT NULL,
  `theme_id` int(11) DEFAULT NULL,
  PRIMARY KEY (`id`)
) ENGINE=InnoDB AUTO_INCREMENT=2 DEFAULT CHARSET=utf8;

#
# Structure for the `message` table : 
#

DROP TABLE IF EXISTS `message`;

CREATE TABLE `message` (
  `id` int(11) NOT NULL AUTO_INCREMENT,
  `subject` varchar(128) DEFAULT NULL,
  `message` varchar(512) NOT NULL,
  `sender` int(11) NOT NULL,
  `send_time` datetime NOT NULL,
  `send_flag` smallint(3) NOT NULL DEFAULT '0',
  `meeting_id` int(11) NOT NULL,
  PRIMARY KEY (`id`)
) ENGINE=InnoDB AUTO_INCREMENT=115 DEFAULT CHARSET=utf8;

#
# Structure for the `message_recipient` table : 
#

DROP TABLE IF EXISTS `message_recipient`;

CREATE TABLE `message_recipient` (
  `id` int(11) NOT NULL AUTO_INCREMENT,
  `recipient` int(11) NOT NULL,
  `read_flag` smallint(3) NOT NULL DEFAULT '0',
  `meeting_id` int(11) DEFAULT NULL,
  `read_time` datetime NOT NULL,
  `message_id` int(11) DEFAULT NULL,
  PRIMARY KEY (`id`)
) ENGINE=InnoDB AUTO_INCREMENT=193 DEFAULT CHARSET=utf8;

#
# Structure for the `news` table : 
#

DROP TABLE IF EXISTS `news`;

CREATE TABLE `news` (
  `id` int(11) NOT NULL AUTO_INCREMENT,
  `title` varchar(100) DEFAULT NULL,
  `content` mediumtext,
  `source` varchar(100) DEFAULT NULL,
  `image_news` int(11) DEFAULT NULL,
  `thumbnail_image` varchar(50) DEFAULT NULL,
  `hit_count` int(11) DEFAULT NULL,
  `state` int(11) DEFAULT NULL,
  `create_time` datetime DEFAULT NULL,
  `last_modify_time` datetime DEFAULT NULL,
  `meeting_id` int(11) DEFAULT NULL,
  `admin_user_id` int(11) DEFAULT NULL,
  PRIMARY KEY (`id`)
) ENGINE=InnoDB AUTO_INCREMENT=31 DEFAULT CHARSET=utf8 COMMENT='新闻信息表';

#
# Structure for the `organization` table : 
#

DROP TABLE IF EXISTS `organization`;

CREATE TABLE `organization` (
  `id` int(11) unsigned NOT NULL AUTO_INCREMENT,
  `name` varchar(100) DEFAULT NULL,
  `address` varchar(200) DEFAULT NULL,
  `create_time` datetime DEFAULT NULL,
  `modify_time` datetime DEFAULT NULL,
  `state` smallint(6) DEFAULT NULL,
  `comments` varchar(400) DEFAULT NULL,
  `linker` varchar(50) DEFAULT NULL,
  `linker_tel` varchar(30) DEFAULT NULL,
  `level` smallint(6) DEFAULT NULL,
  `parent_id` int(11) DEFAULT NULL,
  `root_id` int(11) DEFAULT NULL,
  PRIMARY KEY (`id`),
  KEY `parent_id_idx` (`parent_id`)
) ENGINE=InnoDB AUTO_INCREMENT=66 DEFAULT CHARSET=utf8 COMMENT='机构表';

#
# Structure for the `page_custom` table : 
#

DROP TABLE IF EXISTS `page_custom`;

CREATE TABLE `page_custom` (
  `id` int(11) NOT NULL AUTO_INCREMENT,
  `property_name` varchar(20) NOT NULL,
  `property_value` varchar(200) DEFAULT NULL,
  `description` varchar(200) DEFAULT NULL,
  `meeting_id` int(11) DEFAULT NULL,
  PRIMARY KEY (`id`)
) ENGINE=InnoDB AUTO_INCREMENT=9 DEFAULT CHARSET=utf8;

#
# Structure for the `page_theme` table : 
#

DROP TABLE IF EXISTS `page_theme`;

CREATE TABLE `page_theme` (
  `id` int(11) NOT NULL AUTO_INCREMENT,
  `name` varchar(20) DEFAULT NULL,
  `title` varchar(50) DEFAULT NULL,
  `description` varchar(200) DEFAULT NULL,
  `thumbnail_name` varchar(50) DEFAULT NULL,
  `state` int(11) DEFAULT '1',
  PRIMARY KEY (`id`)
) ENGINE=InnoDB AUTO_INCREMENT=5 DEFAULT CHARSET=utf8;

#
# Structure for the `paper` table : 
#

DROP TABLE IF EXISTS `paper`;

CREATE TABLE `paper` (
  `id` int(11) NOT NULL AUTO_INCREMENT,
  `title` text NOT NULL,
  `state` int(11) NOT NULL,
  `create_time` date DEFAULT NULL,
  `meetId` int(11) DEFAULT NULL,
  `adminUserId` int(11) DEFAULT NULL,
  `count` int(11) DEFAULT NULL,
  PRIMARY KEY (`id`)
) ENGINE=InnoDB AUTO_INCREMENT=3 DEFAULT CHARSET=utf8;

#
# Structure for the `question` table : 
#

DROP TABLE IF EXISTS `question`;

CREATE TABLE `question` (
  `id` int(11) NOT NULL AUTO_INCREMENT,
  `answer` varchar(255) DEFAULT NULL,
  `state` int(11) NOT NULL,
  `type` int(11) NOT NULL,
  `create_time` date DEFAULT NULL,
  `paperId` int(11) DEFAULT NULL,
  `adminUserId` int(11) DEFAULT NULL,
  `question` varchar(255) NOT NULL,
  PRIMARY KEY (`id`)
) ENGINE=InnoDB AUTO_INCREMENT=7 DEFAULT CHARSET=utf8;

#
# Structure for the `questionitem` table : 
#

DROP TABLE IF EXISTS `questionitem`;

CREATE TABLE `questionitem` (
  `id` int(11) NOT NULL AUTO_INCREMENT,
  `content` varchar(255) NOT NULL,
  `count` int(11) DEFAULT NULL,
  `create_time` date DEFAULT NULL,
  `questionId` int(11) NOT NULL,
  PRIMARY KEY (`id`)
) ENGINE=InnoDB AUTO_INCREMENT=18 DEFAULT CHARSET=utf8;

#
# Structure for the `rfid_sign_in` table : 
#

DROP TABLE IF EXISTS `rfid_sign_in`;

CREATE TABLE `rfid_sign_in` (
  `id` int(11) NOT NULL AUTO_INCREMENT,
  `meeting_id` int(11) NOT NULL,
  `user_id` int(11) NOT NULL,
  `sign_time` datetime DEFAULT NULL,
  `tag_id` varchar(32) DEFAULT NULL,
  `sign_event` varchar(100) DEFAULT NULL,
  PRIMARY KEY (`id`)
) ENGINE=InnoDB AUTO_INCREMENT=23 DEFAULT CHARSET=utf8 COMMENT='RFID签到记录表';

#
# Structure for the `role` table : 
#

DROP TABLE IF EXISTS `role`;

CREATE TABLE `role` (
  `id` int(11) unsigned NOT NULL AUTO_INCREMENT,
  `role_name` varchar(40) DEFAULT NULL,
  `create_time` datetime DEFAULT NULL,
  `modify_time` datetime DEFAULT NULL,
  `creator` char(20) DEFAULT NULL,
  `modifier` char(20) DEFAULT NULL,
  `state` smallint(6) DEFAULT NULL,
  `comments` varchar(400) DEFAULT NULL,
  PRIMARY KEY (`id`)
) ENGINE=InnoDB AUTO_INCREMENT=7 DEFAULT CHARSET=utf8;

#
# Structure for the `scenic_hotel` table : 
#

DROP TABLE IF EXISTS `scenic_hotel`;

CREATE TABLE `scenic_hotel` (
  `id` int(11) NOT NULL AUTO_INCREMENT,
  `type` smallint(6) DEFAULT NULL,
  `content` longtext,
  `creator` varchar(32) DEFAULT NULL,
  `modifier` varchar(32) DEFAULT NULL,
  `create_time` datetime DEFAULT NULL,
  `modify_time` datetime DEFAULT NULL,
  `name` varchar(200) DEFAULT NULL,
  PRIMARY KEY (`id`)
) ENGINE=InnoDB DEFAULT CHARSET=utf8 COMMENT='景点名胜酒店信息表';

#
# Structure for the `sign_in` table : 
#

DROP TABLE IF EXISTS `sign_in`;

CREATE TABLE `sign_in` (
  `id` int(11) NOT NULL AUTO_INCREMENT,
  `meeting_id` int(11) NOT NULL,
  `user_id` int(11) NOT NULL,
  `sign_time` datetime DEFAULT NULL,
  `sign_code` varchar(32) DEFAULT NULL,
  `portal_type` smallint(6) DEFAULT NULL,
  PRIMARY KEY (`id`),
  KEY `meeting_id_idx` (`meeting_id`),
  KEY `user_id_idx` (`user_id`)
) ENGINE=InnoDB AUTO_INCREMENT=8537 DEFAULT CHARSET=utf8 COMMENT='签到表';

#
# Structure for the `sms_send_template` table : 
#

DROP TABLE IF EXISTS `sms_send_template`;

CREATE TABLE `sms_send_template` (
  `id` int(11) NOT NULL,
  `type` varchar(10) NOT NULL,
  `title` varchar(20) DEFAULT NULL,
  `content` varchar(500) DEFAULT NULL,
  `state` int(11) DEFAULT NULL,
  `optuser` bigint(20) DEFAULT NULL,
  `optdate` datetime DEFAULT NULL,
  PRIMARY KEY (`id`)
) ENGINE=InnoDB DEFAULT CHARSET=utf8 COMMENT='短信发送模板';

#
# Structure for the `spokesman` table : 
#

DROP TABLE IF EXISTS `spokesman`;

CREATE TABLE `spokesman` (
  `id` int(11) NOT NULL AUTO_INCREMENT,
  `name` varchar(20) DEFAULT NULL,
  `mobile` varchar(20) DEFAULT NULL,
  `gender` smallint(6) DEFAULT NULL,
  `comments` varchar(200) DEFAULT NULL,
  `create_time` datetime DEFAULT NULL,
  `creator` int(11) DEFAULT NULL,
  `modify_time` datetime DEFAULT NULL,
  `modifier` int(11) DEFAULT NULL,
  `meeting_id` int(11) DEFAULT NULL COMMENT 'meeting_id 记录与那个会议相关',
  PRIMARY KEY (`id`)
) ENGINE=InnoDB AUTO_INCREMENT=67 DEFAULT CHARSET=utf8 COMMENT='会议发言人';

#
# Structure for the `trigger_task` table : 
#

DROP TABLE IF EXISTS `trigger_task`;

CREATE TABLE `trigger_task` (
  `id` int(11) NOT NULL AUTO_INCREMENT,
  `meeting_id` int(11) DEFAULT NULL,
  `trigger_notify` int(11) DEFAULT NULL,
  `delay_time` int(11) DEFAULT NULL,
  `send_sms` int(11) DEFAULT NULL,
  `display_welcome` int(11) DEFAULT NULL,
  `send_meeting_agenda` int(11) DEFAULT NULL,
  `send_other_Info` int(11) DEFAULT NULL,
  `other_info` varchar(200) DEFAULT NULL,
  `sms_template` varchar(200) DEFAULT NULL,
  `sign_in` int(11) DEFAULT '1',
  PRIMARY KEY (`id`),
  UNIQUE KEY `meeting_id` (`meeting_id`)
) ENGINE=InnoDB AUTO_INCREMENT=11 DEFAULT CHARSET=utf8 COMMENT='RFID卡片标签触发任务';

#
# Structure for the `user` table : 
#

DROP TABLE IF EXISTS `user`;

CREATE TABLE `user` (
  `id` int(11) unsigned NOT NULL AUTO_INCREMENT,
  `mobile` varchar(11) DEFAULT NULL,
  `password` varchar(64) NOT NULL,
  `name` varchar(30) DEFAULT NULL,
  `mailbox` varchar(50) DEFAULT NULL,
  `gender` smallint(6) DEFAULT NULL,
  `birthday` varchar(20) DEFAULT NULL,
  `idtype` varchar(10) DEFAULT NULL,
  `idnum` varchar(18) DEFAULT NULL,
  `country` varchar(10) DEFAULT NULL,
  `city` varchar(10) DEFAULT NULL,
  `address` varchar(200) DEFAULT NULL,
  `create_time` datetime DEFAULT NULL,
  `modify_time` datetime DEFAULT NULL,
  `state` smallint(6) NOT NULL DEFAULT '1',
  `comments` varchar(400) DEFAULT NULL,
  `job` varchar(64) DEFAULT NULL,
  `org_id` int(11) unsigned DEFAULT NULL,
  `imei` varchar(32) DEFAULT NULL,
  PRIMARY KEY (`id`),
  UNIQUE KEY `mobile_index` (`mobile`)
) ENGINE=InnoDB AUTO_INCREMENT=4609 DEFAULT CHARSET=utf8;

#
# Structure for the `user_apply` table : 
#

DROP TABLE IF EXISTS `user_apply`;

CREATE TABLE `user_apply` (
  `id` int(11) NOT NULL AUTO_INCREMENT,
  `meeting_id` int(11) NOT NULL,
  `mobile` char(11) NOT NULL,
  `name` varchar(30) DEFAULT NULL,
  `mailbox` varchar(50) DEFAULT NULL,
  `gender` smallint(6) DEFAULT NULL,
  `job` varchar(64) DEFAULT NULL,
  `city` varchar(10) DEFAULT NULL,
  `create_time` datetime DEFAULT NULL,
  `state` smallint(6) DEFAULT NULL,
  `auditor` int(11) DEFAULT NULL,
  `audit_time` datetime DEFAULT NULL,
  `audit_opinion` varchar(200) DEFAULT NULL,
  PRIMARY KEY (`id`)
) ENGINE=InnoDB DEFAULT CHARSET=utf8;

#
# Structure for the `user_login_log` table : 
#

DROP TABLE IF EXISTS `user_login_log`;

CREATE TABLE `user_login_log` (
  `ID` int(10) unsigned NOT NULL AUTO_INCREMENT,
  `user_id` int(11) DEFAULT NULL,
  `LOGIN_TIME` varchar(20) DEFAULT NULL,
  `LOGIN_IP` varchar(20) DEFAULT NULL,
  `portal_type` smallint(6) DEFAULT NULL,
  PRIMARY KEY (`ID`)
) ENGINE=InnoDB AUTO_INCREMENT=6812 DEFAULT CHARSET=utf8;

#
# Structure for the `user_role` table : 
#

DROP TABLE IF EXISTS `user_role`;

CREATE TABLE `user_role` (
  `user_id` int(11) NOT NULL,
  `role_id` int(11) NOT NULL,
  PRIMARY KEY (`user_id`,`role_id`)
) ENGINE=InnoDB DEFAULT CHARSET=utf8;

#
# Structure for the `vehicle` table : 
#

DROP TABLE IF EXISTS `vehicle`;

CREATE TABLE `vehicle` (
  `id` bigint(11) NOT NULL AUTO_INCREMENT,
  `name` varchar(200) DEFAULT NULL,
  `number` varchar(100) DEFAULT NULL,
  `capacity` int(11) DEFAULT NULL,
  `comments` varchar(500) DEFAULT NULL,
  `meeting_id` bigint(11) DEFAULT NULL,
  `TYPE` varchar(50) DEFAULT NULL,
  PRIMARY KEY (`id`)
) ENGINE=InnoDB AUTO_INCREMENT=28 DEFAULT CHARSET=utf8;

#
# Structure for the `vehicle_driver` table : 
#

DROP TABLE IF EXISTS `vehicle_driver`;

CREATE TABLE `vehicle_driver` (
  `id` bigint(11) NOT NULL AUTO_INCREMENT,
  `name` varchar(200) DEFAULT NULL,
  `mobile` varchar(50) DEFAULT NULL,
  `gender` int(10) DEFAULT NULL,
  `age` int(10) DEFAULT NULL,
  `comments` varchar(500) DEFAULT NULL,
  `meeting_id` bigint(11) DEFAULT NULL,
  PRIMARY KEY (`id`)
) ENGINE=InnoDB AUTO_INCREMENT=25 DEFAULT CHARSET=utf8;

#
# Structure for the `votebase` table : 
#

DROP TABLE IF EXISTS `votebase`;

CREATE TABLE `votebase` (
  `id` int(11) NOT NULL AUTO_INCREMENT,
  `title` mediumtext NOT NULL,
  `create_time` date NOT NULL,
  `type` int(11) NOT NULL,
  `count` int(11) NOT NULL,
  `state` int(11) NOT NULL,
  `meetId` int(11) DEFAULT NULL,
  PRIMARY KEY (`id`),
  UNIQUE KEY `id` (`id`)
) ENGINE=InnoDB AUTO_INCREMENT=10 DEFAULT CHARSET=utf8;

#
# Structure for the `votehistory` table : 
#

DROP TABLE IF EXISTS `votehistory`;

CREATE TABLE `votehistory` (
  `id` int(11) NOT NULL AUTO_INCREMENT,
  `userId` int(11) NOT NULL,
  `voteId` int(11) NOT NULL,
  PRIMARY KEY (`id`)
) ENGINE=InnoDB AUTO_INCREMENT=12 DEFAULT CHARSET=utf8;

#
# Structure for the `voteitem` table : 
#

DROP TABLE IF EXISTS `voteitem`;

CREATE TABLE `voteitem` (
  `id` int(11) NOT NULL AUTO_INCREMENT,
  `content` mediumtext NOT NULL,
  `count` int(11) NOT NULL,
  `create_time` date NOT NULL,
  `voteId` int(11) DEFAULT NULL,
  PRIMARY KEY (`id`),
  UNIQUE KEY `id` (`id`),
  KEY `voteitem_fk` (`voteId`)
) ENGINE=InnoDB AUTO_INCREMENT=27 DEFAULT CHARSET=utf8;

#
# Data for the `admin_role` table  (LIMIT 0,500)
#

INSERT INTO `admin_role` (`id`, `role_name`, `create_time`, `modify_time`, `creator`, `modifier`, `state`, `comments`) VALUES 
  (1,'系统管理员',NULL,NULL,NULL,NULL,1,NULL),
  (3,'会议管理员',NULL,NULL,NULL,NULL,1,NULL),
  (4,'会务人员',NULL,NULL,NULL,NULL,1,NULL);

COMMIT;

#
# Data for the `admin_user` table  (LIMIT 0,500)
#

INSERT INTO `admin_user` (`id`, `mobile`, `password`, `name`, `mailbox`, `gender`, `birthday`, `idtype`, `idnum`, `country`, `city`, `address`, `create_time`, `modify_time`, `state`, `comments`, `job`, `org_id`, `role_id`, `imei`, `tel`, `can_org`) VALUES 
  (1,'18900000000','8a1df2fa132b5c25','系统管理员','',NULL,NULL,NULL,NULL,NULL,NULL,'',NULL,'2011-11-22 21:56:10',1,'','会议管理员',0,1,NULL,NULL,1),
  (79,'admin','c56a12a91240672a2d8f407730e721aa','集团超级管理员','',0,NULL,NULL,NULL,NULL,NULL,'',NULL,'2011-11-29 16:53:53',1,'','会议管理员',0,1,NULL,'',1),
  (117,'anshun','8a1df2fa132b5c25','安顺','',0,NULL,NULL,NULL,NULL,NULL,'',NULL,'2012-03-21 09:59:20',0,'','会议管理员',62,3,NULL,'',1),
  (118,'duwei','8a1df2fa132b5c25','杜帷','',0,NULL,NULL,NULL,NULL,NULL,'',NULL,'2012-03-21 10:25:51',1,'','会议管理员',64,3,NULL,'',1),
  (119,'lijiong','8a1df2fa132b5c25','李炯','',0,NULL,NULL,NULL,NULL,NULL,'',NULL,'2012-03-22 11:34:42',1,'','会议管理员',0,3,NULL,'',1),
  (120,'wdadmin','8a1df2fa132b5c25','Administrator','',0,NULL,NULL,NULL,NULL,NULL,'',NULL,'2012-03-22 11:46:41',0,'','会议管理员',0,3,NULL,'',1),
  (121,'wdadmin001','8a1df2fa132b5c25','网达管理员','',0,NULL,NULL,NULL,NULL,NULL,'',NULL,'2012-03-22 11:48:32',1,'','会议管理员',65,3,NULL,'',0),
  (123,'bradu','8a1df2fa132b5c25','会务测试人员','',0,NULL,NULL,NULL,NULL,NULL,'',NULL,'2012-03-29 17:51:46',1,'','会务人员',0,4,NULL,'',0),
  (124,'testdel','8a1df2fa132b5c25','111111','',0,NULL,NULL,NULL,NULL,NULL,'',NULL,'2012-03-31 17:35:45',-1,'','会务人员',0,1,NULL,'',0);

COMMIT;

#
# Data for the `analytics_log` table  (LIMIT 0,500)
#

INSERT INTO `analytics_log` (`id`, `access_time`, `url`, `user_id`, `user_name`, `meeting_id`, `mobile`, `from_type`, `ip`, `params`, `menu_id`, `menu_name`) VALUES 
  ('00000000361010ce013610723d230001','2012-03-14 17:03:03','/gzhwt/portal/pri/meeting/getMeetingById.action',4451,'15186997171',162,'15186997171',NULL,'218.201.194.69','menu_id = 2923 , menu_name = 首页 , meeting.id = 162 , returnType = portal_viewmeeting , ',2923,NULL),
  ('00000000361010ce01361074fcaa0002','2012-03-14 17:06:04','/gzhwt/portal/pri/meeting/getMeetingById.action',4451,'15186997171',162,'15186997171',NULL,'218.201.194.69','returnType = portal_viewmeeting , menu_id = 2923 , menu_name = 首页 , meeting.id = 162 , ',2923,NULL),
  ('00000000361010ce01361075034f0003','2012-03-14 17:06:05','/gzhwt/portal/pri/meeting/getMeetingById.action',4451,'15186997171',162,'15186997171',NULL,'218.201.194.69','returnType = portal_viewmeeting , menu_id = 2923 , menu_name = 首页 , meeting.id = 162 , ',2923,NULL),
  ('00000000361010ce0136107506430004','2012-03-14 17:06:06','/gzhwt/portal/pri/meeting/getMeetingById.action',4451,'15186997171',162,'15186997171',NULL,'218.201.194.69','returnType = portal_viewmeeting , menu_id = 2923 , menu_name = 首页 , meeting.id = 162 , ',2923,NULL),
  ('00000000361010ce01361075630b0005','2012-03-14 17:06:30','/gzhwt/portal/pri/meeting/getMeetingById.action',4451,'15186997171',162,'15186997171',NULL,'218.201.194.69','returnType = portal_viewmeeting , menu_id = 2923 , menu_name = 首页 , meeting.id = 162 , ',2923,NULL),
  ('00000000361010ce0136107566160006','2012-03-14 17:06:31','/gzhwt/portal/pri/meeting/getMeetingById.action',4451,'15186997171',162,'15186997171',NULL,'218.201.194.69','returnType = portal_viewmeeting , menu_id = 2923 , menu_name = 首页 , meeting.id = 162 , ',2923,NULL),
  ('00000000361010ce0136107a63d50007','2012-03-14 17:11:58','/gzhwt/portal/pri/meeting/getMeetingById.action',4451,'15186997171',162,'15186997171',NULL,'218.201.194.69','returnType = portal_viewmeeting , menu_id = 2923 , menu_name = 首页 , meeting.id = 162 , ',2923,NULL),
  ('00000000361010ce0136107a6a260008','2012-03-14 17:11:59','/gzhwt/portal/pri/meeting/getMeetingById.action',4451,'15186997171',162,'15186997171',NULL,'218.201.194.69','menu_id = 2923 , menu_name = 首页 , meeting.id = 162 , returnType = portal_viewmeeting , ',2923,NULL),
  ('00000000361010ce0136107a6c910009','2012-03-14 17:12:00','/gzhwt/portal/pri/meeting/getMeetingById.action',4451,'15186997171',162,'15186997171',NULL,'218.201.194.69','menu_id = 2923 , menu_name = 首页 , meeting.id = 162 , returnType = portal_viewmeeting , ',2923,NULL),
  ('00000000361010ce0136107a72b0000a','2012-03-14 17:12:01','/gzhwt/portal/pri/meeting/getMeetingById.action',4451,'15186997171',162,'15186997171',NULL,'218.201.194.69','returnType = portal_viewmeeting , menu_id = 2923 , menu_name = 首页 , meeting.id = 162 , ',2923,NULL),
  ('00000000361010ce0136107a79fd000b','2012-03-14 17:12:03','/gzhwt/portal/pri/meeting/getMeetingById.action',4451,'15186997171',162,'15186997171',NULL,'218.201.194.69','returnType = portal_viewmeeting , menu_id = 2923 , menu_name = 首页 , meeting.id = 162 , ',2923,NULL),
  ('00000000361010ce0136107a7f3b000c','2012-03-14 17:12:05','/gzhwt/portal/pri/meeting/getMeetingById.action',4451,'15186997171',162,'15186997171',NULL,'218.201.194.69','returnType = portal_viewmeeting , menu_id = 2923 , menu_name = 首页 , meeting.id = 162 , ',2923,NULL),
  ('00000000361010ce0136107a9462000d','2012-03-14 17:12:10','/gzhwt/portal/pri/meeting/getMeetingById.action',4451,'15186997171',162,'15186997171',NULL,'218.201.194.69','returnType = portal_viewmeeting , menu_id = 2923 , menu_name = 首页 , meeting.id = 162 , ',2923,NULL),
  ('00000000361010ce0136107abf94000e','2012-03-14 17:12:21','/gzhwt/portal/pri/meeting/getMeetingById.action',4451,'15186997171',162,'15186997171',NULL,'218.201.194.69','returnType = portal_viewmeeting , menu_id = 2923 , menu_name = 首页 , meeting.id = 162 , ',2923,NULL),
  ('00000000361010ce0136107bd00b000f','2012-03-14 17:13:31','/gzhwt/portal/pri/meeting/getMeetingById.action',4451,'15186997171',162,'15186997171',NULL,'218.201.194.69','returnType = portal_viewmeeting , menu_id = 2923 , menu_name = 首页 , meeting.id = 162 , ',2923,NULL),
  ('00000000361010ce0136107d0bb00010','2012-03-14 17:14:52','/gzhwt/portal/pri/meeting/getMeetingById.action',4451,'15186997171',162,'15186997171',NULL,'218.201.194.69','returnType = portal_viewmeeting , menu_id = 2923 , menu_name = 首页 , meeting.id = 162 , ',2923,NULL),
  ('00000000361010ce013610813cd60011','2012-03-14 17:19:26','/gzhwt/portal/pri/meeting/getMeetingById.action',4451,'15186997171',162,'15186997171',NULL,'218.201.194.69','returnType = portal_viewmeeting , menu_id = 2923 , menu_name = 首页 , meeting.id = 162 , ',2923,NULL),
  ('00000000361010ce01361081776e0012','2012-03-14 17:19:41','/gzhwt/portal/pri/meeting/getMeetingById.action',4451,'15186997171',162,'15186997171',NULL,'218.201.194.69','returnType = portal_viewmeeting , menu_id = 2923 , menu_name = 首页 , meeting.id = 162 , ',2923,NULL),
  ('00000000361010ce013610817b890013','2012-03-14 17:19:42','/gzhwt/portal/pri/meeting/getMeetingById.action',4451,'15186997171',162,'15186997171',NULL,'218.201.194.69','returnType = portal_viewmeeting , menu_id = 2923 , menu_name = 首页 , meeting.id = 162 , ',2923,NULL),
  ('00000000361010ce013610823b9c0014','2012-03-14 17:20:32','/gzhwt/portal/pri/meeting/getMeetingById.action',4451,'15186997171',162,'15186997171',NULL,'218.201.194.69','returnType = portal_viewmeeting , menu_id = 2923 , menu_name = 首页 , meeting.id = 162 , ',2923,NULL),
  ('00000000361010ce01361083001a0015','2012-03-14 17:21:22','/gzhwt/portal/pri/meeting/getMeetingById.action',4451,'15186997171',162,'15186997171',NULL,'218.201.194.69','returnType = portal_viewmeeting , menu_id = 2923 , menu_name = 首页 , meeting.id = 162 , ',2923,NULL),
  ('00000000361010ce01361085fcb30016','2012-03-14 17:24:38','/gzhwt/portal/pri/meeting/getMeetingById.action',4451,'15186997171',162,'15186997171',NULL,'218.201.194.69','returnType = portal_viewmeeting , menu_id = 2923 , menu_name = 首页 , meeting.id = 162 , ',2923,NULL),
  ('00000000361086860136109a07a50001','2012-03-14 17:46:31','/gzhwt/portal/pri/meeting/getMeetingById.action',4451,'15186997171',162,'15186997171',NULL,'218.201.194.69','returnType = portal_viewmeeting , menu_id = 2923 , menu_name = 首页 , meeting.id = 162 , ',2923,NULL),
  ('000000003629110c01362921340a0001','2012-03-19 12:05:03','/gzhwt/portal/pri/meeting/getMeetingById.action',4455,'刘媛',163,'13608529590',NULL,'218.201.251.72','returnType = portal_viewmeeting , menu_id = 2957 , menu_name = 首页 , meeting.id = 163 , ',2957,NULL),
  ('000000003629110c01362922276e0002','2012-03-19 12:06:05','/gzhwt/portal/pri/agenda/agendaList.action',4455,'刘媛',163,'13608529590',NULL,'218.201.251.72','meetingId = 163 , menu_id = 2958 , menu_name = 会议议程 , ',2958,NULL),
  ('000000003629110c013629222b970003','2012-03-19 12:06:06','/gzhwt/portal/pri/meeting/getMeetingFilesPager.action',4455,'刘媛',163,'13608529590',NULL,'218.201.251.72','meetingId = 163 , menu_id = 2959 , menu_name = 会议资料 , from = portal , ',2959,NULL),
  ('000000003629110c013629222c790004','2012-03-19 12:06:07','/gzhwt/portal/pri/meeting/getMeetingFilesPager.action',4455,'刘媛',163,'13608529590',NULL,'218.201.251.72','meetingId = 163 , menu_id = 2959 , menu_name = 会议资料 , from = portal , ',2959,NULL),
  ('000000003629110c013629222f1d0005','2012-03-19 12:06:07','/gzhwt/portal/pri/interaction/postList.action',4455,'刘媛',163,'13608529590',NULL,'218.201.251.72','menu_id = 2960 , meetingId = 163 , menu_name = 互动交流 , ',2960,NULL),
  ('000000003629110c0136292231b00006','2012-03-19 12:06:08','/gzhwt/portal/pri/meeting/getDinnerInfo.action',4455,'刘媛',163,'13608529590',NULL,'218.201.251.72','meetingId = 163 , menu_id = 2961 , menu_name = 餐饮安排 , ',2961,NULL),
  ('000000003629110c0136292233a10007','2012-03-19 12:06:09','/gzhwt/portal/pri/news/show.action',4455,'刘媛',163,'13608529590',NULL,'218.201.251.72','meetingId = 163 , menu_id = 2971 , menu_name = 新闻中心 , ',2971,NULL),
  ('000000003629110c013629223c880008','2012-03-19 12:06:11','/gzhwt/portal/pri/meeting/getMeetingById.action',4455,'刘媛',163,'13608529590',NULL,'218.201.251.72','returnType = portal_viewmeeting , menu_id = 2957 , menu_name = 首页 , meeting.id = 163 , ',2957,NULL),
  ('00000000362b6f3301362ba547fb0001','2012-03-19 23:48:33','/meeting/portal/pri/meeting/getMeetingById.action',4460,'张国敬',164,'13865960090',NULL,'221.13.21.214','menu_id = 2991 , menu_name = 首页 , meeting.id = 164 , returnType = portal_viewmeeting , ',2991,NULL),
  ('00000000362b6f3301362ba55cbf0002','2012-03-19 23:48:39','/meeting/portal/pri/meeting/getMeetingById.action',4460,'张国敬',164,'13865960090',NULL,'221.13.21.214','returnType = portal_viewmeeting , menu_id = 2991 , menu_name = 首页 , meeting.id = 164 , ',2991,NULL),
  ('00000000362b6f3301362ba566150003','2012-03-19 23:48:41','/meeting/portal/pri/agenda/agendaList.action',4460,'张国敬',164,'13865960090',NULL,'221.13.21.214','meetingId = 164 , menu_id = 2992 , menu_name = 会议议程 , ',2992,NULL),
  ('00000000362b6f3301362ba56afe0004','2012-03-19 23:48:42','/meeting/portal/pri/meeting/getMeetingFilesPager.action',4460,'张国敬',164,'13865960090',NULL,'221.13.21.214','menu_id = 2993 , meetingId = 164 , from = portal , menu_name = 会议资料 , ',2993,NULL),
  ('00000000362b6f3301362ba76d210005','2012-03-19 23:50:54','/meeting/portal/pri/interaction/postList.action',4460,'张国敬',164,'13865960090',NULL,'221.13.21.214','meetingId = 164 , menu_id = 2994 , menu_name = 互动交流 , ',2994,NULL),
  ('00000000362b6f3301362ba784bb0006','2012-03-19 23:51:00','/meeting/portal/pri/meeting/getMeetingFilesPager.action',4460,'张国敬',164,'13865960090',NULL,'221.13.21.214','menu_id = 2993 , meetingId = 164 , from = portal , menu_name = 会议资料 , ',2993,NULL),
  ('00000000362b6f3301362ba7b7d10007','2012-03-19 23:51:13','/meeting/portal/pri/meeting/getMeetingFilesPager.action',4460,'张国敬',164,'13865960090',NULL,'221.13.21.214','meetingId = 164 , menu_id = 2993 , menu_name = 会议资料 , from = portal , ',2993,NULL),
  ('00000000362b6f3301362ba8187c0008','2012-03-19 23:51:38','/meeting/portal/pri/meeting/getMeetingFilesPager.action',4460,'张国敬',164,'13865960090',NULL,'221.13.21.214','meetingId = 164 , menu_id = 2993 , menu_name = 会议资料 , from = portal , ',2993,NULL),
  ('00000000362b6f3301362ba8b3bd0009','2012-03-19 23:52:18','/meeting/portal/pri/news/show.action',4460,'张国敬',164,'13865960090',NULL,'221.13.21.214','meetingId = 164 , menu_id = 3005 , menu_name = 新闻中心 , ',3005,NULL),
  ('00000000362b6f3301362ba8bd74000a','2012-03-19 23:52:20','/meeting/portal/pri/meeting/getMeetingById.action',4460,'张国敬',164,'13865960090',NULL,'221.13.21.214','menu_id = 2997 , menu_name = 会场位置 , meeting.id = 164 , returnType = portal_map , ',2997,NULL),
  ('00000000362c75cf01362c8020b70001','2012-03-20 03:47:36','/meeting/portal/pri/meeting/getMeetingById.action',4458,'郭旭',164,'15256560237',NULL,'221.13.21.214','returnType = portal_viewmeeting , menu_id = 2991 , menu_name = 首页 , meeting.id = 164 , ',2991,NULL),
  ('00000000362c75cf01362c802a730002','2012-03-20 03:47:38','/meeting/portal/pri/meeting/getMeetingFilesPager.action',4458,'郭旭',164,'15256560237',NULL,'221.13.21.214','meetingId = 164 , menu_id = 2993 , menu_name = 会议资料 , from = portal , ',2993,NULL),
  ('00000000362c75cf01362c811ec90003','2012-03-20 03:48:41','/meeting/portal/pri/meeting/getMeetingFilesPager.action',4458,'郭旭',164,'15256560237',NULL,'221.13.21.214','meetingId = 164 , menu_id = 2993 , menu_name = 会议资料 , from = portal , ',2993,NULL),
  ('00000000362c75cf01362c8123d00004','2012-03-20 03:48:42','/meeting/portal/pri/meeting/getMeetingFilesPager.action',4458,'郭旭',164,'15256560237',NULL,'221.13.21.214','meetingId = 164 , menu_id = 2993 , menu_name = 会议资料 , from = portal , ',2993,NULL),
  ('00000000362c75cf01362c8127d60005','2012-03-20 03:48:43','/meeting/portal/pri/meeting/getMeetingFilesPager.action',4458,'郭旭',164,'15256560237',NULL,'221.13.21.214','meetingId = 164 , menu_id = 2993 , menu_name = 会议资料 , from = portal , ',2993,NULL),
  ('00000000362d044401362d9bb21e0001','2012-03-20 08:57:20','/meeting/portal/pri/meeting/getMeetingById.action',4455,'刘媛',163,'13608529590',NULL,'218.201.251.74','returnType = portal_viewmeeting , menu_id = 2957 , menu_name = 首页 , meeting.id = 163 , ',2957,NULL),
  ('00000000362d044401362d9d3f390002','2012-03-20 08:59:01','/meeting/portal/pri/meeting/getMeetingFilesPager.action',4455,'刘媛',163,'13608529590',NULL,'218.201.251.74','meetingId = 163 , menu_id = 2959 , menu_name = 会议资料 , from = portal , ',2959,NULL),
  ('00000000362d044401362d9d95500003','2012-03-20 08:59:23','/meeting/portal/pri/meeting/getMeetingFilesPager.action',4455,'刘媛',163,'13608529590',NULL,'218.201.251.74','meetingId = 163 , menu_id = 2959 , menu_name = 会议资料 , from = portal , ',2959,NULL),
  ('00000000362d044401362da168f40004','2012-03-20 09:03:34','/meeting/portal/pri/meeting/getMeetingById.action',4458,'郭旭',164,'15256560237',NULL,'218.201.251.74','returnType = portal_viewmeeting , menu_id = 2991 , menu_name = 首页 , meeting.id = 164 , ',2991,NULL),
  ('00000000362d044401362da1dad50005','2012-03-20 09:04:03','/meeting/portal/pri/meeting/getMeetingById.action',4458,'郭旭',164,'15256560237',NULL,'218.201.251.74','returnType = portal_viewmeeting , menu_id = 2991 , menu_name = 首页 , meeting.id = 164 , ',2991,NULL),
  ('00000000362d044401362da1ed7a0006','2012-03-20 09:04:08','/meeting/portal/pri/agenda/agendaList.action',4458,'郭旭',164,'15256560237',NULL,'218.201.251.74','meetingId = 164 , menu_id = 2992 , menu_name = 会议议程 , ',2992,NULL),
  ('00000000362d044401362da1f3f60007','2012-03-20 09:04:10','/meeting/portal/pri/meeting/getMeetingFilesPager.action',4458,'郭旭',164,'15256560237',NULL,'218.201.251.74','meetingId = 164 , menu_id = 2993 , menu_name = 会议资料 , from = portal , ',2993,NULL),
  ('00000000362d044401362da204e20008','2012-03-20 09:04:14','/meeting/portal/pri/meeting/getMeetingById.action',4458,'郭旭',164,'15256560237',NULL,'218.201.251.74','returnType = portal_viewmeeting , menu_id = 2991 , menu_name = 首页 , meeting.id = 164 , ',2991,NULL),
  ('00000000362d044401362da20afd0009','2012-03-20 09:04:16','/meeting/portal/pri/meeting/getCustomeMenu.action',4458,'郭旭',164,'15256560237',NULL,'218.201.251.74','content.id = 126 , meetingId = 164 , returnType = portal , menu_id = 3014 , menu_name = asdf , ',3014,NULL),
  ('00000000362d044401362da20f25000a','2012-03-20 09:04:17','/meeting/portal/pri/meeting/getMeetingFilesPager.action',4458,'郭旭',164,'15256560237',NULL,'218.201.251.74','meetingId = 164 , menu_id = 2993 , menu_name = 会议资料 , from = portal , ',2993,NULL),
  ('00000000362d044401362da26eaf000b','2012-03-20 09:04:41','/meeting/portal/pri/meeting/getMeetingFilesPager.action',4458,'郭旭',164,'15256560237',NULL,'218.201.251.74','meetingId = 164 , menu_id = 2993 , menu_name = 会议资料 , from = portal , ',2993,NULL),
  ('00000000362d044401362da7190b000c','2012-03-20 09:09:47','/meeting/portal/pri/meeting/lucky_findLuckyHistory.action',4458,'郭旭',164,'15256560237',NULL,'218.201.251.74','meetingId = 164 , menu_id = 3007 , menu_name = 抽奖信息 , ',3007,NULL),
  ('00000000362d044401362da72144000d','2012-03-20 09:09:49','/meeting/portal/pri/meeting/lucky_findLuckyHistory.action',4458,'郭旭',164,'15256560237',NULL,'218.201.251.74','mobile =  , meetingId = 164 , totalPage = 1 , menu_id = 3007 , currentPage = 1 , ',3007,NULL),
  ('00000000362d044401362da72583000e','2012-03-20 09:09:50','/meeting/portal/pri/meeting/lucky_findLuckyHistory.action',4458,'郭旭',164,'15256560237',NULL,'218.201.251.74','mobile =  , meetingId = 164 , totalPage = 1 , menu_id = 3007 , currentPage = 1 , ',3007,NULL),
  ('00000000362d044401362da72e39000f','2012-03-20 09:09:52','/meeting/portal/pri/meeting/lucky_findLuckyHistory.action',4458,'郭旭',164,'15256560237',NULL,'218.201.251.74','meetingId = 164 , menu_id = 3007 , menu_name = 抽奖信息 , ',3007,NULL),
  ('00000000362d044401362da7346f0010','2012-03-20 09:09:54','/meeting/portal/pri/meeting/lucky_findLuckyHistory.action',4458,'郭旭',164,'15256560237',NULL,'218.201.251.74','mobile =  , meetingId = 164 , totalPage = 1 , menu_id = 3007 , currentPage = 1 , ',3007,NULL),
  ('00000000362d044401362da858aa0011','2012-03-20 09:11:09','/meeting/portal/pri/meeting/lucky_findLuckyHistory.action',4458,'郭旭',164,'15256560237',NULL,'218.201.251.74','mobile =  , meetingId = 164 , totalPage = 1 , menu_id = 3007 , currentPage = 1 , ',3007,NULL),
  ('00000000362d044401362da867770012','2012-03-20 09:11:13','/meeting/portal/pri/meeting/lucky_findLuckyHistory.action',4458,'郭旭',164,'15256560237',NULL,'218.201.251.74','meetingId = 164 , menu_id = 3007 , menu_name = 抽奖信息 , ',3007,NULL),
  ('00000000362d044401362da86e070013','2012-03-20 09:11:14','/meeting/portal/pri/meeting/getMeetingFilesPager.action',4458,'郭旭',164,'15256560237',NULL,'218.201.251.74','meetingId = 164 , menu_id = 2993 , menu_name = 会议资料 , from = portal , ',2993,NULL),
  ('00000000362d044401362da874bf0014','2012-03-20 09:11:16','/meeting/portal/pri/agenda/agendaList.action',4458,'郭旭',164,'15256560237',NULL,'218.201.251.74','meetingId = 164 , menu_id = 2992 , menu_name = 会议议程 , ',2992,NULL),
  ('00000000362d044401362da87f3a0015','2012-03-20 09:11:19','/meeting/portal/pri/meeting/getCustomeMenu.action',4458,'郭旭',164,'15256560237',NULL,'218.201.251.74','content.id = 126 , meetingId = 164 , returnType = portal , menu_id = 3014 , menu_name = asdf , ',3014,NULL),
  ('00000000362d044401362da885990016','2012-03-20 09:11:20','/meeting/portal/pri/interaction/postList.action',4458,'郭旭',164,'15256560237',NULL,'218.201.251.74','meetingId = 164 , menu_id = 2994 , menu_name = 互动交流 , ',2994,NULL),
  ('00000000362d044401362da88d000017','2012-03-20 09:11:22','/meeting/portal/pri/meeting/getDinnerInfo.action',4458,'郭旭',164,'15256560237',NULL,'218.201.251.74','meetingId = 164 , menu_id = 2995 , menu_name = 餐饮安排 , ',2995,NULL),
  ('00000000362d044401362da8930c0018','2012-03-20 09:11:24','/meeting/portal/pri/meeting/getMeetingById.action',4458,'郭旭',164,'15256560237',NULL,'218.201.251.74','returnType = portal_viewmeeting , menu_id = 2991 , menu_name = 首页 , meeting.id = 164 , ',2991,NULL),
  ('00000000362d044401362da91ff50019','2012-03-20 09:12:00','/meeting/portal/pri/agenda/agendaList.action',4458,'郭旭',164,'15256560237',NULL,'218.201.251.74','meetingId = 164 , menu_id = 2992 , menu_name = 会议议程 , ',2992,NULL),
  ('00000000362d044401362da924a5001a','2012-03-20 09:12:01','/meeting/portal/pri/meeting/getMeetingFilesPager.action',4458,'郭旭',164,'15256560237',NULL,'218.201.251.74','meetingId = 164 , menu_id = 2993 , menu_name = 会议资料 , from = portal , ',2993,NULL),
  ('00000000362d044401362da92c13001b','2012-03-20 09:12:03','/meeting/portal/pri/meeting/getCustomeMenu.action',4458,'郭旭',164,'15256560237',NULL,'218.201.251.74','content.id = 126 , meetingId = 164 , returnType = portal , menu_id = 3014 , menu_name = asdf , ',3014,NULL),
  ('00000000362d044401362da93d06001c','2012-03-20 09:12:07','/meeting/portal/pri/meeting/lucky_findLuckyHistory.action',4458,'郭旭',164,'15256560237',NULL,'218.201.251.74','meetingId = 164 , menu_id = 3007 , menu_name = 抽奖信息 , ',3007,NULL),
  ('00000000362d044401362da9449a001d','2012-03-20 09:12:09','/meeting/portal/pri/meeting/lucky_findLuckyHistory.action',4458,'郭旭',164,'15256560237',NULL,'218.201.251.74','mobile =  , meetingId = 164 , totalPage = 1 , menu_id = 3007 , currentPage = 1 , ',3007,NULL),
  ('00000000362d044401362db027ab001e','2012-03-20 09:19:40','/meeting/portal/pri/meeting/getMeetingById.action',4458,'郭旭',164,'15256560237',NULL,'218.201.251.74','returnType = portal_viewmeeting , menu_id = 2991 , menu_name = 首页 , meeting.id = 164 , ',2991,NULL),
  ('00000000362d044401362db0398c001f','2012-03-20 09:19:45','/meeting/portal/pri/meeting/lucky_findLuckyHistory.action',4458,'郭旭',164,'15256560237',NULL,'218.201.251.74','meetingId = 164 , menu_id = 3007 , menu_name = 抽奖信息 , ',3007,NULL),
  ('00000000362dd08f01362e730f850001','2012-03-20 12:52:34','/meeting/portal/pri/meeting/getMeetingById.action',4449,'jin',164,'15375296623',NULL,'10.196.142.166','returnType = portal_viewmeeting , menu_id = 2991 , menu_name = 首页 , meeting.id = 164 , ',2991,NULL),
  ('00000000362dd08f01362e7319a70002','2012-03-20 12:52:36','/meeting/portal/pri/meeting/getMeetingFilesPager.action',4449,'jin',164,'15375296623',NULL,'10.196.142.166','meetingId = 164 , menu_id = 2993 , menu_name = 会议资料 , from = portal , ',2993,NULL),
  ('00000000362dd08f01362e73e6f10003','2012-03-20 12:53:29','/meeting/portal/pri/meeting/getMeetingById.action',4449,'jin',164,'15375296623',NULL,'10.196.142.166','returnType = portal_viewmeeting , menu_id = 2991 , menu_name = 首页 , meeting.id = 164 , ',2991,NULL),
  ('00000000362dd08f01362e73f3600004','2012-03-20 12:53:32','/meeting/portal/pri/meeting/getMeetingFilesPager.action',4449,'jin',164,'15375296623',NULL,'10.196.142.166','meetingId = 164 , menu_id = 2993 , menu_name = 会议资料 , from = portal , ',2993,NULL),
  ('00000000362dd08f01362e76276c0005','2012-03-20 12:55:57','/meeting/portal/pri/meeting/getMeetingFilesPager.action',4449,'jin',164,'15375296623',NULL,'10.196.142.166','meetingId = 164 , menu_id = 2993 , menu_name = 会议资料 , from = portal , ',2993,NULL),
  ('00000000362dd08f01362eaca3220006','2012-03-20 13:55:27','/meeting/portal/pri/hotel/list.action',4449,'jin',164,'15375296623',NULL,'10.196.142.166','meetingId = 164 , menu_id = 3012 , menu_name = 酒店信息 , ',3012,NULL),
  ('00000000362dd08f01362eacf7ec0007','2012-03-20 13:55:49','/meeting/portal/pri/hotel/list.action',4449,'jin',164,'15375296623',NULL,'10.196.142.166','meetingId = 164 , menu_id = 3012 , menu_name = ?????? , ',3012,NULL),
  ('00000000362dd08f01362eb964cd0008','2012-03-20 14:09:23','/meeting/portal/pri/meeting/getMeetingById.action',4458,'郭旭',164,'15256560237',NULL,'218.201.240.216','returnType = portal_viewmeeting , menu_id = 2991 , menu_name = 首页 , meeting.id = 164 , ',2991,NULL),
  ('00000000362dd08f01362eb980660009','2012-03-20 14:09:30','/meeting/portal/pri/agenda/agendaList.action',4458,'郭旭',164,'15256560237',NULL,'218.201.240.216','meetingId = 164 , menu_id = 2992 , menu_name = 会议议程 , ',2992,NULL),
  ('00000000362dd08f01362eb98324000a','2012-03-20 14:09:31','/meeting/portal/pri/meeting/getMeetingFilesPager.action',4458,'郭旭',164,'15256560237',NULL,'218.201.240.216','meetingId = 164 , menu_id = 2993 , menu_name = 会议资料 , from = portal , ',2993,NULL),
  ('00000000362dd08f01362ebe556c000b','2012-03-20 14:14:47','/meeting/portal/pri/hotel/list.action',4449,'jin',164,'15375296623',NULL,'10.196.142.166','meetingId = 164 , menu_id = 3012 , menu_name = ?????? , ',3012,NULL),
  ('00000000362dd08f01362ebe611f000c','2012-03-20 14:14:50','/meeting/portal/pri/meeting/getMeetingFilesPager.action',4449,'jin',164,'15375296623',NULL,'10.196.142.166','meetingId = 164 , menu_id = 2993 , menu_name = 会议资料 , from = portal , ',2993,NULL),
  ('00000000362dd08f01362ebe8231000d','2012-03-20 14:14:58','/meeting/portal/pri/meeting/getMeetingById.action',4449,'jin',164,'15375296623',NULL,'10.196.142.166','returnType = portal_viewmeeting , menu_id = 2991 , menu_name = 首页 , meeting.id = 164 , ',2991,NULL),
  ('00000000362dd08f01362ebe8ed4000e','2012-03-20 14:15:02','/meeting/portal/pri/meeting/getMeetingFilesPager.action',4449,'jin',164,'15375296623',NULL,'10.196.142.166','meetingId = 164 , menu_id = 2993 , menu_name = 会议资料 , from = portal , ',2993,NULL),
  ('00000000362dd08f01362ebf3d4d000f','2012-03-20 14:15:46','/meeting/portal/pri/meeting/getMeetingById.action',4449,'jin',164,'15375296623',NULL,'10.196.142.166','returnType = portal_viewmeeting , menu_id = 2991 , menu_name = 首页 , meeting.id = 164 , ',2991,NULL),
  ('00000000362dd08f01362ebf4a200010','2012-03-20 14:15:50','/meeting/portal/pri/meeting/getMeetingFilesPager.action',4449,'jin',164,'15375296623',NULL,'10.196.142.166','meetingId = 164 , menu_id = 2993 , menu_name = 会议资料 , from = portal , ',2993,NULL),
  ('00000000362dd08f01362ebf77b70011','2012-03-20 14:16:01','/meeting/portal/pri/interaction/postList.action',4458,'郭旭',164,'15256560237',NULL,'218.201.240.216','meetingId = 164 , menu_id = 2994 , menu_name = 互动交流 , ',2994,NULL),
  ('00000000362dd08f01362ebf93070012','2012-03-20 14:16:08','/meeting/portal/pri/interaction/postCreate.action',4458,'郭旭',164,'15256560237',NULL,'218.201.240.216','content = test , menu_id = 2994 , doUploadVideo = false , meetingId = 164 , menu_name = 互动交流 , doUploadImage = false , type = portal , ',2994,NULL),
  ('00000000362dd08f01362edb5ab50013','2012-03-20 14:46:29','/meeting/portal/pri/meeting/getMeetingById.action',4458,'郭旭',164,'15256560237',NULL,'218.201.240.216','returnType = portal_viewmeeting , menu_id = 2991 , menu_name = 首页 , meeting.id = 164 , ',2991,NULL),
  ('00000000362dd08f01362edbe7130014','2012-03-20 14:47:05','/meeting/portal/pri/agenda/agendaList.action',4458,'郭旭',164,'15256560237',NULL,'218.201.240.216','meetingId = 164 , menu_id = 2992 , menu_name = 会议议程 , ',2992,NULL),
  ('00000000362dd08f01362edbed0a0015','2012-03-20 14:47:06','/meeting/portal/pri/meeting/getMeetingById.action',4458,'郭旭',164,'15256560237',NULL,'218.201.240.216','returnType = portal_viewmeeting , menu_id = 2991 , menu_name = 首页 , meeting.id = 164 , ',2991,NULL),
  ('00000000362dd08f01362edc06170016','2012-03-20 14:47:13','/meeting/portal/pri/agenda/agendaList.action',4458,'郭旭',164,'15256560237',NULL,'218.201.240.216','meetingId = 164 , menu_id = 2992 , menu_name = 会议议程 , ',2992,NULL),
  ('00000000362dd08f01362edc19d10017','2012-03-20 14:47:18','/meeting/portal/pri/meeting/getMeetingFilesPager.action',4458,'郭旭',164,'15256560237',NULL,'218.201.240.216','meetingId = 164 , menu_id = 2993 , menu_name = 会议资料 , from = portal , ',2993,NULL),
  ('00000000362dd08f01362ee05e810018','2012-03-20 14:51:57','/meeting/portal/pri/meeting/getDinnerInfo.action',4458,'郭旭',164,'15256560237',NULL,'218.201.240.216','meetingId = 164 , menu_id = 2995 , menu_name = 餐饮安排 , ',2995,NULL),
  ('00000000362dd08f01362ee068ba0019','2012-03-20 14:52:00','/meeting/portal/pri/meeting/getMeetingById.action',4458,'郭旭',164,'15256560237',NULL,'218.201.240.216','returnType = portal_viewmeeting , menu_id = 2991 , menu_name = 首页 , meeting.id = 164 , ',2991,NULL),
  ('00000000362dd08f01362ee07c64001a','2012-03-20 14:52:05','/meeting/portal/pri/meeting/getMeetingById.action',4458,'郭旭',164,'15256560237',NULL,'218.201.240.216','returnType = portal_map , menu_id = 2997 , menu_name = 会场位置 , meeting.id = 164 , ',2997,NULL),
  ('00000000362dd08f01362ee670af001b','2012-03-20 14:58:35','/meeting/portal/pri/meeting/getMeetingById.action',4458,'郭旭',165,'15256560237',NULL,'218.201.240.216','returnType = portal_viewmeeting , menu_id = 3028 , menu_name = 首页 , meeting.id = 165 , ',3028,NULL),
  ('00000000362dd08f01362eed3b12001c','2012-03-20 15:06:00','/meeting/portal/pri/meeting/getMeetingById.action',4458,'郭旭',164,'15256560237',NULL,'218.201.240.216','returnType = portal_viewmeeting , menu_id = 2991 , menu_name = 首页 , meeting.id = 164 , ',2991,NULL),
  ('00000000362dd08f01362eed7ceb001d','2012-03-20 15:06:17','/meeting/portal/pri/meeting/getMeetingUsers.action',4458,'郭旭',164,'15256560237',NULL,'218.201.240.216','menu_id = 2998 , menu_name = 通讯录 , meeting.id = 164 , ',2998,NULL),
  ('00000000362dd08f01362eedad51001e','2012-03-20 15:06:30','/meeting/portal/pri/agenda/agendaList.action',4458,'郭旭',164,'15256560237',NULL,'218.201.240.216','meetingId = 164 , menu_id = 2992 , menu_name = 会议议程 , ',2992,NULL),
  ('00000000362dd08f01362eeddef5001f','2012-03-20 15:06:42','/meeting/portal/pri/meeting/getMeetingFilesPager.action',4458,'郭旭',164,'15256560237',NULL,'218.201.240.216','meetingId = 164 , menu_id = 2993 , menu_name = 会议资料 , from = portal , ',2993,NULL),
  ('00000000362dd08f01362eef24140020','2012-03-20 15:08:06','/meeting/portal/pri/meeting/getMeetingById.action',4458,'郭旭',164,'15256560237',NULL,'218.201.240.216','returnType = portal_map , menu_id = 2997 , menu_name = 会场位置 , meeting.id = 164 , ',2997,NULL),
  ('00000000362dd08f01362eef7e000021','2012-03-20 15:08:29','/meeting/portal/pri/interaction/postList.action',4458,'郭旭',164,'15256560237',NULL,'218.201.240.216','meetingId = 164 , menu_id = 2994 , menu_name = 互动交流 , ',2994,NULL),
  ('00000000362dd08f01362ef0e81d0022','2012-03-20 15:10:01','/meeting/portal/pri/meeting/getMeetingById.action',4458,'郭旭',164,'15256560237',NULL,'218.201.240.216','returnType = portal_viewmeeting , menu_id = 2991 , menu_name = 首页 , meeting.id = 164 , ',2991,NULL),
  ('00000000362dd08f01362ef0edb80023','2012-03-20 15:10:03','/meeting/portal/pri/meeting/getCustomeMenu.action',4458,'郭旭',164,'15256560237',NULL,'218.201.240.216','content.id = 127 , meetingId = 164 , returnType = portal , menu_id = 3016 , menu_name = 天气情况 , ',3016,NULL),
  ('00000000362dd08f01362ef1375f0024','2012-03-20 15:10:22','/meeting/portal/pri/meeting/getMeetingById.action',4458,'郭旭',164,'15256560237',NULL,'218.201.240.216','returnType = portal_viewmeeting , menu_id = 2991 , menu_name = 首页 , meeting.id = 164 , ',2991,NULL),
  ('00000000362dd08f01362ef13fa20025','2012-03-20 15:10:24','/meeting/portal/pri/meeting/getCustomeMenu.action',4458,'郭旭',164,'15256560237',NULL,'218.201.240.216','content.id = 127 , meetingId = 164 , returnType = portal , menu_id = 3016 , menu_name = 天气情况 , ',3016,NULL),
  ('00000000362dd08f01362ef151b60026','2012-03-20 15:10:28','/meeting/portal/pri/meeting/getMeetingById.action',4458,'郭旭',164,'15256560237',NULL,'218.201.240.216','returnType = portal_viewmeeting , menu_id = 2991 , menu_name = 首页 , meeting.id = 164 , ',2991,NULL),
  ('00000000362dd08f01362ef1af550027','2012-03-20 15:10:52','/meeting/portal/pri/meeting/getCustomeMenu.action',4458,'郭旭',164,'15256560237',NULL,'218.201.240.216','content.id = 127 , meetingId = 164 , returnType = portal , menu_id = 3016 , menu_name = 天气情况 , ',3016,NULL),
  ('00000000362dd08f01362ef1b3540028','2012-03-20 15:10:53','/meeting/portal/pri/agenda/agendaList.action',4458,'郭旭',164,'15256560237',NULL,'218.201.240.216','meetingId = 164 , menu_id = 2992 , menu_name = 会议议程 , ',2992,NULL),
  ('00000000362dd08f01362ef1b9d10029','2012-03-20 15:10:55','/meeting/portal/pri/meeting/getMeetingFilesPager.action',4458,'郭旭',164,'15256560237',NULL,'218.201.240.216','meetingId = 164 , menu_id = 2993 , menu_name = 会议资料 , from = portal , ',2993,NULL),
  ('00000000362dd08f01362ef23289002a','2012-03-20 15:11:26','/meeting/portal/pri/interaction/postList.action',4458,'郭旭',164,'15256560237',NULL,'218.201.240.216','meetingId = 164 , menu_id = 2994 , menu_name = 互动交流 , ',2994,NULL),
  ('00000000362dd08f01362ef262fa002b','2012-03-20 15:11:38','/meeting/portal/pri/interaction/postCreate.action',4458,'郭旭',164,'15256560237',NULL,'218.201.240.216','content = 话题：和谐社会 , menu_id = 2994 , doUploadVideo = false , meetingId = 164 , menu_name = 互动交流 , doUploadImage = false , type = portal , ',2994,NULL),
  ('00000000362dd08f01362ef27a2d002c','2012-03-20 15:11:44','/meeting/portal/pri/interaction/commentList.action',4458,'郭旭',164,'15256560237',NULL,'218.201.240.216','postId = 674 , meetingId = 164 , menu_id = 2994 , ',2994,NULL),
  ('00000000362dd08f01362ef29acd002d','2012-03-20 15:11:53','/meeting/portal/pri/interaction/commentList.action',4458,'郭旭',164,'15256560237',NULL,'218.201.240.216','postId = 674 , meetingId = 164 , menu_id = 2994 , ',2994,NULL),
  ('00000000362dd08f01362ef2c0ff002e','2012-03-20 15:12:02','/meeting/portal/pri/meeting/getDinnerInfo.action',4458,'郭旭',164,'15256560237',NULL,'218.201.240.216','meetingId = 164 , menu_id = 2995 , menu_name = 餐饮安排 , ',2995,NULL),
  ('00000000362dd08f01362ef35afb002f','2012-03-20 15:12:42','/meeting/portal/pri/meeting/getDinnerInfo.action',4458,'郭旭',164,'15256560237',NULL,'218.201.240.216','meetingId = 164 , menu_id = 2995 , menu_name = 餐饮安排 , ',2995,NULL),
  ('00000000362dd08f01362ef389e10030','2012-03-20 15:12:54','/meeting/portal/pri/message/list.action',4458,'郭旭',164,'15256560237',NULL,'218.201.240.216','meetingId = 164 , menu_id = 2999 , menu_name = 站内私信 , ',2999,NULL),
  ('00000000362dd08f01362ef3c15e0031','2012-03-20 15:13:08','/meeting/portal/pri/message/selectUser.action',4458,'郭旭',164,'15256560237',NULL,'218.201.240.216','meetingId = 164 , menu_id = 2999 , ',2999,NULL),
  ('00000000362dd08f01362ef3dec20032','2012-03-20 15:13:15','/meeting/portal/pri/message/list.action',4458,'郭旭',164,'15256560237',NULL,'218.201.240.216','select = new , selectuser = 4460,4458 , meetingId = 164 , menu_id = 2999 , ',2999,NULL),
  ('00000000362dd08f01362ef3e9e30033','2012-03-20 15:13:18','/meeting/portal/pri/message/list.action',4458,'郭旭',164,'15256560237',NULL,'218.201.240.216','select = outbox , meetingId = 164 , menu_id = 2999 , ',2999,NULL),
  ('00000000362dd08f01362ef53e300034','2012-03-20 15:14:45','/meeting/portal/pri/news/show.action',4458,'郭旭',164,'15256560237',NULL,'218.201.240.216','meetingId = 164 , menu_id = 3005 , menu_name = 新闻中心 , ',3005,NULL),
  ('00000000362dd08f01362ef54dd30035','2012-03-20 15:14:49','/meeting/portal/pri/news/detail.action',4458,'郭旭',164,'15256560237',NULL,'218.201.240.216','meetingId = 164 , menu_id = 3005 , menu_name = 新闻中心 , id = 21 , ',3005,NULL),
  ('00000000362dd08f01362efb93060036','2012-03-20 15:21:40','/meeting/portal/pri/meeting/getMeetingById.action',4458,'郭旭',164,'15256560237',NULL,'218.201.240.216','returnType = portal_viewmeeting , menu_id = 2991 , menu_name = 首页 , meeting.id = 164 , ',2991,NULL),
  ('00000000362dd08f01362f0bd5790037','2012-03-20 15:39:26','/meeting/portal/pri/meeting/getCustomeMenu.action',4458,'郭旭',164,'15256560237',NULL,'218.201.240.216','content.id = 127 , meetingId = 164 , returnType = portal , menu_id = 3016 , menu_name = 天气情况 , ',3016,NULL),
  ('00000000362dd08f01362f0bdaa00038','2012-03-20 15:39:27','/meeting/portal/pri/meeting/getMeetingById.action',4458,'郭旭',164,'15256560237',NULL,'218.201.240.216','returnType = portal_viewmeeting , menu_id = 2991 , menu_name = 首页 , meeting.id = 164 , ',2991,NULL),
  ('00000000362dd08f01362f0bdff90039','2012-03-20 15:39:29','/meeting/portal/pri/meeting/getMeetingFilesPager.action',4458,'郭旭',164,'15256560237',NULL,'218.201.240.216','meetingId = 164 , menu_id = 2993 , menu_name = 会议资料 , from = portal , ',2993,NULL),
  ('00000000362dd08f01362f0ee72b003a','2012-03-20 15:42:47','/meeting/portal/pri/meeting/getMeetingById.action',4458,'郭旭',165,'15256560237',NULL,'218.201.240.216','returnType = portal_viewmeeting , menu_id = 3028 , menu_name = 首页 , meeting.id = 165 , ',3028,NULL),
  ('00000000362dd08f01362f0eec05003b','2012-03-20 15:42:48','/meeting/portal/pri/meeting/getDinnerInfo.action',4458,'郭旭',165,'15256560237',NULL,'218.201.240.216','meetingId = 165 , menu_id = 3032 , menu_name = 餐饮安排 , ',3032,NULL),
  ('00000000362dd08f01362f0eef2f003c','2012-03-20 15:42:49','/meeting/portal/pri/interaction/postList.action',4458,'郭旭',165,'15256560237',NULL,'218.201.240.216','meetingId = 165 , menu_id = 3031 , menu_name = 互动交流 , ',3031,NULL),
  ('00000000362dd08f01362f0ef19d003d','2012-03-20 15:42:50','/meeting/portal/pri/meeting/getMeetingFilesPager.action',4458,'郭旭',165,'15256560237',NULL,'218.201.240.216','meetingId = 165 , menu_id = 3030 , menu_name = 会议资料 , from = portal , ',3030,NULL),
  ('00000000362dd08f01362f0ef384003e','2012-03-20 15:42:50','/meeting/portal/pri/agenda/agendaList.action',4458,'郭旭',165,'15256560237',NULL,'218.201.240.216','meetingId = 165 , menu_id = 3029 , menu_name = 会议议程 , ',3029,NULL),
  ('00000000362dd08f01362f0ef80b003f','2012-03-20 15:42:51','/meeting/portal/pri/meeting/getMeetingById.action',4458,'郭旭',165,'15256560237',NULL,'218.201.240.216','returnType = portal_viewmeeting , menu_id = 3028 , menu_name = 首页 , meeting.id = 165 , ',3028,NULL),
  ('00000000362dd08f01362f0f044b0040','2012-03-20 15:42:55','/meeting/portal/pri/message/list.action',4458,'郭旭',165,'15256560237',NULL,'218.201.240.216','meetingId = 165 , menu_id = 3036 , menu_name = 站内私信 , ',3036,NULL),
  ('00000000362dd08f01362f0f0c7a0041','2012-03-20 15:42:57','/meeting/portal/pri/meeting/signCode.action',4458,'郭旭',165,'15256560237',NULL,'218.201.240.216','meetingId = 165 , menu_id = 3037 , menu_name = 签到码 , ',3037,NULL),
  ('00000000362dd08f01362f0f14fa0042','2012-03-20 15:42:59','/meeting/portal/pri/reception/specialty_show.action',4458,'郭旭',165,'15256560237',NULL,'218.201.240.216','meetingId = 165 , menu_id = 3040 , menu_name = 本地土特产 , ',3040,NULL),
  ('00000000362dd08f01362f0f32490043','2012-03-20 15:43:06','/meeting/portal/pri/hotel/list.action',4458,'郭旭',165,'15256560237',NULL,'218.201.240.216','meetingId = 165 , menu_id = 3049 , menu_name = 酒店信息 , ',3049,NULL),
  ('00000000362dd08f01362f1f75e50044','2012-03-20 16:00:52','/meeting/portal/pri/meeting/getMeetingById.action',4449,'jin',164,'15375296623',NULL,'10.196.142.166','returnType = portal_viewmeeting , menu_id = 2991 , menu_name = 首页 , meeting.id = 164 , ',2991,NULL),
  ('00000000362dd08f01362f1f7c3b0045','2012-03-20 16:00:54','/meeting/portal/pri/meeting/getMeetingFilesPager.action',4449,'jin',164,'15375296623',NULL,'10.196.142.166','meetingId = 164 , menu_id = 2993 , menu_name = 会议资料 , from = portal , ',2993,NULL),
  ('00000000362dd08f01362f1fa8790046','2012-03-20 16:01:05','/meeting/portal/pri/meeting/getMeetingFilesPager.action',4449,'jin',164,'15375296623',NULL,'10.196.142.166','meetingId = 164 , menu_id = 2993 , menu_name = 会议资料 , from = portal , ',2993,NULL),
  ('00000000362dd08f01362f208a5e0047','2012-03-20 16:02:03','/meeting/portal/pri/meeting/getMeetingFilesPager.action',4449,'jin',164,'15375296623',NULL,'10.196.142.166','meetingId = 164 , menu_id = 2993 , menu_name = 会议资料 , from = portal , ',2993,NULL),
  ('00000000362dd08f01362f2113f80048','2012-03-20 16:02:38','/meeting/portal/pri/meeting/getMeetingFilesPager.action',4449,'jin',164,'15375296623',NULL,'10.196.142.166','meetingId = 164 , menu_id = 2993 , menu_name = 会议资料 , from = portal , ',2993,NULL),
  ('00000000362dd08f01362f21dc000049','2012-03-20 16:03:29','/meeting/portal/pri/meeting/getMeetingFilesPager.action',4449,'jin',164,'15375296623',NULL,'10.196.142.166','meetingId = 164 , menu_id = 2993 , menu_name = 会议资料 , from = portal , ',2993,NULL),
  ('00000000362dd08f01362f232957004a','2012-03-20 16:04:55','/meeting/portal/pri/meeting/getMeetingById.action',4458,'郭旭',164,'15256560237',NULL,'218.201.240.216','returnType = portal_viewmeeting , menu_id = 2991 , menu_name = 首页 , meeting.id = 164 , ',2991,NULL),
  ('00000000362dd08f01362f2334b1004b','2012-03-20 16:04:58','/meeting/portal/pri/meeting/getMeetingFilesPager.action',4458,'郭旭',164,'15256560237',NULL,'218.201.240.216','meetingId = 164 , menu_id = 2993 , menu_name = 会议资料 , from = portal , ',2993,NULL),
  ('00000000362dd08f01362f23544f004c','2012-03-20 16:05:06','/meeting/portal/pri/meeting/getMeetingFilesPager.action',4449,'jin',164,'15375296623',NULL,'10.196.142.166','meetingId = 164 , menu_id = 2993 , menu_name = 会议资料 , from = portal , ',2993,NULL),
  ('00000000362dd08f01362f3a703e004d','2012-03-20 16:30:20','/meeting/portal/pri/meeting/getMeetingFilesPager.action',4449,'jin',164,'15375296623',NULL,'10.196.142.166','meetingId = 164 , menu_id = 2993 , menu_name = 会议资料 , from = portal , ',2993,NULL),
  ('00000000362dd08f01362f8780e2004e','2012-03-20 17:54:31','/meeting/portal/pri/meeting/getMeetingById.action',4449,'jin',164,'15375296623',NULL,'10.196.142.166','returnType = portal_viewmeeting , menu_id = 2991 , menu_name = 首页 , meeting.id = 164 , ',2991,NULL),
  ('00000000362dd08f01362f879462004f','2012-03-20 17:54:36','/meeting/portal/pri/meeting/getMeetingFilesPager.action',4449,'jin',164,'15375296623',NULL,'10.196.142.166','meetingId = 164 , menu_id = 2993 , menu_name = 会议资料 , from = portal , ',2993,NULL),
  ('00000000362dd08f01362f87c3d50050','2012-03-20 17:54:48','/meeting/portal/pri/meeting/getCustomeMenu.action',4449,'jin',164,'15375296623',NULL,'10.196.142.166','content.id = 127 , meetingId = 164 , returnType = portal , menu_id = 3016 , menu_name = 天气情况 , ',3016,NULL),
  ('00000000362dd08f01362f87d1ff0051','2012-03-20 17:54:52','/meeting/portal/pri/agenda/agendaList.action',4449,'jin',164,'15375296623',NULL,'10.196.142.166','meetingId = 164 , menu_id = 2992 , menu_name = 会议议程 , ',2992,NULL),
  ('00000000362dd08f01362f87e3ab0052','2012-03-20 17:54:56','/meeting/portal/pri/meeting/getMeetingFilesPager.action',4449,'jin',164,'15375296623',NULL,'10.196.142.166','meetingId = 164 , menu_id = 2993 , menu_name = 会议资料 , from = portal , ',2993,NULL),
  ('00000000362dd08f01362f87efef0053','2012-03-20 17:54:59','/meeting/portal/pri/interaction/postList.action',4449,'jin',164,'15375296623',NULL,'10.196.142.166','meetingId = 164 , menu_id = 2994 , menu_name = 互动交流 , ',2994,NULL),
  ('00000000362dd08f013632d4c6720054','2012-03-21 09:17:46','/meeting/portal/pri/meeting/getMeetingById.action',4455,'刘媛',163,'13608529590',NULL,'218.201.251.72','returnType = portal_viewmeeting , menu_id = 2957 , menu_name = 首页 , meeting.id = 163 , ',2957,NULL),
  ('00000000362dd08f013632d50b7b0055','2012-03-21 09:18:04','/meeting/portal/pri/meeting/getMeetingById.action',4455,'刘媛',163,'13608529590',NULL,'218.201.251.72','returnType = portal_map , menu_id = 2963 , menu_name = 会场位置 , meeting.id = 163 , ',2963,NULL),
  ('00000000362dd08f013632d5a3430056','2012-03-21 09:18:43','/meeting/portal/pri/meeting/getMeetingById.action',4455,'刘媛',163,'13608529590',NULL,'218.201.251.72','returnType = portal_viewmeeting , menu_id = 2957 , menu_name = 首页 , meeting.id = 163 , ',2957,NULL),
  ('00000000362dd08f013632fa25a80057','2012-03-21 09:58:36','/meeting/portal/pri/meeting/getMeetingById.action',4458,'郭旭',165,'15256560237',NULL,'218.201.251.79','returnType = portal_viewmeeting , menu_id = 3028 , menu_name = 首页 , meeting.id = 165 , ',3028,NULL),
  ('00000000362dd08f013632fa37640058','2012-03-21 09:58:40','/meeting/portal/pri/agenda/agendaList.action',4458,'郭旭',165,'15256560237',NULL,'218.201.251.79','meetingId = 165 , menu_id = 3029 , menu_name = 会议议程 , ',3029,NULL),
  ('00000000362dd08f013632fc95f80059','2012-03-21 10:01:16','/meeting/portal/pri/agenda/agendaList.action',4458,'郭旭',165,'15256560237',NULL,'218.201.251.79','meetingId = 165 , menu_id = 3029 , menu_name = 会议议程 , ',3029,NULL),
  ('00000000362dd08f013632fc981e005a','2012-03-21 10:01:16','/meeting/portal/pri/meeting/getMeetingFilesPager.action',4458,'郭旭',165,'15256560237',NULL,'218.201.251.79','meetingId = 165 , menu_id = 3030 , menu_name = 会议资料 , from = portal , ',3030,NULL),
  ('00000000362dd08f013632fc9e3e005b','2012-03-21 10:01:18','/meeting/portal/pri/interaction/postList.action',4458,'郭旭',165,'15256560237',NULL,'218.201.251.79','meetingId = 165 , menu_id = 3031 , menu_name = 互动交流 , ',3031,NULL),
  ('00000000362dd08f013632fca328005c','2012-03-21 10:01:19','/meeting/portal/pri/meeting/getDinnerInfo.action',4458,'郭旭',165,'15256560237',NULL,'218.201.251.79','meetingId = 165 , menu_id = 3032 , menu_name = 餐饮安排 , ',3032,NULL),
  ('00000000362dd08f013632fca727005d','2012-03-21 10:01:20','/meeting/portal/pri/news/show.action',4458,'郭旭',165,'15256560237',NULL,'218.201.251.79','meetingId = 165 , menu_id = 3042 , menu_name = 新闻中心 , ',3042,NULL),
  ('00000000362dd08f013632fcad61005e','2012-03-21 10:01:22','/meeting/portal/pri/meeting/getMeetingById.action',4458,'郭旭',165,'15256560237',NULL,'218.201.251.79','returnType = portal_map , menu_id = 3034 , menu_name = 会场位置 , meeting.id = 165 , ',3034,NULL),
  ('00000000362dd08f01363309587c005f','2012-03-21 10:15:12','/meeting/portal/pri/meeting/getMeetingById.action',4458,'郭旭',164,'15256560237',NULL,'218.201.251.79','returnType = portal_viewmeeting , menu_id = 2991 , menu_name = 首页 , meeting.id = 164 , ',2991,NULL),
  ('00000000362dd08f0136330a6f210060','2012-03-21 10:16:23','/meeting/portal/pri/interaction/postList.action',4458,'郭旭',164,'15256560237',NULL,'218.201.251.79','meetingId = 164 , menu_id = 2994 , menu_name = 互动交流 , ',2994,NULL),
  ('00000000362dd08f0136330d32490061','2012-03-21 10:19:24','/meeting/portal/pri/meeting/getMeetingById.action',4458,'郭旭',165,'15256560237',NULL,'218.201.251.79','returnType = portal_viewmeeting , menu_id = 3028 , menu_name = 首页 , meeting.id = 165 , ',3028,NULL),
  ('00000000362dd08f0136330d3a360062','2012-03-21 10:19:26','/meeting/portal/pri/meeting/getCustomeMenu.action',4458,'郭旭',164,'15256560237',NULL,'218.201.251.79','content.id = 127 , meetingId = 164 , returnType = portal , menu_id = 3016 , menu_name = 天气情况 , ',3016,NULL),
  ('00000000362dd08f0136331174840063','2012-03-21 10:24:03','/meeting/portal/pri/meeting/getMeetingById.action',4458,'郭旭',164,'15256560237',NULL,'218.201.251.79','returnType = portal_viewmeeting , menu_id = 2991 , menu_name = 首页 , meeting.id = 164 , ',2991,NULL),
  ('00000000362dd08f013633117f570064','2012-03-21 10:24:06','/meeting/portal/pri/meeting/getCustomeMenu.action',4458,'郭旭',164,'15256560237',NULL,'218.201.251.79','content.id = 127 , meetingId = 164 , returnType = portal , menu_id = 3016 , menu_name = 天气情况 , ',3016,NULL),
  ('00000000362dd08f0136331183460065','2012-03-21 10:24:07','/meeting/portal/pri/agenda/agendaList.action',4458,'郭旭',164,'15256560237',NULL,'218.201.251.79','meetingId = 164 , menu_id = 2992 , menu_name = 会议议程 , ',2992,NULL),
  ('00000000362dd08f01363311867c0066','2012-03-21 10:24:08','/meeting/portal/pri/meeting/getMeetingFilesPager.action',4458,'郭旭',164,'15256560237',NULL,'218.201.251.79','meetingId = 164 , menu_id = 2993 , menu_name = 会议资料 , from = portal , ',2993,NULL),
  ('00000000362dd08f01363311b8c30067','2012-03-21 10:24:21','/meeting/portal/pri/meeting/getMeetingById.action',4458,'郭旭',164,'15256560237',NULL,'218.201.251.79','returnType = portal_viewmeeting , menu_id = 2991 , menu_name = 首页 , meeting.id = 164 , ',2991,NULL),
  ('00000000362dd08f0136331b5b2a0068','2012-03-21 10:34:52','/meeting/portal/pri/meeting/getMeetingById.action',4458,'郭旭',166,'15256560237',NULL,'218.201.251.79','returnType = portal_viewmeeting , menu_id = 3062 , menu_name = 首页 , meeting.id = 166 , ',3062,NULL),
  ('00000000362dd08f0136331cb0bf0069','2012-03-21 10:36:20','/meeting/portal/pri/meeting/getMeetingById.action',4458,'郭旭',166,'15256560237',NULL,'218.201.251.79','returnType = portal_viewmeeting , menu_id = 3062 , menu_name = 首页 , meeting.id = 166 , ',3062,NULL),
  ('00000000362dd08f0136331da9ca006a','2012-03-21 10:37:23','/meeting/portal/pri/meeting/getMeetingById.action',4461,'周',164,'13956099163',NULL,'10.196.142.166','returnType = portal_viewmeeting , menu_id = 2991 , menu_name = 首页 , meeting.id = 164 , ',2991,NULL),
  ('00000000362dd08f0136331e0bde006b','2012-03-21 10:37:48','/meeting/portal/pri/meeting/getCustomeMenu.action',4461,'周',164,'13956099163',NULL,'10.196.142.166','content.id = 127 , meetingId = 164 , returnType = portal , menu_id = 3016 , menu_name = 天气情况 , ',3016,NULL),
  ('00000000362dd08f0136331e147b006c','2012-03-21 10:37:51','/meeting/portal/pri/agenda/agendaList.action',4461,'周',164,'13956099163',NULL,'10.196.142.166','meetingId = 164 , menu_id = 2992 , menu_name = 会议议程 , ',2992,NULL),
  ('00000000362dd08f0136331e1d43006d','2012-03-21 10:37:53','/meeting/portal/pri/meeting/getMeetingFilesPager.action',4461,'周',164,'13956099163',NULL,'10.196.142.166','meetingId = 164 , menu_id = 2993 , menu_name = 会议资料 , from = portal , ',2993,NULL),
  ('00000000362dd08f0136331e7222006e','2012-03-21 10:38:15','/meeting/portal/pri/agenda/agendaList.action',4458,'郭旭',166,'15256560237',NULL,'218.201.251.79','meetingId = 166 , menu_id = 3063 , menu_name = 会议议程 , ',3063,NULL),
  ('00000000362dd08f0136331e7897006f','2012-03-21 10:38:16','/meeting/portal/pri/meeting/getMeetingUsers.action',4458,'郭旭',166,'15256560237',NULL,'218.201.251.79','menu_id = 3069 , menu_name = 通讯录 , meeting.id = 166 , ',3069,NULL),
  ('00000000362dd08f0136331e80b40070','2012-03-21 10:38:18','/meeting/portal/pri/agenda/agendaList.action',4458,'郭旭',166,'15256560237',NULL,'218.201.251.79','meetingId = 166 , menu_id = 3063 , menu_name = 会议议程 , ',3063,NULL),
  ('00000000362dd08f0136331e88360071','2012-03-21 10:38:20','/meeting/portal/pri/interaction/postList.action',4461,'周',164,'13956099163',NULL,'10.196.142.166','meetingId = 164 , menu_id = 2994 , menu_name = 互动交流 , ',2994,NULL),
  ('00000000362dd08f0136331ece610072','2012-03-21 10:38:38','/meeting/portal/pri/meeting/getMeetingFilesPager.action',4461,'周',164,'13956099163',NULL,'10.196.142.166','meetingId = 164 , menu_id = 2993 , menu_name = 会议资料 , from = portal , ',2993,NULL),
  ('00000000362dd08f0136331ed7830073','2012-03-21 10:38:41','/meeting/portal/pri/agenda/agendaList.action',4461,'周',164,'13956099163',NULL,'10.196.142.166','meetingId = 164 , menu_id = 2992 , menu_name = 会议议程 , ',2992,NULL),
  ('00000000362dd08f0136331eeb480074','2012-03-21 10:38:46','/meeting/portal/pri/meeting/getCustomeMenu.action',4461,'周',164,'13956099163',NULL,'10.196.142.166','content.id = 127 , meetingId = 164 , returnType = portal , menu_id = 3016 , menu_name = 天气情况 , ',3016,NULL),
  ('00000000362dd08f0136331f07d20075','2012-03-21 10:38:53','/meeting/portal/pri/meeting/getDinnerInfo.action',4461,'周',164,'13956099163',NULL,'10.196.142.166','meetingId = 164 , menu_id = 2995 , menu_name = 餐饮安排 , ',2995,NULL),
  ('00000000362dd08f0136331f3c2b0076','2012-03-21 10:39:06','/meeting/portal/pri/meeting/getMeetingUsers.action',4458,'郭旭',166,'15256560237',NULL,'218.201.251.79','menu_id = 3069 , menu_name = 通讯录 , meeting.id = 166 , ',3069,NULL),
  ('00000000362dd08f0136331f3e480077','2012-03-21 10:39:07','/meeting/portal/pri/meeting/getMeetingById.action',4458,'郭旭',166,'15256560237',NULL,'218.201.251.79','returnType = portal_viewmeeting , menu_id = 3062 , menu_name = 首页 , meeting.id = 166 , ',3062,NULL),
  ('00000000362dd08f0136331f48020078','2012-03-21 10:39:09','/meeting/portal/pri/agenda/agendaList.action',4458,'郭旭',166,'15256560237',NULL,'218.201.251.79','meetingId = 166 , menu_id = 3063 , menu_name = 会议议程 , ',3063,NULL),
  ('00000000362dd08f0136331ff1c70079','2012-03-21 10:39:53','/meeting/portal/pri/meeting/getMeetingUsers.action',4458,'郭旭',166,'15256560237',NULL,'218.201.251.79','menu_id = 3069 , menu_name = 通讯录 , meeting.id = 166 , ',3069,NULL),
  ('00000000362dd08f0136331ffcbc007a','2012-03-21 10:39:56','/meeting/portal/pri/agenda/agendaList.action',4458,'郭旭',166,'15256560237',NULL,'218.201.251.79','meetingId = 166 , menu_id = 3063 , menu_name = 会议议程 , ',3063,NULL),
  ('00000000362dd08f013633200043007b','2012-03-21 10:39:56','/meeting/portal/pri/meeting/getMeetingById.action',4458,'郭旭',166,'15256560237',NULL,'218.201.251.79','returnType = portal_viewmeeting , menu_id = 3062 , menu_name = 首页 , meeting.id = 166 , ',3062,NULL),
  ('00000000362dd08f01363320034f007c','2012-03-21 10:39:57','/meeting/portal/pri/agenda/agendaList.action',4458,'郭旭',166,'15256560237',NULL,'218.201.251.79','meetingId = 166 , menu_id = 3063 , menu_name = 会议议程 , ',3063,NULL),
  ('00000000362dd08f0136332005b4007d','2012-03-21 10:39:58','/meeting/portal/pri/meeting/getMeetingUsers.action',4458,'郭旭',166,'15256560237',NULL,'218.201.251.79','menu_id = 3069 , menu_name = 通讯录 , meeting.id = 166 , ',3069,NULL),
  ('00000000362dd08f0136332451bb007e','2012-03-21 10:44:39','/meeting/portal/pri/agenda/agendaList.action',4458,'郭旭',166,'15256560237',NULL,'218.201.251.79','meetingId = 166 , menu_id = 3063 , menu_name = 会议议程 , ',3063,NULL),
  ('00000000362dd08f0136332454d1007f','2012-03-21 10:44:40','/meeting/portal/pri/meeting/getMeetingById.action',4458,'郭旭',166,'15256560237',NULL,'218.201.251.79','returnType = portal_viewmeeting , menu_id = 3062 , menu_name = 首页 , meeting.id = 166 , ',3062,NULL),
  ('00000000362dd08f01363334eb500080','2012-03-21 11:02:47','/meeting/portal/pri/meeting/getMeetingById.action',4458,'郭旭',164,'15256560237',NULL,'218.201.251.79','returnType = portal_viewmeeting , menu_id = 2991 , menu_name = 首页 , meeting.id = 164 , ',2991,NULL),
  ('00000000362dd08f0136333579920081','2012-03-21 11:03:24','/meeting/portal/pri/meeting/getMeetingById.action',4458,'郭旭',164,'15256560237',NULL,'218.201.251.79','returnType = portal_viewmeeting , menu_id = 2991 , menu_name = 首页 , meeting.id = 164 , ',2991,NULL),
  ('00000000362dd08f0136333709910082','2012-03-21 11:05:06','/meeting/portal/pri/meeting/getMeetingById.action',4458,'郭旭',164,'15256560237',NULL,'218.201.251.79','returnType = portal_viewmeeting , menu_id = 2991 , menu_name = 首页 , meeting.id = 164 , ',2991,NULL),
  ('00000000362dd08f0136333730730083','2012-03-21 11:05:16','/meeting/portal/pri/meeting/getCustomeMenu.action',4458,'郭旭',164,'15256560237',NULL,'218.201.251.79','content.id = 127 , meetingId = 164 , returnType = portal , menu_id = 3016 , menu_name = 天气情况 , ',3016,NULL),
  ('00000000362dd08f0136333733a30084','2012-03-21 11:05:17','/meeting/portal/pri/agenda/agendaList.action',4458,'郭旭',164,'15256560237',NULL,'218.201.251.79','meetingId = 164 , menu_id = 2992 , menu_name = 会议议程 , ',2992,NULL),
  ('00000000362dd08f0136333736b80085','2012-03-21 11:05:18','/meeting/portal/pri/meeting/getMeetingFilesPager.action',4458,'郭旭',164,'15256560237',NULL,'218.201.251.79','meetingId = 164 , menu_id = 2993 , menu_name = 会议资料 , from = portal , ',2993,NULL),
  ('00000000362dd08f013633373d850086','2012-03-21 11:05:20','/meeting/portal/pri/interaction/postList.action',4458,'郭旭',164,'15256560237',NULL,'218.201.251.79','meetingId = 164 , menu_id = 2994 , menu_name = 互动交流 , ',2994,NULL),
  ('00000000362dd08f0136333743cd0087','2012-03-21 11:05:21','/meeting/portal/pri/meeting/getDinnerInfo.action',4458,'郭旭',164,'15256560237',NULL,'218.201.251.79','meetingId = 164 , menu_id = 2995 , menu_name = 餐饮安排 , ',2995,NULL),
  ('00000000362dd08f01363337491f0088','2012-03-21 11:05:22','/meeting/portal/pri/meeting/getMeetingById.action',4458,'郭旭',164,'15256560237',NULL,'218.201.251.79','returnType = portal_viewmeeting , menu_id = 2991 , menu_name = 首页 , meeting.id = 164 , ',2991,NULL),
  ('00000000362dd08f01363337e0930089','2012-03-21 11:06:01','/meeting/portal/pri/meeting/getDinnerInfo.action',4458,'郭旭',164,'15256560237',NULL,'218.201.251.79','meetingId = 164 , menu_id = 2995 , menu_name = 餐饮安排 , ',2995,NULL),
  ('00000000362dd08f0136334c56f6008a','2012-03-21 11:28:22','/meeting/portal/pri/meeting/getMeetingById.action',4458,'郭旭',164,'15256560237',NULL,'218.201.251.79','returnType = portal_viewmeeting , menu_id = 2991 , menu_name = 首页 , meeting.id = 164 , ',2991,NULL),
  ('00000000362dd08f0136334c9942008b','2012-03-21 11:28:39','/meeting/portal/pri/agenda/agendaList.action',4458,'郭旭',164,'15256560237',NULL,'218.201.251.79','meetingId = 164 , menu_id = 2992 , menu_name = 会议议程 , ',2992,NULL),
  ('00000000362dd08f0136334fe279008c','2012-03-21 11:32:15','/meeting/portal/pri/meeting/getMeetingById.action',4458,'郭旭',166,'15256560237',NULL,'218.201.251.79','returnType = portal_viewmeeting , menu_id = 3062 , menu_name = 首页 , meeting.id = 166 , ',3062,NULL),
  ('00000000362dd08f013633500ba3008d','2012-03-21 11:32:25','/meeting/portal/pri/agenda/agendaList.action',4458,'郭旭',166,'15256560237',NULL,'218.201.251.79','meetingId = 166 , menu_id = 3063 , menu_name = 会议议程 , ',3063,NULL),
  ('00000000362dd08f0136335075c6008e','2012-03-21 11:32:52','/meeting/portal/pri/meeting/getMeetingUsers.action',4458,'郭旭',166,'15256560237',NULL,'218.201.251.79','menu_id = 3069 , menu_name = 通讯录 , meeting.id = 166 , ',3069,NULL),
  ('00000000362dd08f013633525cd9008f','2012-03-21 11:34:57','/meeting/portal/pri/meeting/getMeetingById.action',4458,'郭旭',166,'15256560237',NULL,'218.201.251.79','returnType = portal_viewmeeting , menu_id = 3062 , menu_name = 首页 , meeting.id = 166 , ',3062,NULL),
  ('00000000362dd08f013633526b710090','2012-03-21 11:35:01','/meeting/portal/pri/meeting/getMeetingUsers.action',4458,'郭旭',166,'15256560237',NULL,'218.201.251.79','menu_id = 3069 , menu_name = 通讯录 , meeting.id = 166 , ',3069,NULL),
  ('00000000362dd08f0136335275bc0091','2012-03-21 11:35:03','/meeting/portal/pri/agenda/agendaList.action',4458,'郭旭',166,'15256560237',NULL,'218.201.251.79','meetingId = 166 , menu_id = 3063 , menu_name = 会议议程 , ',3063,NULL),
  ('00000000362dd08f0136335279460092','2012-03-21 11:35:04','/meeting/portal/pri/meeting/getMeetingById.action',4458,'郭旭',166,'15256560237',NULL,'218.201.251.79','returnType = portal_viewmeeting , menu_id = 3062 , menu_name = 首页 , meeting.id = 166 , ',3062,NULL),
  ('00000000362dd08f01363355c6700093','2012-03-21 11:38:41','/meeting/portal/pri/meeting/getMeetingById.action',4458,'郭旭',166,'15256560237',NULL,'218.201.251.79','returnType = portal_viewmeeting , menu_id = 3062 , menu_name = 首页 , meeting.id = 166 , ',3062,NULL),
  ('00000000362dd08f01363355d8820094','2012-03-21 11:38:45','/meeting/portal/pri/meeting/getMeetingById.action',4458,'郭旭',166,'15256560237',NULL,'218.201.251.79','returnType = portal_viewmeeting , menu_id = 3062 , menu_name = 首页 , meeting.id = 166 , ',3062,NULL),
  ('00000000362dd08f01363355f8d20095','2012-03-21 11:38:54','/meeting/portal/pri/agenda/agendaList.action',4458,'郭旭',166,'15256560237',NULL,'218.201.251.79','meetingId = 166 , menu_id = 3063 , menu_name = 会议议程 , ',3063,NULL),
  ('00000000362dd08f0136335621570096','2012-03-21 11:39:04','/meeting/portal/pri/meeting/getMeetingFilesPager.action',4458,'郭旭',166,'15256560237',NULL,'218.201.251.79','meetingId = 166 , menu_id = 3064 , menu_name = 会议资料 , from = portal , ',3064,NULL),
  ('00000000362dd08f013633562b380097','2012-03-21 11:39:06','/meeting/portal/pri/interaction/postList.action',4458,'郭旭',166,'15256560237',NULL,'218.201.251.79','meetingId = 166 , menu_id = 3065 , menu_name = 互动交流 , ',3065,NULL),
  ('00000000362dd08f01363357112d0098','2012-03-21 11:40:05','/meeting/portal/pri/interaction/postList.action',4458,'郭旭',166,'15256560237',NULL,'218.201.251.79','meetingId = 166 , menu_id = 3065 , menu_name = 互动交流 , ',3065,NULL),
  ('00000000362dd08f013633573f790099','2012-03-21 11:40:17','/meeting/portal/pri/meeting/getMeetingById.action',4458,'郭旭',166,'15256560237',NULL,'218.201.251.79','returnType = portal_map , menu_id = 3068 , menu_name = 会场位置 , meeting.id = 166 , ',3068,NULL),
  ('00000000362dd08f013633575491009a','2012-03-21 11:40:23','/meeting/portal/pri/message/list.action',4458,'郭旭',166,'15256560237',NULL,'218.201.251.79','meetingId = 166 , menu_id = 3070 , menu_name = 站内私信 , ',3070,NULL),
  ('00000000362dd08f013633575bc1009b','2012-03-21 11:40:24','/meeting/portal/pri/meeting/getMeetingUsers.action',4458,'郭旭',166,'15256560237',NULL,'218.201.251.79','menu_id = 3069 , menu_name = 通讯录 , meeting.id = 166 , ',3069,NULL),
  ('00000000362dd08f0136335767cf009c','2012-03-21 11:40:27','/meeting/portal/pri/hotel/list.action',4458,'郭旭',166,'15256560237',NULL,'218.201.251.79','meetingId = 166 , menu_id = 3083 , menu_name = 酒店信息 , ',3083,NULL),
  ('00000000362dd08f013633576d40009d','2012-03-21 11:40:29','/meeting/portal/pri/meeting/getMeetingUsers.action',4458,'郭旭',166,'15256560237',NULL,'218.201.251.79','menu_id = 3069 , menu_name = 通讯录 , meeting.id = 166 , ',3069,NULL),
  ('00000000362dd08f01363357f45f009e','2012-03-21 11:41:03','/meeting/portal/pri/meeting/getMeetingUsers.action',4458,'郭旭',166,'15256560237',NULL,'218.201.251.79','menu_id = 3069 , menu_name = 通讯录 , meeting.id = 166 , ',3069,NULL),
  ('00000000362dd08f0136335809a7009f','2012-03-21 11:41:09','/meeting/portal/pri/meeting/getMeetingById.action',4458,'郭旭',166,'15256560237',NULL,'218.201.251.79','returnType = portal_viewmeeting , menu_id = 3062 , menu_name = 首页 , meeting.id = 166 , ',3062,NULL),
  ('00000000362dd08f013633580f3400a0','2012-03-21 11:41:10','/meeting/portal/pri/agenda/agendaList.action',4458,'郭旭',166,'15256560237',NULL,'218.201.251.79','meetingId = 166 , menu_id = 3063 , menu_name = 会议议程 , ',3063,NULL),
  ('00000000362dd08f01363358138900a1','2012-03-21 11:41:11','/meeting/portal/pri/meeting/getMeetingFilesPager.action',4458,'郭旭',166,'15256560237',NULL,'218.201.251.79','meetingId = 166 , menu_id = 3064 , menu_name = 会议资料 , from = portal , ',3064,NULL),
  ('00000000362dd08f01363358195000a2','2012-03-21 11:41:13','/meeting/portal/pri/interaction/postList.action',4458,'郭旭',166,'15256560237',NULL,'218.201.251.79','meetingId = 166 , menu_id = 3065 , menu_name = 互动交流 , ',3065,NULL),
  ('00000000362dd08f013633581c8e00a3','2012-03-21 11:41:14','/meeting/portal/pri/meeting/getMeetingById.action',4458,'郭旭',166,'15256560237',NULL,'218.201.251.79','returnType = portal_map , menu_id = 3068 , menu_name = 会场位置 , meeting.id = 166 , ',3068,NULL),
  ('00000000362dd08f0136335827c500a4','2012-03-21 11:41:17','/meeting/portal/pri/message/list.action',4458,'郭旭',166,'15256560237',NULL,'218.201.251.79','meetingId = 166 , menu_id = 3070 , menu_name = 站内私信 , ',3070,NULL),
  ('00000000362dd08f013633582d5b00a5','2012-03-21 11:41:18','/meeting/portal/pri/meeting/getMeetingUsers.action',4458,'郭旭',166,'15256560237',NULL,'218.201.251.79','menu_id = 3069 , menu_name = 通讯录 , meeting.id = 166 , ',3069,NULL),
  ('00000000362dd08f0136335832b400a6','2012-03-21 11:41:19','/meeting/portal/pri/hotel/list.action',4458,'郭旭',166,'15256560237',NULL,'218.201.251.79','meetingId = 166 , menu_id = 3083 , menu_name = 酒店信息 , ',3083,NULL),
  ('00000000362dd08f0136335c65a300a7','2012-03-21 11:45:55','/meeting/portal/pri/hotel/list.action',4458,'郭旭',166,'15256560237',NULL,'218.201.251.79','meetingId = 166 , menu_id = 3083 , menu_name = 酒店信息 , ',3083,NULL),
  ('00000000362dd08f0136335d09e400a8','2012-03-21 11:46:37','/meeting/portal/pri/meeting/getMeetingFilesPager.action',4458,'郭旭',166,'15256560237',NULL,'218.201.251.79','meetingId = 166 , menu_id = 3064 , menu_name = 会议资料 , from = portal , ',3064,NULL),
  ('00000000362dd08f0136335d11a800a9','2012-03-21 11:46:39','/meeting/portal/pri/agenda/agendaList.action',4458,'郭旭',166,'15256560237',NULL,'218.201.251.79','meetingId = 166 , menu_id = 3063 , menu_name = 会议议程 , ',3063,NULL),
  ('00000000362dd08f0136335d181200aa','2012-03-21 11:46:40','/meeting/portal/pri/meeting/getMeetingById.action',4458,'郭旭',166,'15256560237',NULL,'218.201.251.79','returnType = portal_viewmeeting , menu_id = 3062 , menu_name = 首页 , meeting.id = 166 , ',3062,NULL),
  ('00000000362dd08f0136335d29ff00ab','2012-03-21 11:46:45','/meeting/portal/pri/agenda/agendaList.action',4458,'郭旭',166,'15256560237',NULL,'218.201.251.79','meetingId = 166 , menu_id = 3063 , menu_name = 会议议程 , ',3063,NULL),
  ('00000000362dd08f0136335d2e0f00ac','2012-03-21 11:46:46','/meeting/portal/pri/meeting/getMeetingFilesPager.action',4458,'郭旭',166,'15256560237',NULL,'218.201.251.79','meetingId = 166 , menu_id = 3064 , menu_name = 会议资料 , from = portal , ',3064,NULL),
  ('00000000362dd08f0136335d33ff00ad','2012-03-21 11:46:47','/meeting/portal/pri/interaction/postList.action',4458,'郭旭',166,'15256560237',NULL,'218.201.251.79','meetingId = 166 , menu_id = 3065 , menu_name = 互动交流 , ',3065,NULL),
  ('00000000362dd08f0136335d392b00ae','2012-03-21 11:46:49','/meeting/portal/pri/meeting/getMeetingById.action',4458,'郭旭',166,'15256560237',NULL,'218.201.251.79','returnType = portal_map , menu_id = 3068 , menu_name = 会场位置 , meeting.id = 166 , ',3068,NULL),
  ('00000000362dd08f0136335d3fe000af','2012-03-21 11:46:50','/meeting/portal/pri/message/list.action',4458,'郭旭',166,'15256560237',NULL,'218.201.251.79','meetingId = 166 , menu_id = 3070 , menu_name = 站内私信 , ',3070,NULL),
  ('00000000362dd08f0136335d5b7e00b0','2012-03-21 11:46:58','/meeting/portal/pri/meeting/getMeetingUsers.action',4458,'郭旭',166,'15256560237',NULL,'218.201.251.79','menu_id = 3069 , menu_name = 通讯录 , meeting.id = 166 , ',3069,NULL),
  ('00000000362dd08f0136335da58a00b1','2012-03-21 11:47:17','/meeting/portal/pri/meeting/getMeetingById.action',4458,'郭旭',166,'15256560237',NULL,'218.201.251.79','returnType = portal_viewmeeting , menu_id = 3062 , menu_name = 首页 , meeting.id = 166 , ',3062,NULL),
  ('00000000362dd08f0136335dab1000b2','2012-03-21 11:47:18','/meeting/portal/pri/agenda/agendaList.action',4458,'郭旭',166,'15256560237',NULL,'218.201.251.79','meetingId = 166 , menu_id = 3063 , menu_name = 会议议程 , ',3063,NULL),
  ('00000000362dd08f0136335dbc7b00b3','2012-03-21 11:47:22','/meeting/portal/pri/meeting/getMeetingFilesPager.action',4458,'郭旭',166,'15256560237',NULL,'218.201.251.79','meetingId = 166 , menu_id = 3064 , menu_name = 会议资料 , from = portal , ',3064,NULL),
  ('00000000362dd08f0136335dc07900b4','2012-03-21 11:47:23','/meeting/portal/pri/interaction/postList.action',4458,'郭旭',166,'15256560237',NULL,'218.201.251.79','meetingId = 166 , menu_id = 3065 , menu_name = 互动交流 , ',3065,NULL),
  ('00000000362dd08f0136335dc5ea00b5','2012-03-21 11:47:25','/meeting/portal/pri/meeting/getMeetingById.action',4458,'郭旭',166,'15256560237',NULL,'218.201.251.79','returnType = portal_map , menu_id = 3068 , menu_name = 会场位置 , meeting.id = 166 , ',3068,NULL),
  ('00000000362dd08f0136335dd02b00b6','2012-03-21 11:47:27','/meeting/portal/pri/hotel/list.action',4458,'郭旭',166,'15256560237',NULL,'218.201.251.79','meetingId = 166 , menu_id = 3083 , menu_name = 酒店信息 , ',3083,NULL),
  ('00000000362dd08f0136335ddd7500b7','2012-03-21 11:47:31','/meeting/portal/pri/meeting/getMeetingUsers.action',4458,'郭旭',166,'15256560237',NULL,'218.201.251.79','menu_id = 3069 , menu_name = 通讯录 , meeting.id = 166 , ',3069,NULL),
  ('00000000362dd08f0136335de36400b8','2012-03-21 11:47:32','/meeting/portal/pri/meeting/getMeetingById.action',4458,'郭旭',166,'15256560237',NULL,'218.201.251.79','returnType = portal_viewmeeting , menu_id = 3062 , menu_name = 首页 , meeting.id = 166 , ',3062,NULL),
  ('00000000362dd08f0136335df90900b9','2012-03-21 11:47:38','/meeting/portal/pri/agenda/agendaList.action',4458,'郭旭',166,'15256560237',NULL,'218.201.251.79','meetingId = 166 , menu_id = 3063 , menu_name = 会议议程 , ',3063,NULL),
  ('00000000362dd08f01363366808100ba','2012-03-21 11:56:57','/meeting/portal/pri/agenda/agendaList.action',4458,'郭旭',166,'15256560237',NULL,'218.201.251.79','meetingId = 166 , menu_id = 3063 , menu_name = 会议议程 , ',3063,NULL),
  ('00000000362dd08f01363368c8cd00bb','2012-03-21 11:59:26','/meeting/portal/pri/meeting/getMeetingFilesPager.action',4458,'郭旭',166,'15256560237',NULL,'218.201.251.79','meetingId = 166 , menu_id = 3064 , menu_name = 会议资料 , from = portal , ',3064,NULL),
  ('00000000362dd08f01363368cf0400bc','2012-03-21 11:59:28','/meeting/portal/pri/interaction/postList.action',4458,'郭旭',166,'15256560237',NULL,'218.201.251.79','meetingId = 166 , menu_id = 3065 , menu_name = 互动交流 , ',3065,NULL),
  ('00000000362dd08f01363369b2a300bd','2012-03-21 12:00:26','/meeting/portal/pri/meeting/getMeetingById.action',4458,'郭旭',166,'15256560237',NULL,'218.201.251.79','returnType = portal_map , menu_id = 3068 , menu_name = 会场位置 , meeting.id = 166 , ',3068,NULL),
  ('00000000362dd08f01363369d09600be','2012-03-21 12:00:34','/meeting/portal/pri/message/list.action',4458,'郭旭',166,'15256560237',NULL,'218.201.251.79','meetingId = 166 , menu_id = 3070 , menu_name = 站内私信 , ',3070,NULL),
  ('00000000362dd08f0136336e119400bf','2012-03-21 12:05:13','/meeting/portal/pri/meeting/getMeetingFilesPager.action',4458,'郭旭',166,'15256560237',NULL,'218.201.251.79','meetingId = 166 , menu_id = 3064 , menu_name = 会议资料 , from = portal , ',3064,NULL),
  ('00000000362dd08f0136336e148100c0','2012-03-21 12:05:13','/meeting/portal/pri/interaction/postList.action',4458,'郭旭',166,'15256560237',NULL,'218.201.251.79','meetingId = 166 , menu_id = 3065 , menu_name = 互动交流 , ',3065,NULL),
  ('00000000362dd08f0136336f006800c1','2012-03-21 12:06:14','/meeting/portal/pri/meeting/getMeetingById.action',4458,'郭旭',166,'15256560237',NULL,'218.201.251.79','returnType = portal_viewmeeting , menu_id = 3062 , menu_name = 首页 , meeting.id = 166 , ',3062,NULL),
  ('00000000362dd08f0136336f156100c2','2012-03-21 12:06:19','/meeting/portal/pri/meeting/getMeetingFilesPager.action',4458,'郭旭',166,'15256560237',NULL,'218.201.251.79','meetingId = 166 , menu_id = 3064 , menu_name = 会议资料 , from = portal , ',3064,NULL),
  ('00000000362dd08f0136336f19e800c3','2012-03-21 12:06:20','/meeting/portal/pri/interaction/postList.action',4458,'郭旭',166,'15256560237',NULL,'218.201.251.79','meetingId = 166 , menu_id = 3065 , menu_name = 互动交流 , ',3065,NULL),
  ('00000000362dd08f0136336f3d0800c4','2012-03-21 12:06:29','/meeting/portal/pri/meeting/getMeetingById.action',4458,'郭旭',166,'15256560237',NULL,'218.201.251.79','returnType = portal_map , menu_id = 3068 , menu_name = 会场位置 , meeting.id = 166 , ',3068,NULL),
  ('00000000362dd08f0136336f52c100c5','2012-03-21 12:06:35','/meeting/portal/pri/meeting/getMeetingUsers.action',4458,'郭旭',166,'15256560237',NULL,'218.201.251.79','menu_id = 3069 , menu_name = 通讯录 , meeting.id = 166 , ',3069,NULL),
  ('00000000362dd08f013633aad49300c6','2012-03-21 13:11:35','/meeting/portal/pri/meeting/getMeetingUsers.action',4458,'郭旭',166,'15256560237',NULL,'218.201.251.79','menu_id = 3069 , menu_name = 通讯录 , meeting.id = 166 , ',3069,NULL),
  ('00000000362dd08f013633aada6400c7','2012-03-21 13:11:36','/meeting/portal/pri/meeting/getMeetingFilesPager.action',4458,'郭旭',166,'15256560237',NULL,'218.201.251.79','meetingId = 166 , menu_id = 3064 , menu_name = 会议资料 , from = portal , ',3064,NULL),
  ('00000000362dd08f013633ac6aa200c8','2012-03-21 13:13:19','/meeting/portal/pri/meeting/getMeetingById.action',4458,'郭旭',166,'15256560237',NULL,'218.201.251.79','returnType = portal_viewmeeting , menu_id = 3062 , menu_name = 首页 , meeting.id = 166 , ',3062,NULL),
  ('00000000362dd08f013633ac718800c9','2012-03-21 13:13:21','/meeting/portal/pri/agenda/agendaList.action',4458,'郭旭',166,'15256560237',NULL,'218.201.251.79','meetingId = 166 , menu_id = 3063 , menu_name = 会议议程 , ',3063,NULL),
  ('00000000362dd08f013633ac76fc00ca','2012-03-21 13:13:22','/meeting/portal/pri/meeting/getMeetingFilesPager.action',4458,'郭旭',166,'15256560237',NULL,'218.201.251.79','meetingId = 166 , menu_id = 3064 , menu_name = 会议资料 , from = portal , ',3064,NULL),
  ('00000000362dd08f013633ac84eb00cb','2012-03-21 13:13:25','/meeting/portal/pri/interaction/postList.action',4458,'郭旭',166,'15256560237',NULL,'218.201.251.79','meetingId = 166 , menu_id = 3065 , menu_name = 互动交流 , ',3065,NULL),
  ('00000000362dd08f013633ac8a1d00cc','2012-03-21 13:13:27','/meeting/portal/pri/meeting/getMeetingById.action',4458,'郭旭',166,'15256560237',NULL,'218.201.251.79','returnType = portal_map , menu_id = 3068 , menu_name = 会场位置 , meeting.id = 166 , ',3068,NULL),
  ('00000000362dd08f013633ad7ec300cd','2012-03-21 13:14:29','/meeting/portal/pri/message/list.action',4458,'郭旭',166,'15256560237',NULL,'218.201.251.79','meetingId = 166 , menu_id = 3070 , menu_name = 站内私信 , ',3070,NULL),
  ('00000000362dd08f013633ad84bd00ce','2012-03-21 13:14:31','/meeting/portal/pri/hotel/list.action',4458,'郭旭',166,'15256560237',NULL,'218.201.251.79','meetingId = 166 , menu_id = 3083 , menu_name = 酒店信息 , ',3083,NULL),
  ('00000000362dd08f013633aec57d00cf','2012-03-21 13:15:53','/meeting/portal/pri/meeting/getMeetingUsers.action',4458,'郭旭',166,'15256560237',NULL,'218.201.251.79','menu_id = 3069 , menu_name = 通讯录 , meeting.id = 166 , ',3069,NULL),
  ('00000000362dd08f013633aeca2c00d0','2012-03-21 13:15:54','/meeting/portal/pri/meeting/getMeetingById.action',4458,'郭旭',166,'15256560237',NULL,'218.201.251.79','returnType = portal_viewmeeting , menu_id = 3062 , menu_name = 首页 , meeting.id = 166 , ',3062,NULL),
  ('00000000362dd08f013633aed0f700d1','2012-03-21 13:15:56','/meeting/portal/pri/agenda/agendaList.action',4458,'郭旭',166,'15256560237',NULL,'218.201.251.79','meetingId = 166 , menu_id = 3063 , menu_name = 会议议程 , ',3063,NULL),
  ('00000000362dd08f013633af377800d2','2012-03-21 13:16:22','/meeting/portal/pri/meeting/getMeetingFilesPager.action',4458,'郭旭',166,'15256560237',NULL,'218.201.251.79','meetingId = 166 , menu_id = 3064 , menu_name = 会议资料 , from = portal , ',3064,NULL),
  ('00000000362dd08f013633b23f3400d3','2012-03-21 13:19:41','/meeting/portal/pri/interaction/postList.action',4458,'郭旭',166,'15256560237',NULL,'218.201.251.79','meetingId = 166 , menu_id = 3065 , menu_name = 互动交流 , ',3065,NULL),
  ('00000000362dd08f013633b2442a00d4','2012-03-21 13:19:42','/meeting/portal/pri/meeting/getMeetingById.action',4458,'郭旭',166,'15256560237',NULL,'218.201.251.79','returnType = portal_map , menu_id = 3068 , menu_name = 会场位置 , meeting.id = 166 , ',3068,NULL),
  ('00000000362dd08f013633b24c4000d5','2012-03-21 13:19:44','/meeting/portal/pri/message/list.action',4458,'郭旭',166,'15256560237',NULL,'218.201.251.79','meetingId = 166 , menu_id = 3070 , menu_name = 站内私信 , ',3070,NULL),
  ('00000000362dd08f013633b26bb200d6','2012-03-21 13:19:52','/meeting/portal/pri/message/selectUser.action',4458,'郭旭',166,'15256560237',NULL,'218.201.251.79','meetingId = 166 , menu_id = 3070 , ',3070,NULL),
  ('00000000362dd08f013633b2767500d7','2012-03-21 13:19:55','/meeting/portal/pri/message/list.action',4458,'郭旭',166,'15256560237',NULL,'218.201.251.79','select = new , selectuser = 4455 , meetingId = 166 , menu_id = 3070 , ',3070,NULL),
  ('00000000362dd08f013633b2e98e00d8','2012-03-21 13:20:24','/meeting/portal/pri/message/list.action',4458,'郭旭',166,'15256560237',NULL,'218.201.251.79','select = outbox , meetingId = 166 , menu_id = 3070 , ',3070,NULL),
  ('00000000362dd08f013633b3439100d9','2012-03-21 13:20:48','/meeting/portal/pri/meeting/getMeetingById.action',4458,'郭旭',166,'15256560237',NULL,'218.201.251.79','returnType = portal_viewmeeting , menu_id = 3062 , menu_name = 首页 , meeting.id = 166 , ',3062,NULL),
  ('00000000362dd08f013633b35b0a00da','2012-03-21 13:20:54','/meeting/portal/pri/agenda/agendaList.action',4458,'郭旭',166,'15256560237',NULL,'218.201.251.79','meetingId = 166 , menu_id = 3063 , menu_name = 会议议程 , ',3063,NULL),
  ('00000000362dd08f013633b3638e00db','2012-03-21 13:20:56','/meeting/portal/pri/meeting/getMeetingFilesPager.action',4458,'郭旭',166,'15256560237',NULL,'218.201.251.79','meetingId = 166 , menu_id = 3064 , menu_name = 会议资料 , from = portal , ',3064,NULL),
  ('00000000362dd08f013633b368fb00dc','2012-03-21 13:20:57','/meeting/portal/pri/interaction/postList.action',4458,'郭旭',166,'15256560237',NULL,'218.201.251.79','meetingId = 166 , menu_id = 3065 , menu_name = 互动交流 , ',3065,NULL),
  ('00000000362dd08f013633b376ad00dd','2012-03-21 13:21:01','/meeting/portal/pri/meeting/getMeetingById.action',4458,'郭旭',166,'15256560237',NULL,'218.201.251.79','returnType = portal_map , menu_id = 3068 , menu_name = 会场位置 , meeting.id = 166 , ',3068,NULL),
  ('00000000362dd08f013633b4798400de','2012-03-21 13:22:07','/meeting/portal/pri/message/list.action',4458,'郭旭',166,'15256560237',NULL,'218.201.251.79','meetingId = 166 , menu_id = 3070 , menu_name = 站内私信 , ',3070,NULL),
  ('00000000362dd08f013633b49a4c00df','2012-03-21 13:22:15','/meeting/portal/pri/meeting/getMeetingById.action',4458,'郭旭',166,'15256560237',NULL,'218.201.251.79','returnType = portal_map , menu_id = 3068 , menu_name = 会场位置 , meeting.id = 166 , ',3068,NULL),
  ('00000000362dd08f013633b4a08a00e0','2012-03-21 13:22:17','/meeting/portal/pri/interaction/postList.action',4458,'郭旭',166,'15256560237',NULL,'218.201.251.79','meetingId = 166 , menu_id = 3065 , menu_name = 互动交流 , ',3065,NULL),
  ('00000000362dd08f013633b4d55200e1','2012-03-21 13:22:30','/meeting/portal/pri/meeting/getMeetingById.action',4458,'郭旭',166,'15256560237',NULL,'218.201.251.79','returnType = portal_viewmeeting , menu_id = 3062 , menu_name = 首页 , meeting.id = 166 , ',3062,NULL),
  ('00000000362dd08f013633b4da1e00e2','2012-03-21 13:22:32','/meeting/portal/pri/agenda/agendaList.action',4458,'郭旭',166,'15256560237',NULL,'218.201.251.79','meetingId = 166 , menu_id = 3063 , menu_name = 会议议程 , ',3063,NULL),
  ('00000000362dd08f013633b4df1f00e3','2012-03-21 13:22:33','/meeting/portal/pri/meeting/getMeetingFilesPager.action',4458,'郭旭',166,'15256560237',NULL,'218.201.251.79','meetingId = 166 , menu_id = 3064 , menu_name = 会议资料 , from = portal , ',3064,NULL),
  ('00000000362dd08f013633b4e2d400e4','2012-03-21 13:22:34','/meeting/portal/pri/interaction/postList.action',4458,'郭旭',166,'15256560237',NULL,'218.201.251.79','meetingId = 166 , menu_id = 3065 , menu_name = 互动交流 , ',3065,NULL),
  ('00000000362dd08f013633b4e66800e5','2012-03-21 13:22:35','/meeting/portal/pri/meeting/getMeetingById.action',4458,'郭旭',166,'15256560237',NULL,'218.201.251.79','returnType = portal_map , menu_id = 3068 , menu_name = 会场位置 , meeting.id = 166 , ',3068,NULL),
  ('00000000362dd08f013633b4f1ca00e6','2012-03-21 13:22:38','/meeting/portal/pri/message/list.action',4458,'郭旭',166,'15256560237',NULL,'218.201.251.79','meetingId = 166 , menu_id = 3070 , menu_name = 站内私信 , ',3070,NULL),
  ('00000000362dd08f013633b4f7e700e7','2012-03-21 13:22:39','/meeting/portal/pri/meeting/getMeetingById.action',4458,'郭旭',166,'15256560237',NULL,'218.201.251.79','returnType = portal_map , menu_id = 3068 , menu_name = 会场位置 , meeting.id = 166 , ',3068,NULL),
  ('00000000362dd08f013633b4fe9000e8','2012-03-21 13:22:41','/meeting/portal/pri/interaction/postList.action',4458,'郭旭',166,'15256560237',NULL,'218.201.251.79','meetingId = 166 , menu_id = 3065 , menu_name = 互动交流 , ',3065,NULL),
  ('00000000362dd08f013633b50d6600e9','2012-03-21 13:22:45','/meeting/portal/pri/meeting/getMeetingFilesPager.action',4458,'郭旭',166,'15256560237',NULL,'218.201.251.79','meetingId = 166 , menu_id = 3064 , menu_name = 会议资料 , from = portal , ',3064,NULL),
  ('00000000362dd08f013633b5110700ea','2012-03-21 13:22:46','/meeting/portal/pri/agenda/agendaList.action',4458,'郭旭',166,'15256560237',NULL,'218.201.251.79','meetingId = 166 , menu_id = 3063 , menu_name = 会议议程 , ',3063,NULL),
  ('00000000362dd08f013633b5164800eb','2012-03-21 13:22:47','/meeting/portal/pri/meeting/getMeetingById.action',4458,'郭旭',166,'15256560237',NULL,'218.201.251.79','returnType = portal_viewmeeting , menu_id = 3062 , menu_name = 首页 , meeting.id = 166 , ',3062,NULL),
  ('00000000362dd08f013633b51a4400ec','2012-03-21 13:22:48','/meeting/portal/pri/meeting/getMeetingUsers.action',4458,'郭旭',166,'15256560237',NULL,'218.201.251.79','menu_id = 3069 , menu_name = 通讯录 , meeting.id = 166 , ',3069,NULL),
  ('00000000362dd08f013633b5576600ed','2012-03-21 13:23:04','/meeting/portal/pri/meeting/getMeetingUsers.action',4458,'郭旭',166,'15256560237',NULL,'218.201.251.79','menu_id = 3069 , menu_name = 通讯录 , meeting.id = 166 , ',3069,NULL),
  ('00000000362dd08f013633b562e200ee','2012-03-21 13:23:07','/meeting/portal/pri/meeting/getMeetingById.action',4458,'郭旭',166,'15256560237',NULL,'218.201.251.79','returnType = portal_viewmeeting , menu_id = 3062 , menu_name = 首页 , meeting.id = 166 , ',3062,NULL),
  ('00000000362dd08f013633b7f67e00ef','2012-03-21 13:25:55','/meeting/portal/pri/meeting/getMeetingUsers.action',4458,'郭旭',166,'15256560237',NULL,'218.201.251.79','menu_id = 3069 , menu_name = 通讯录 , meeting.id = 166 , ',3069,NULL),
  ('00000000362dd08f013633b8001b00f0','2012-03-21 13:25:58','/meeting/portal/pri/meeting/getMeetingById.action',4458,'郭旭',166,'15256560237',NULL,'218.201.251.79','returnType = portal_viewmeeting , menu_id = 3062 , menu_name = 首页 , meeting.id = 166 , ',3062,NULL),
  ('00000000362dd08f013633c2623900f1','2012-03-21 13:37:18','/meeting/portal/pri/meeting/getMeetingUsers.action',4458,'郭旭',166,'15256560237',NULL,'218.201.251.79','menu_id = 3069 , menu_name = 通讯录 , meeting.id = 166 , ',3069,NULL),
  ('00000000362dd08f013633c2656300f2','2012-03-21 13:37:19','/meeting/portal/pri/meeting/getMeetingById.action',4458,'郭旭',166,'15256560237',NULL,'218.201.251.79','returnType = portal_viewmeeting , menu_id = 3062 , menu_name = 首页 , meeting.id = 166 , ',3062,NULL),
  ('00000000362dd08f013633c271f600f3','2012-03-21 13:37:22','/meeting/portal/pri/agenda/agendaList.action',4458,'郭旭',166,'15256560237',NULL,'218.201.251.79','meetingId = 166 , menu_id = 3063 , menu_name = 会议议程 , ',3063,NULL),
  ('00000000362dd08f013633c5bc4400f4','2012-03-21 13:40:58','/meeting/portal/pri/meeting/getMeetingById.action',4458,'郭旭',166,'15256560237',NULL,'218.201.251.79','returnType = portal_viewmeeting , menu_id = 3062 , menu_name = 首页 , meeting.id = 166 , ',3062,NULL),
  ('00000000362dd08f013633c9579400f5','2012-03-21 13:44:54','/meeting/portal/pri/meeting/getMeetingById.action',4458,'郭旭',166,'15256560237',NULL,'218.201.251.79','returnType = portal_viewmeeting , menu_id = 3062 , menu_name = 首页 , meeting.id = 166 , ',3062,NULL),
  ('00000000362dd08f013633c95f9a00f6','2012-03-21 13:44:56','/meeting/portal/pri/agenda/agendaList.action',4458,'郭旭',166,'15256560237',NULL,'218.201.251.79','meetingId = 166 , menu_id = 3063 , menu_name = 会议议程 , ',3063,NULL),
  ('00000000362dd08f013633f093bc00f7','2012-03-21 14:27:46','/meeting/portal/pri/meeting/getMeetingFilesPager.action',4458,'郭旭',166,'15256560237',NULL,'218.201.251.79','meetingId = 166 , menu_id = 3064 , menu_name = 会议资料 , from = portal , ',3064,NULL),
  ('00000000362dd08f013633f1309d00f8','2012-03-21 14:28:26','/meeting/portal/pri/interaction/postList.action',4458,'郭旭',166,'15256560237',NULL,'218.201.251.79','meetingId = 166 , menu_id = 3065 , menu_name = 互动交流 , ',3065,NULL),
  ('00000000362dd08f013633f190f700f9','2012-03-21 14:28:51','/meeting/portal/pri/message/list.action',4458,'郭旭',166,'15256560237',NULL,'218.201.251.79','meetingId = 166 , menu_id = 3070 , menu_name = 站内私信 , ',3070,NULL),
  ('00000000362dd08f013633f1988800fa','2012-03-21 14:28:53','/meeting/portal/pri/hotel/list.action',4458,'郭旭',166,'15256560237',NULL,'218.201.251.79','meetingId = 166 , menu_id = 3083 , menu_name = 酒店信息 , ',3083,NULL),
  ('00000000362dd08f013633fef0ec00fb','2012-03-21 14:43:27','/meeting/portal/pri/meeting/getMeetingById.action',4458,'郭旭',166,'15256560237',NULL,'218.201.251.79','returnType = portal_viewmeeting , menu_id = 3062 , menu_name = 首页 , meeting.id = 166 , ',3062,NULL),
  ('00000000362dd08f0136340087d500fc','2012-03-21 14:45:11','/meeting/portal/pri/hotel/list.action',4458,'郭旭',166,'15256560237',NULL,'218.201.251.79','meetingId = 166 , menu_id = 3083 , menu_name = 酒店信息 , ',3083,NULL),
  ('00000000362dd08f01363402781f00fd','2012-03-21 14:47:18','/meeting/portal/pri/meeting/getMeetingUsers.action',4474,'李炯',166,'13585940845',NULL,'218.201.251.79','menu_id = 3069 , menu_name = 通讯录 , meeting.id = 166 , ',3069,NULL),
  ('00000000362dd08f01363402905000fe','2012-03-21 14:47:25','/meeting/portal/pri/meeting/getMeetingById.action',4474,'李炯',166,'13585940845',NULL,'218.201.251.79','returnType = portal_viewmeeting , menu_id = 3062 , menu_name = 首页 , meeting.id = 166 , ',3062,NULL),
  ('00000000362dd08f01363404815500ff','2012-03-21 14:49:32','/meeting/portal/pri/meeting/getMeetingUsers.action',4458,'郭旭',166,'15256560237',NULL,'218.201.251.79','menu_id = 3069 , menu_name = 通讯录 , meeting.id = 166 , ',3069,NULL),
  ('00000000362dd08f0136340488870100','2012-03-21 14:49:34','/meeting/portal/pri/meeting/getMeetingById.action',4458,'郭旭',166,'15256560237',NULL,'218.201.251.79','returnType = portal_viewmeeting , menu_id = 3062 , menu_name = 首页 , meeting.id = 166 , ',3062,NULL),
  ('00000000362dd08f0136340595770101','2012-03-21 14:50:42','/meeting/portal/pri/meeting/getMeetingById.action',4458,'郭旭',166,'15256560237',NULL,'218.201.251.79','returnType = portal_viewmeeting , menu_id = 3062 , menu_name = 首页 , meeting.id = 166 , ',3062,NULL),
  ('00000000362dd08f01363405a0840102','2012-03-21 14:50:45','/meeting/portal/pri/news/show.action',4458,'郭旭',166,'15256560237',NULL,'218.201.251.79','meetingId = 166 , menu_id = 3076 , menu_name = 新闻中心 , ',3076,NULL),
  ('00000000362dd08f01363407c88e0103','2012-03-21 14:53:07','/meeting/portal/pri/meeting/getMeetingById.action',4458,'郭旭',166,'15256560237',NULL,'218.201.251.79','returnType = portal_viewmeeting , menu_id = 3062 , menu_name = 首页 , meeting.id = 166 , ',3062,NULL),
  ('00000000362dd08f013634087b310104','2012-03-21 14:53:52','/meeting/portal/pri/meeting/getMeetingById.action',4458,'郭旭',166,'15256560237',NULL,'218.201.251.79','returnType = portal_viewmeeting , menu_id = 3062 , menu_name = 首页 , meeting.id = 166 , ',3062,NULL),
  ('00000000362dd08f01363408976e0105','2012-03-21 14:54:00','/meeting/portal/pri/news/detail.action',4458,'郭旭',166,'15256560237',NULL,'218.201.251.79','meetingId = 166 , menu_id = 3062 , menu_name = ??? , id = 23 , ',3062,NULL),
  ('00000000362dd08f01363408d1460106','2012-03-21 14:54:14','/meeting/portal/pri/news/show.action',4458,'郭旭',166,'15256560237',NULL,'218.201.251.79','meetingId = 166 , menu_id = 3076 , menu_name = 新闻中心 , ',3076,NULL),
  ('00000000362dd08f01363408d7ff0107','2012-03-21 14:54:16','/meeting/portal/pri/news/detail.action',4458,'郭旭',166,'15256560237',NULL,'218.201.251.79','meetingId = 166 , menu_id = 3076 , menu_name = ???????? , id = 23 , ',3076,NULL),
  ('00000000362dd08f01363408e28b0108','2012-03-21 14:54:19','/meeting/portal/pri/news/show.action',4458,'郭旭',166,'15256560237',NULL,'218.201.251.79','meetingId = 166 , menu_id = 3076 , menu_name = 新闻中心 , ',3076,NULL),
  ('00000000362dd08f01363408e8390109','2012-03-21 14:54:20','/meeting/portal/pri/news/detail.action',4458,'郭旭',166,'15256560237',NULL,'218.201.251.79','meetingId = 166 , menu_id = 3076 , menu_name = 新闻中心 , id = 22 , ',3076,NULL),
  ('00000000362dd08f01363408fa7c010a','2012-03-21 14:54:25','/meeting/portal/pri/news/show.action',4458,'郭旭',166,'15256560237',NULL,'218.201.251.79','meetingId = 166 , menu_id = 3076 , menu_name = 新闻中心 , ',3076,NULL),
  ('00000000362dd08f013634090573010b','2012-03-21 14:54:28','/meeting/portal/pri/meeting/getMeetingById.action',4458,'郭旭',166,'15256560237',NULL,'218.201.251.79','returnType = portal_viewmeeting , menu_id = 3062 , menu_name = 首页 , meeting.id = 166 , ',3062,NULL),
  ('00000000362dd08f01363409c511010c','2012-03-21 14:55:17','/meeting/portal/pri/meeting/getMeetingById.action',4474,'李炯',166,'13585940845',NULL,'218.201.251.79','returnType = portal_viewmeeting , menu_id = 3062 , menu_name = 首页 , meeting.id = 166 , ',3062,NULL),
  ('00000000362dd08f0136340b34da010d','2012-03-21 14:56:51','/meeting/portal/pri/meeting/getMeetingById.action',4458,'郭旭',166,'15256560237',NULL,'218.201.251.79','returnType = portal_viewmeeting , menu_id = 3062 , menu_name = 首页 , meeting.id = 166 , ',3062,NULL),
  ('00000000362dd08f0136340b5cae010e','2012-03-21 14:57:01','/meeting/portal/pri/meeting/getMeetingById.action',4474,'李炯',166,'13585940845',NULL,'218.201.251.79','returnType = portal_viewmeeting , menu_id = 3062 , menu_name = 首页 , meeting.id = 166 , ',3062,NULL),
  ('00000000362dd08f0136340b815c010f','2012-03-21 14:57:11','/meeting/portal/pri/news/detail.action',4458,'郭旭',166,'15256560237',NULL,'218.201.251.79','meetingId = 166 , menu_id = 3062 , menu_name = ??? , id = 22 , ',3062,NULL),
  ('00000000362dd08f0136340c55340110','2012-03-21 14:58:05','/meeting/portal/pri/news/show.action',4458,'郭旭',166,'15256560237',NULL,'218.201.251.79','meetingId = 166 , menu_id = 3076 , menu_name = 新闻中心 , ',3076,NULL),
  ('00000000362dd08f0136340c9e180111','2012-03-21 14:58:23','/meeting/portal/pri/meeting/getMeetingById.action',4458,'郭旭',166,'15256560237',NULL,'218.201.251.79','returnType = portal_map , menu_id = 3068 , menu_name = 会场位置 , meeting.id = 166 , ',3068,NULL),
  ('00000000362dd08f0136340ca48a0112','2012-03-21 14:58:25','/meeting/portal/pri/message/list.action',4458,'郭旭',166,'15256560237',NULL,'218.201.251.79','meetingId = 166 , menu_id = 3070 , menu_name = 站内私信 , ',3070,NULL),
  ('00000000362dd08f0136340caa660113','2012-03-21 14:58:27','/meeting/portal/pri/meeting/getMeetingFilesPager.action',4458,'郭旭',166,'15256560237',NULL,'218.201.251.79','meetingId = 166 , menu_id = 3064 , menu_name = 会议资料 , from = portal , ',3064,NULL),
  ('00000000362dd08f0136340cb8480114','2012-03-21 14:58:30','/meeting/portal/pri/agenda/agendaList.action',4458,'郭旭',166,'15256560237',NULL,'218.201.251.79','meetingId = 166 , menu_id = 3063 , menu_name = 会议议程 , ',3063,NULL),
  ('00000000362dd08f0136340cc6e90115','2012-03-21 14:58:34','/meeting/portal/pri/meeting/getMeetingUsers.action',4458,'郭旭',166,'15256560237',NULL,'218.201.251.79','menu_id = 3069 , menu_name = 通讯录 , meeting.id = 166 , ',3069,NULL),
  ('00000000362dd08f0136340cd5180116','2012-03-21 14:58:37','/meeting/portal/pri/meeting/getMeetingById.action',4458,'郭旭',166,'15256560237',NULL,'218.201.251.79','returnType = portal_map , menu_id = 3068 , menu_name = 会场位置 , meeting.id = 166 , ',3068,NULL),
  ('00000000362dd08f0136340ceaee0117','2012-03-21 14:58:43','/meeting/portal/pri/meeting/getMeetingUsers.action',4458,'郭旭',166,'15256560237',NULL,'218.201.251.79','menu_id = 3069 , menu_name = 通讯录 , meeting.id = 166 , ',3069,NULL),
  ('00000000362dd08f0136340cf1370118','2012-03-21 14:58:45','/meeting/portal/pri/meeting/getMeetingById.action',4458,'郭旭',166,'15256560237',NULL,'218.201.251.79','returnType = portal_viewmeeting , menu_id = 3062 , menu_name = 首页 , meeting.id = 166 , ',3062,NULL),
  ('00000000362dd08f0136340d020d0119','2012-03-21 14:58:49','/meeting/portal/pri/news/show.action',4458,'郭旭',166,'15256560237',NULL,'218.201.251.79','meetingId = 166 , menu_id = 3100 , ',3100,NULL),
  ('00000000362dd08f0136340d0a41011a','2012-03-21 14:58:51','/meeting/portal/pri/news/detail.action',4458,'郭旭',166,'15256560237',NULL,'218.201.251.79','meetingId = 166 , menu_id = 3100 , menu_name =  , id = 23 , ',3100,NULL),
  ('00000000362dd08f01363410d95e011b','2012-03-21 15:03:01','/meeting/portal/pri/hotel/list.action',4474,'李炯',166,'13585940845',NULL,'218.201.251.79','meetingId = 166 , menu_id = 3083 , menu_name = 酒店信息 , ',3083,NULL),
  ('00000000362dd08f01363411286f011c','2012-03-21 15:03:21','/meeting/portal/pri/meeting/getMeetingById.action',4474,'李炯',166,'13585940845',NULL,'218.201.251.79','returnType = portal_map , menu_id = 3068 , menu_name = 会场位置 , meeting.id = 166 , ',3068,NULL),
  ('00000000362dd08f013634115a02011d','2012-03-21 15:03:34','/meeting/portal/pri/news/show.action',4474,'李炯',166,'13585940845',NULL,'218.201.251.79','meetingId = 166 , menu_id = 3076 , menu_name = 新闻中心 , ',3076,NULL),
  ('00000000362dd08f01363411698d011e','2012-03-21 15:03:38','/meeting/portal/pri/news/detail.action',4474,'李炯',166,'13585940845',NULL,'218.201.251.79','meetingId = 166 , menu_id = 3076 , menu_name = ???????? , id = 23 , ',3076,NULL),
  ('00000000362dd08f01363411a5a1011f','2012-03-21 15:03:53','/meeting/portal/pri/interaction/postList.action',4474,'李炯',166,'13585940845',NULL,'218.201.251.79','meetingId = 166 , menu_id = 3065 , menu_name = 互动交流 , ',3065,NULL),
  ('00000000362dd08f01363411aa430120','2012-03-21 15:03:54','/meeting/portal/pri/news/show.action',4474,'李炯',166,'13585940845',NULL,'218.201.251.79','meetingId = 166 , menu_id = 3076 , menu_name = 新闻中心 , ',3076,NULL),
  ('00000000362dd08f01363411b4e70121','2012-03-21 15:03:57','/meeting/portal/pri/news/detail.action',4474,'李炯',166,'13585940845',NULL,'218.201.251.79','meetingId = 166 , menu_id = 3076 , menu_name = ???????? , id = 23 , ',3076,NULL),
  ('00000000362dd08f01363411c2ed0122','2012-03-21 15:04:01','/meeting/portal/pri/news/detail.action',4474,'李炯',166,'13585940845',NULL,'218.201.251.79','meetingId = 166 , menu_id = 3076 , menu_name = ???????? , id = 22 , ',3076,NULL),
  ('00000000362dd08f01363411d33b0123','2012-03-21 15:04:05','/meeting/portal/pri/news/detail.action',4474,'李炯',166,'13585940845',NULL,'218.201.251.79','meetingId = 166 , menu_id = 3076 , menu_name = ???????? , id = 23 , ',3076,NULL),
  ('00000000362dd08f01363411e8780124','2012-03-21 15:04:10','/meeting/portal/pri/meeting/getMeetingById.action',4474,'李炯',166,'13585940845',NULL,'218.201.251.79','returnType = portal_viewmeeting , menu_id = 3062 , menu_name = 首页 , meeting.id = 166 , ',3062,NULL),
  ('00000000362dd08f01363411f2630125','2012-03-21 15:04:13','/meeting/portal/pri/news/show.action',4474,'李炯',166,'13585940845',NULL,'218.201.251.79','meetingId = 166 , menu_id = 3076 , menu_name = 新闻中心 , ',3076,NULL),
  ('00000000362dd08f013634120a070126','2012-03-21 15:04:19','/meeting/portal/pri/meeting/getMeetingById.action',4474,'李炯',166,'13585940845',NULL,'218.201.251.79','returnType = portal_viewmeeting , menu_id = 3062 , menu_name = 首页 , meeting.id = 166 , ',3062,NULL),
  ('00000000362dd08f01363412180a0127','2012-03-21 15:04:22','/meeting/portal/pri/news/show.action',4474,'李炯',166,'13585940845',NULL,'218.201.251.79','meetingId = 166 , menu_id = 3076 , menu_name = 新闻中心 , ',3076,NULL),
  ('00000000362dd08f013634121f8d0128','2012-03-21 15:04:24','/meeting/portal/pri/meeting/getMeetingById.action',4474,'李炯',166,'13585940845',NULL,'218.201.251.79','returnType = portal_viewmeeting , menu_id = 3062 , menu_name = 首页 , meeting.id = 166 , ',3062,NULL),
  ('00000000362dd08f0136341251e50129','2012-03-21 15:04:37','/meeting/portal/pri/news/show.action',4474,'李炯',166,'13585940845',NULL,'218.201.251.79','meetingId = 166 , menu_id = 3076 , menu_name = 新闻中心 , ',3076,NULL),
  ('00000000362dd08f013634125bd2012a','2012-03-21 15:04:40','/meeting/portal/pri/meeting/getMeetingById.action',4474,'李炯',166,'13585940845',NULL,'218.201.251.79','returnType = portal_viewmeeting , menu_id = 3062 , menu_name = 首页 , meeting.id = 166 , ',3062,NULL),
  ('00000000362dd08f01363412a042012b','2012-03-21 15:04:57','/meeting/portal/pri/meeting/getMeetingUsers.action',4474,'李炯',166,'13585940845',NULL,'218.201.251.79','menu_id = 3069 , menu_name = 通讯录 , meeting.id = 166 , ',3069,NULL),
  ('00000000362dd08f01363412a6cc012c','2012-03-21 15:04:59','/meeting/portal/pri/meeting/getMeetingById.action',4474,'李炯',166,'13585940845',NULL,'218.201.251.79','returnType = portal_viewmeeting , menu_id = 3062 , menu_name = 首页 , meeting.id = 166 , ',3062,NULL),
  ('00000000362dd08f01363412bdf2012d','2012-03-21 15:05:05','/meeting/portal/pri/meeting/getMeetingUsers.action',4474,'李炯',166,'13585940845',NULL,'218.201.251.79','menu_id = 3069 , menu_name = 通讯录 , meeting.id = 166 , ',3069,NULL),
  ('00000000362dd08f01363412c1a7012e','2012-03-21 15:05:06','/meeting/portal/pri/meeting/getMeetingById.action',4474,'李炯',166,'13585940845',NULL,'218.201.251.79','returnType = portal_viewmeeting , menu_id = 3062 , menu_name = 首页 , meeting.id = 166 , ',3062,NULL),
  ('00000000362dd08f01363412c58b012f','2012-03-21 15:05:07','/meeting/portal/pri/meeting/getMeetingUsers.action',4474,'李炯',166,'13585940845',NULL,'218.201.251.79','menu_id = 3069 , menu_name = 通讯录 , meeting.id = 166 , ',3069,NULL),
  ('00000000362dd08f01363412cc150130','2012-03-21 15:05:08','/meeting/portal/pri/agenda/agendaList.action',4474,'李炯',166,'13585940845',NULL,'218.201.251.79','meetingId = 166 , menu_id = 3063 , menu_name = 会议议程 , ',3063,NULL),
  ('00000000362dd08f01363412d0a30131','2012-03-21 15:05:10','/meeting/portal/pri/meeting/getMeetingById.action',4474,'李炯',166,'13585940845',NULL,'218.201.251.79','returnType = portal_viewmeeting , menu_id = 3062 , menu_name = 首页 , meeting.id = 166 , ',3062,NULL),
  ('00000000362dd08f01363412d3e50132','2012-03-21 15:05:10','/meeting/portal/pri/meeting/getMeetingUsers.action',4474,'李炯',166,'13585940845',NULL,'218.201.251.79','menu_id = 3069 , menu_name = 通讯录 , meeting.id = 166 , ',3069,NULL),
  ('00000000362dd08f01363412db1d0133','2012-03-21 15:05:12','/meeting/portal/pri/agenda/agendaList.action',4474,'李炯',166,'13585940845',NULL,'218.201.251.79','meetingId = 166 , menu_id = 3063 , menu_name = 会议议程 , ',3063,NULL),
  ('00000000362dd08f01363412eee40134','2012-03-21 15:05:17','/meeting/portal/pri/meeting/getMeetingUsers.action',4474,'李炯',166,'13585940845',NULL,'218.201.251.79','menu_id = 3069 , menu_name = 通讯录 , meeting.id = 166 , ',3069,NULL),
  ('00000000362dd08f01363412f31c0135','2012-03-21 15:05:18','/meeting/portal/pri/agenda/agendaList.action',4474,'李炯',166,'13585940845',NULL,'218.201.251.79','meetingId = 166 , menu_id = 3063 , menu_name = 会议议程 , ',3063,NULL),
  ('00000000362dd08f0136341327eb0136','2012-03-21 15:05:32','/meeting/portal/pri/meeting/getMeetingFilesPager.action',4474,'李炯',166,'13585940845',NULL,'218.201.251.79','meetingId = 166 , menu_id = 3064 , menu_name = 会议资料 , from = portal , ',3064,NULL),
  ('00000000362dd08f0136341472630137','2012-03-21 15:06:56','/meeting/portal/pri/agenda/agendaList.action',4474,'李炯',166,'13585940845',NULL,'218.201.251.79','meetingId = 166 , menu_id = 3063 , menu_name = 会议议程 , ',3063,NULL),
  ('00000000362dd08f013634150bd30138','2012-03-21 15:07:36','/meeting/portal/pri/news/show.action',4474,'李炯',166,'13585940845',NULL,'218.201.251.79','meetingId = 166 , menu_id = 3076 , menu_name = 新闻中心 , ',3076,NULL),
  ('00000000362dd08f01363415a65b0139','2012-03-21 15:08:15','/meeting/portal/pri/interaction/postList.action',4474,'李炯',166,'13585940845',NULL,'218.201.251.79','meetingId = 166 , menu_id = 3065 , menu_name = 互动交流 , ',3065,NULL),
  ('00000000362dd08f01363415aa7d013a','2012-03-21 15:08:16','/meeting/portal/pri/meeting/getMeetingFilesPager.action',4474,'李炯',166,'13585940845',NULL,'218.201.251.79','meetingId = 166 , menu_id = 3064 , menu_name = 会议资料 , from = portal , ',3064,NULL),
  ('00000000362dd08f01363415aea2013b','2012-03-21 15:08:17','/meeting/portal/pri/meeting/getMeetingFilesPager.action',4474,'李炯',166,'13585940845',NULL,'218.201.251.79','meetingId = 166 , menu_id = 3064 , menu_name = 会议资料 , from = portal , ',3064,NULL),
  ('00000000362dd08f01363415da62013c','2012-03-21 15:08:29','/meeting/portal/pri/agenda/agendaList.action',4474,'李炯',166,'13585940845',NULL,'218.201.251.79','meetingId = 166 , menu_id = 3063 , menu_name = 会议议程 , ',3063,NULL),
  ('00000000362dd08f01363415e013013d','2012-03-21 15:08:30','/meeting/portal/pri/meeting/getMeetingUsers.action',4474,'李炯',166,'13585940845',NULL,'218.201.251.79','menu_id = 3069 , menu_name = 通讯录 , meeting.id = 166 , ',3069,NULL),
  ('00000000362dd08f01363415e441013e','2012-03-21 15:08:31','/meeting/portal/pri/meeting/getMeetingById.action',4474,'李炯',166,'13585940845',NULL,'218.201.251.79','returnType = portal_viewmeeting , menu_id = 3062 , menu_name = 首页 , meeting.id = 166 , ',3062,NULL),
  ('00000000362dd08f01363415ec6f013f','2012-03-21 15:08:33','/meeting/portal/pri/meeting/getMeetingUsers.action',4474,'李炯',166,'13585940845',NULL,'218.201.251.79','menu_id = 3069 , menu_name = 通讯录 , meeting.id = 166 , ',3069,NULL),
  ('00000000362dd08f01363415f3580140','2012-03-21 15:08:35','/meeting/portal/pri/agenda/agendaList.action',4474,'李炯',166,'13585940845',NULL,'218.201.251.79','meetingId = 166 , menu_id = 3063 , menu_name = 会议议程 , ',3063,NULL),
  ('00000000362dd08f01363415f6a00141','2012-03-21 15:08:36','/meeting/portal/pri/meeting/getMeetingFilesPager.action',4474,'李炯',166,'13585940845',NULL,'218.201.251.79','meetingId = 166 , menu_id = 3064 , menu_name = 会议资料 , from = portal , ',3064,NULL),
  ('00000000362dd08f0136341688a60142','2012-03-21 15:09:13','/meeting/portal/pri/agenda/agendaList.action',4474,'李炯',166,'13585940845',NULL,'218.201.251.79','meetingId = 166 , menu_id = 3063 , menu_name = 会议议程 , ',3063,NULL),
  ('00000000362dd08f013634168a8d0143','2012-03-21 15:09:14','/meeting/portal/pri/agenda/agendaList.action',4474,'李炯',166,'13585940845',NULL,'218.201.251.79','meetingId = 166 , menu_id = 3063 , menu_name = 会议议程 , ',3063,NULL),
  ('00000000362dd08f01363417a3bb0144','2012-03-21 15:10:26','/meeting/portal/pri/news/show.action',4474,'李炯',166,'13585940845',NULL,'218.201.251.79','meetingId = 166 , menu_id = 3076 , menu_name = 新闻中心 , ',3076,NULL),
  ('00000000362dd08f01363417a88c0145','2012-03-21 15:10:27','/meeting/portal/pri/interaction/postList.action',4474,'李炯',166,'13585940845',NULL,'218.201.251.79','meetingId = 166 , menu_id = 3065 , menu_name = 互动交流 , ',3065,NULL),
  ('00000000362dd08f01363417b2890146','2012-03-21 15:10:30','/meeting/portal/pri/interaction/postList.action',4474,'李炯',166,'13585940845',NULL,'218.201.251.79','meetingId = 166 , menu_id = 3065 , menu_name = 互动交流 , ',3065,NULL),
  ('00000000362dd08f01363417b9130147','2012-03-21 15:10:31','/meeting/portal/pri/meeting/getMeetingFilesPager.action',4474,'李炯',166,'13585940845',NULL,'218.201.251.79','meetingId = 166 , menu_id = 3064 , menu_name = 会议资料 , from = portal , ',3064,NULL),
  ('00000000362dd08f01363417bd8d0148','2012-03-21 15:10:32','/meeting/portal/pri/agenda/agendaList.action',4474,'李炯',166,'13585940845',NULL,'218.201.251.79','meetingId = 166 , menu_id = 3063 , menu_name = 会议议程 , ',3063,NULL),
  ('00000000362dd08f01363417c3200149','2012-03-21 15:10:34','/meeting/portal/pri/meeting/getMeetingUsers.action',4474,'李炯',166,'13585940845',NULL,'218.201.251.79','menu_id = 3069 , menu_name = 通讯录 , meeting.id = 166 , ',3069,NULL),
  ('00000000362dd08f013634180dc0014a','2012-03-21 15:10:53','/meeting/portal/pri/meeting/getMeetingUsers.action',4474,'李炯',166,'13585940845',NULL,'218.201.251.79','menu_id = 3069 , menu_name = 通讯录 , meeting.id = 166 , ',3069,NULL),
  ('00000000362dd08f013634187a94014b','2012-03-21 15:11:21','/meeting/portal/pri/meeting/getMeetingUsers.action',4474,'李炯',166,'13585940845',NULL,'218.201.251.79','menu_id = 3069 , menu_name = 通讯录 , meeting.id = 166 , ',3069,NULL),
  ('00000000362dd08f013634199a03014c','2012-03-21 15:12:34','/meeting/portal/pri/agenda/agendaList.action',4474,'李炯',166,'13585940845',NULL,'218.201.251.79','meetingId = 166 , menu_id = 3063 , menu_name = 会议议程 , ',3063,NULL),
  ('00000000362dd08f0136341a29fb014d','2012-03-21 15:13:11','/meeting/portal/pri/meeting/getMeetingById.action',4458,'郭旭',166,'15256560237',NULL,'218.201.251.79','returnType = portal_viewmeeting , menu_id = 3062 , menu_name = 首页 , meeting.id = 166 , ',3062,NULL),
  ('00000000362dd08f0136341aaff7014e','2012-03-21 15:13:45','/meeting/portal/pri/meeting/getMeetingById.action',4458,'郭旭',166,'15256560237',NULL,'218.201.251.79','returnType = portal_viewmeeting , menu_id = 3062 , menu_name = 首页 , meeting.id = 166 , ',3062,NULL),
  ('00000000362dd08f0136341ab7d1014f','2012-03-21 15:13:47','/meeting/portal/pri/meeting/getCustomeMenu.action',4458,'郭旭',166,'15256560237',NULL,'218.201.251.79','content.id = 128 , meetingId = 166 , returnType = portal , menu_id = 3085 , menu_name = 接待安排 , ',3085,NULL),
  ('00000000362dd08f0136341fc0100150','2012-03-21 15:19:17','/meeting/portal/pri/meeting/getMeetingById.action',4474,'李炯',166,'13585940845',NULL,'218.201.251.79','returnType = portal_viewmeeting , menu_id = 3062 , menu_name = 首页 , meeting.id = 166 , ',3062,NULL),
  ('00000000362dd08f0136341fcc660151','2012-03-21 15:19:20','/meeting/portal/pri/news/detail.action',4474,'李炯',166,'13585940845',NULL,'218.201.251.79','meetingId = 166 , menu_id = 3062 , menu_name = ??? , id = 23 , ',3062,NULL),
  ('00000000362dd08f0136341fcd310152','2012-03-21 15:19:21','/meeting/portal/pri/news/detail.action',4474,'李炯',166,'13585940845',NULL,'218.201.251.79','meetingId = 166 , menu_id = 3062 , menu_name = 首页 , id = 23 , ',3062,NULL),
  ('00000000362dd08f0136341fce150153','2012-03-21 15:19:21','/meeting/portal/pri/news/detail.action',4474,'李炯',166,'13585940845',NULL,'218.201.251.79','meetingId = 166 , menu_id = 3062 , menu_name = ??? , id = 23 , ',3062,NULL),
  ('00000000362dd08f0136341fe4e20154','2012-03-21 15:19:27','/meeting/portal/pri/news/detail.action',4474,'李炯',166,'13585940845',NULL,'218.201.251.79','meetingId = 166 , menu_id = 3062 , menu_name = 首页 , id = 22 , ',3062,NULL),
  ('00000000362dd08f013634208bf80155','2012-03-21 15:20:09','/meeting/portal/pri/meeting/getMeetingById.action',4458,'郭旭',166,'15256560237',NULL,'218.201.251.79','returnType = portal_viewmeeting , menu_id = 3062 , menu_name = 首页 , meeting.id = 166 , ',3062,NULL),
  ('00000000362dd08f0136342600b00156','2012-03-21 15:26:07','/meeting/portal/pri/meeting/getMeetingById.action',4474,'李炯',166,'13585940845',NULL,'218.201.251.79','returnType = portal_viewmeeting , menu_id = 3062 , menu_name = 首页 , meeting.id = 166 , ',3062,NULL),
  ('00000000362dd08f013634263a260157','2012-03-21 15:26:22','/meeting/portal/pri/meeting/getMeetingById.action',4474,'李炯',166,'13585940845',NULL,'218.201.251.79','returnType = portal_viewmeeting , menu_id = 3062 , menu_name = 首页 , meeting.id = 166 , ',3062,NULL),
  ('00000000362dd08f0136342640c40158','2012-03-21 15:26:23','/meeting/portal/pri/meeting/getMeetingById.action',4474,'李炯',166,'13585940845',NULL,'218.201.251.79','returnType = portal_viewmeeting , menu_id = 3062 , menu_name = 首页 , meeting.id = 166 , ',3062,NULL),
  ('00000000362dd08f01363426437d0159','2012-03-21 15:26:24','/meeting/portal/pri/meeting/getMeetingById.action',4474,'李炯',166,'13585940845',NULL,'218.201.251.79','returnType = portal_viewmeeting , menu_id = 3062 , menu_name = 首页 , meeting.id = 166 , ',3062,NULL),
  ('00000000362dd08f01363426cd97015a','2012-03-21 15:26:59','/meeting/portal/pri/meeting/getMeetingById.action',4474,'李炯',166,'13585940845',NULL,'218.201.251.79','returnType = portal_viewmeeting , menu_id = 3062 , menu_name = 首页 , meeting.id = 166 , ',3062,NULL),
  ('00000000362dd08f013634278387015b','2012-03-21 15:27:46','/meeting/portal/pri/meeting/getMeetingUsers.action',4458,'郭旭',166,'15256560237',NULL,'218.201.251.79','menu_id = 3069 , menu_name = 通讯录 , meeting.id = 166 , ',3069,NULL),
  ('00000000362dd08f013634278751015c','2012-03-21 15:27:47','/meeting/portal/pri/meeting/getCustomeMenu.action',4458,'郭旭',166,'15256560237',NULL,'218.201.251.79','content.id = 128 , meetingId = 166 , returnType = portal , menu_id = 3085 , menu_name = 接待安排 , ',3085,NULL),
  ('00000000362dd08f01363427b951015d','2012-03-21 15:28:00','/meeting/portal/pri/meeting/getCustomeMenu.action',4458,'郭旭',166,'15256560237',NULL,'218.201.251.79','content.id = 128 , meetingId = 166 , returnType = portal , menu_id = 3085 , menu_name = 接待安排 , ',3085,NULL),
  ('00000000362dd08f01363427c5c3015e','2012-03-21 15:28:03','/meeting/portal/pri/agenda/agendaList.action',4458,'郭旭',166,'15256560237',NULL,'218.201.251.79','meetingId = 166 , menu_id = 3063 , menu_name = 会议议程 , ',3063,NULL),
  ('00000000362dd08f01363427ce40015f','2012-03-21 15:28:05','/meeting/portal/pri/meeting/getCustomeMenu.action',4458,'郭旭',166,'15256560237',NULL,'218.201.251.79','content.id = 128 , meetingId = 166 , returnType = portal , menu_id = 3085 , menu_name = 接待安排 , ',3085,NULL),
  ('00000000362dd08f01363427d40d0160','2012-03-21 15:28:07','/meeting/portal/pri/meeting/getMeetingById.action',4474,'李炯',166,'13585940845',NULL,'218.201.251.79','returnType = portal_viewmeeting , menu_id = 3062 , menu_name = 首页 , meeting.id = 166 , ',3062,NULL),
  ('00000000362dd08f0136342baf920161','2012-03-21 15:32:19','/meeting/portal/pri/meeting/getMeetingUsers.action',4474,'李炯',166,'13585940845',NULL,'218.201.251.79','menu_id = 3069 , menu_name = 通讯录 , meeting.id = 166 , ',3069,NULL),
  ('00000000362dd08f0136342bb5920162','2012-03-21 15:32:21','/meeting/portal/pri/meeting/getMeetingById.action',4474,'李炯',166,'13585940845',NULL,'218.201.251.79','returnType = portal_viewmeeting , menu_id = 3062 , menu_name = 首页 , meeting.id = 166 , ',3062,NULL),
  ('00000000362dd08f0136342e0cd80163','2012-03-21 15:34:54','/meeting/portal/pri/meeting/getMeetingById.action',4458,'郭旭',166,'15256560237',NULL,'218.201.251.79','returnType = portal_viewmeeting , menu_id = 3062 , menu_name = ??? , meeting.id = 166 , ',3062,NULL),
  ('00000000362dd08f0136342e114c0164','2012-03-21 15:34:56','/meeting/portal/pri/meeting/getMeetingById.action',4458,'郭旭',166,'15256560237',NULL,'218.201.251.79','returnType = portal_viewmeeting , menu_id = 3062 , menu_name = 首页 , meeting.id = 166 , ',3062,NULL),
  ('00000000362dd08f0136343343120165','2012-03-21 15:40:36','/meeting/portal/pri/meeting/getMeetingById.action',4458,'郭旭',166,'15256560237',NULL,'218.201.251.79','returnType = portal_viewmeeting , menu_id = 3062 , menu_name = 首页 , meeting.id = 166 , ',3062,NULL),
  ('00000000362dd08f013634334daf0166','2012-03-21 15:40:39','/meeting/portal/pri/news/detail.action',4458,'郭旭',166,'15256560237',NULL,'218.201.251.79','meetingId = 166 , menu_id = 3062 , menu_name = ??? , id = 24 , ',3062,NULL),
  ('00000000362dd08f01363435a2050167','2012-03-21 15:43:11','/meeting/portal/pri/meeting/getMeetingById.action',4458,'郭旭',166,'15256560237',NULL,'218.201.251.79','returnType = portal_viewmeeting , menu_id = 3062 , menu_name = 首页 , meeting.id = 166 , ',3062,NULL),
  ('00000000362dd08f013634360e740168','2012-03-21 15:43:39','/meeting/portal/pri/meeting/getMeetingById.action',4458,'郭旭',166,'15256560237',NULL,'218.201.251.79','returnType = portal_viewmeeting , menu_id = 3062 , menu_name = 首页 , meeting.id = 166 , ',3062,NULL),
  ('00000000362dd08f0136343fb62a0169','2012-03-21 15:54:12','/meeting/portal/pri/news/show.action',4458,'郭旭',166,'15256560237',NULL,'218.201.251.79','meetingId = 166 , menu_id = 3076 , menu_name = 新闻中心 , ',3076,NULL),
  ('00000000362dd08f013634401b74016a','2012-03-21 15:54:38','/meeting/portal/pri/meeting/getMeetingFilesPager.action',4458,'郭旭',166,'15256560237',NULL,'218.201.251.79','meetingId = 166 , menu_id = 3064 , menu_name = 会议资料 , from = portal , ',3064,NULL),
  ('00000000362dd08f013634402382016b','2012-03-21 15:54:40','/meeting/portal/pri/interaction/postList.action',4458,'郭旭',166,'15256560237',NULL,'218.201.251.79','meetingId = 166 , menu_id = 3065 , menu_name = 互动交流 , ',3065,NULL),
  ('00000000362dd08f013634402b27016c','2012-03-21 15:54:42','/meeting/portal/pri/news/show.action',4458,'郭旭',166,'15256560237',NULL,'218.201.251.79','meetingId = 166 , menu_id = 3076 , menu_name = 新闻中心 , ',3076,NULL),
  ('00000000362dd08f01363440371f016d','2012-03-21 15:54:45','/meeting/portal/pri/meeting/getMeetingById.action',4458,'郭旭',166,'15256560237',NULL,'218.201.251.79','returnType = portal_viewmeeting , menu_id = 3062 , menu_name = 首页 , meeting.id = 166 , ',3062,NULL),
  ('00000000362dd08f01363456585b016e','2012-03-21 16:18:55','/meeting/portal/pri/meeting/getMeetingById.action',4474,'李炯',166,'13585940845',NULL,'218.201.251.79','returnType = portal_viewmeeting , menu_id = 3062 , menu_name = 首页 , meeting.id = 166 , ',3062,NULL),
  ('00000000362dd08f0136345671ef016f','2012-03-21 16:19:02','/meeting/portal/pri/meeting/getCustomeMenu.action',4474,'李炯',166,'13585940845',NULL,'218.201.251.79','content.id = 128 , meetingId = 166 , returnType = portal , menu_id = 3085 , menu_name = 接待安排 , ',3085,NULL),
  ('00000000362dd08f0136345678040170','2012-03-21 16:19:03','/meeting/portal/pri/agenda/agendaList.action',4474,'李炯',166,'13585940845',NULL,'218.201.251.79','meetingId = 166 , menu_id = 3063 , menu_name = 会议议程 , ',3063,NULL),
  ('00000000362dd08f013634567e980171','2012-03-21 16:19:05','/meeting/portal/pri/meeting/getMeetingFilesPager.action',4474,'李炯',166,'13585940845',NULL,'218.201.251.79','meetingId = 166 , menu_id = 3064 , menu_name = 会议资料 , from = portal , ',3064,NULL),
  ('00000000362dd08f0136345683520172','2012-03-21 16:19:06','/meeting/portal/pri/interaction/postList.action',4474,'李炯',166,'13585940845',NULL,'218.201.251.79','meetingId = 166 , menu_id = 3065 , menu_name = 互动交流 , ',3065,NULL),
  ('00000000362dd08f0136346699670173','2012-03-21 16:36:40','/meeting/portal/pri/message/list.action',4458,'郭旭',166,'15256560237',NULL,'218.201.251.79','meetingId = 166 , menu_id = 3070 , menu_name = 站内私信 , ',3070,NULL),
  ('00000000362dd08f01363466bb940174','2012-03-21 16:36:49','/meeting/portal/pri/message/selectUser.action',4458,'郭旭',166,'15256560237',NULL,'218.201.251.79','meetingId = 166 , menu_id = 3070 , ',3070,NULL),
  ('00000000362dd08f01363466c7b30175','2012-03-21 16:36:52','/meeting/portal/pri/message/list.action',4458,'郭旭',166,'15256560237',NULL,'218.201.251.79','select = new , selectuser = 4458 , meetingId = 166 , menu_id = 3070 , ',3070,NULL),
  ('00000000362dd08f01363466d5960176','2012-03-21 16:36:56','/meeting/portal/pri/message/list.action',4458,'郭旭',166,'15256560237',NULL,'218.201.251.79','select = outbox , meetingId = 166 , menu_id = 3070 , ',3070,NULL),
  ('00000000362dd08f01363466e6360177','2012-03-21 16:37:00','/meeting/portal/pri/meeting/getMeetingById.action',4458,'郭旭',166,'15256560237',NULL,'218.201.251.79','returnType = portal_viewmeeting , menu_id = 3062 , menu_name = 首页 , meeting.id = 166 , ',3062,NULL),
  ('00000000362dd08f01363466fa6d0178','2012-03-21 16:37:05','/meeting/portal/pri/message/list.action',4458,'郭旭',166,'15256560237',NULL,'218.201.251.79','meetingId = 166 , menu_id = 3070 , menu_name = 站内私信 , ',3070,NULL),
  ('00000000362dd08f0136346716a40179','2012-03-21 16:37:12','/meeting/portal/pri/meeting/getMeetingById.action',4458,'郭旭',166,'15256560237',NULL,'218.201.251.79','returnType = portal_viewmeeting , menu_id = 3062 , menu_name = 首页 , meeting.id = 166 , ',3062,NULL),
  ('00000000362dd08f013634690400017a','2012-03-21 16:39:19','/meeting/portal/pri/meeting/getMeetingById.action',4458,'郭旭',166,'15256560237',NULL,'218.201.251.79','returnType = portal_viewmeeting , menu_id = 3062 , menu_name = 首页 , meeting.id = 166 , ',3062,NULL),
  ('00000000362dd08f0136347ce10b017b','2012-03-21 17:01:01','/meeting/wap/pri/meeting/getMeetingById.action',4458,'郭旭',164,'15256560237',NULL,'218.201.251.79','returnType = wap , menu_id = 2980 , menu_name = 首页 , meeting.id = 164 , ',2980,NULL),
  ('00000000362dd08f0136347ce4d9017c','2012-03-21 17:01:02','/meeting/wap/pri/news/show.action',4458,'郭旭',164,'15256560237',NULL,'218.201.251.79','meetingId = 164 , menu_id = 3006 , menu_name = 新闻中心 , ',3006,NULL),
  ('00000000362dd08f0136347d11cd017d','2012-03-21 17:01:13','/meeting/wap/pri/meeting/getMeetingById.action',4458,'郭旭',166,'15256560237',NULL,'218.201.251.79','returnType = wap , menu_id = 3051 , menu_name = 首页 , meeting.id = 166 , ',3051,NULL),
  ('00000000362dd08f0136347d40dd017e','2012-03-21 17:01:25','/meeting/wap/pri/meeting/getMeetingUsers.action',4458,'郭旭',166,'15256560237',NULL,'218.201.251.79','menu_id = 3059 , menu_name = 通讯录 , meeting.id = 166 , ',3059,NULL),
  ('00000000362dd08f0136347d6563017f','2012-03-21 17:01:34','/meeting/wap/pri/agenda/view.action',4458,'郭旭',166,'15256560237',NULL,'218.201.251.79','meetingId = 166 , menu_id = 3053 , menu_name = 会议议程 , ',3053,NULL),
  ('00000000362dd08f0136347db4530180','2012-03-21 17:01:55','/meeting/wap/pri/files/getMeetingFilesPager.action',4458,'郭旭',166,'15256560237',NULL,'218.201.251.79','meetingId = 166 , menu_id = 3054 , menu_name = 会议资料 , ',3054,NULL),
  ('00000000362dd08f0136347e14220181','2012-03-21 17:02:19','/meeting/wap/pri/news/show.action',4458,'郭旭',166,'15256560237',NULL,'218.201.251.79','meetingId = 166 , menu_id = 3077 , menu_name = 新闻中心 , ',3077,NULL),
  ('00000000362dd08f0136347e21010182','2012-03-21 17:02:22','/meeting/wap/pri/news/detail.action',4458,'郭旭',166,'15256560237',NULL,'218.201.251.79','meetingId = 166 , menu_id = 3077 , menu_name = 新闻中心 , id = 24 , ',3077,NULL),
  ('00000000362dd08f0136347e2ca90183','2012-03-21 17:02:25','/meeting/wap/pri/interaction/postView.action',4458,'郭旭',166,'15256560237',NULL,'218.201.251.79','meetingId = 166 , menu_id = 3055 , menu_name = 互动交流 , ',3055,NULL),
  ('00000000362dd08f0136347e42350184','2012-03-21 17:02:31','/meeting/wap/pri/map/view.action',4458,'郭旭',166,'15256560237',NULL,'218.201.251.79','menu_id = 3056 , menu_name = 会场位置 , meeting.id = 166 , ',3056,NULL),
  ('00000000362dd08f0136347e8bad0185','2012-03-21 17:02:50','/meeting/wap/pri/hotel/list.action',4458,'郭旭',166,'15256560237',NULL,'218.201.251.79','meetingId = 166 , menu_id = 3084 , menu_name = 酒店信息 , ',3084,NULL),
  ('00000000362dd08f0136347ed4050186','2012-03-21 17:03:08','/meeting/wap/pri/agenda/view.action',4458,'郭旭',166,'15256560237',NULL,'218.201.251.79','meetingId = 166 , menu_id = 3053 , menu_name = 会议议程 , ',3053,NULL),
  ('00000000362dd08f0136347f22930187','2012-03-21 17:03:28','/meeting/wap/pri/hotel/list.action',4458,'郭旭',166,'15256560237',NULL,'218.201.251.79','meetingId = 166 , menu_id = 3084 , menu_name = 酒店信息 , ',3084,NULL),
  ('00000000362dd08f0136347fb3990188','2012-03-21 17:04:06','/meeting/wap/pri/news/show.action',4458,'郭旭',166,'15256560237',NULL,'218.201.251.79','meetingId = 166 , menu_id = 3077 , menu_name = 新闻中心 , ',3077,NULL),
  ('00000000362dd08f0136347fc0250189','2012-03-21 17:04:09','/meeting/wap/pri/news/detail.action',4458,'郭旭',166,'15256560237',NULL,'218.201.251.79','meetingId = 166 , menu_id = 3077 , menu_name = 新闻中心 , id = 24 , ',3077,NULL),
  ('00000000362dd08f01363484e178018a','2012-03-21 17:09:45','/meeting/portal/pri/interaction/postList.action',4458,'郭旭',166,'15256560237',NULL,'218.201.251.79','meetingId = 166 , menu_id = 3065 , menu_name = 互动交流 , ',3065,NULL),
  ('00000000362dd08f01363486b358018b','2012-03-21 17:11:44','/meeting/wap/pri/interaction/postView.action',4458,'郭旭',166,'15256560237',NULL,'218.201.251.79','meetingId = 166 , menu_id = 3055 , menu_name = 互动交流 , ',3055,NULL),
  ('00000000362dd08f0136348747a6018c','2012-03-21 17:12:22','/meeting/wap/pri/interaction/postDetail.action',4458,'郭旭',166,'15256560237',NULL,'218.201.251.79','postId = 680 , meetingId = 166 , menu_id = 3055 , ',3055,NULL),
  ('00000000362dd08f013634875954018d','2012-03-21 17:12:27','/meeting/wap/pri/interaction/postView.action',4458,'郭旭',166,'15256560237',NULL,'218.201.251.79','meetingId = 166 , menu_id = 3055 , menu_name = 互动交流 , ',3055,NULL),
  ('00000000362dd08f013634877220018e','2012-03-21 17:12:33','/meeting/wap/pri/hotel/list.action',4458,'郭旭',166,'15256560237',NULL,'218.201.251.79','meetingId = 166 , menu_id = 3084 , menu_name = 酒店信息 , ',3084,NULL),
  ('00000000362dd08f01363487a894018f','2012-03-21 17:12:47','/meeting/wap/pri/meeting/getMeetingById.action',4458,'郭旭',166,'15256560237',NULL,'218.201.251.79','returnType = wap , menu_id = 3051 , menu_name = 首页 , meeting.id = 166 , ',3051,NULL),
  ('00000000362dd08f01363487c3a30190','2012-03-21 17:12:54','/meeting/wap/pri/meeting/getMeetingUsers.action',4458,'郭旭',166,'15256560237',NULL,'218.201.251.79','menu_id = 3059 , menu_name = 通讯录 , meeting.id = 166 , ',3059,NULL),
  ('00000000362dd08f01363487cdf60191','2012-03-21 17:12:57','/meeting/wap/pri/agenda/view.action',4458,'郭旭',166,'15256560237',NULL,'218.201.251.79','meetingId = 166 , menu_id = 3053 , menu_name = 会议议程 , ',3053,NULL),
  ('00000000362dd08f0136348802d60192','2012-03-21 17:13:10','/meeting/wap/pri/files/getMeetingFilesPager.action',4458,'郭旭',166,'15256560237',NULL,'218.201.251.79','meetingId = 166 , menu_id = 3054 , menu_name = 会议资料 , ',3054,NULL),
  ('00000000362dd08f013634880f5d0193','2012-03-21 17:13:13','/meeting/wap/pri/news/show.action',4458,'郭旭',166,'15256560237',NULL,'218.201.251.79','meetingId = 166 , menu_id = 3077 , menu_name = 新闻中心 , ',3077,NULL),
  ('00000000362dd08f0136348821af0194','2012-03-21 17:13:18','/meeting/wap/pri/map/view.action',4458,'郭旭',166,'15256560237',NULL,'218.201.251.79','menu_id = 3056 , menu_name = 会场位置 , meeting.id = 166 , ',3056,NULL),
  ('00000000362dd08f01363488325e0195','2012-03-21 17:13:22','/meeting/wap/pri/interaction/postView.action',4458,'郭旭',166,'15256560237',NULL,'218.201.251.79','meetingId = 166 , menu_id = 3055 , menu_name = 互动交流 , ',3055,NULL),
  ('00000000362dd08f013634885a250196','2012-03-21 17:13:32','/meeting/wap/pri/meeting/getMeetingById.action',4458,'郭旭',166,'15256560237',NULL,'218.201.251.79','returnType = wap , menu_id = 3051 , menu_name = 首页 , meeting.id = 166 , ',3051,NULL),
  ('00000000362dd08f01363488f4e00197','2012-03-21 17:14:12','/meeting/portal/pri/meeting/getMeetingById.action',4474,'李炯',166,'13585940845',NULL,'218.201.251.79','returnType = portal_viewmeeting , menu_id = 3062 , menu_name = 首页 , meeting.id = 166 , ',3062,NULL),
  ('00000000362dd08f01363489b6f90198','2012-03-21 17:15:02','/meeting/portal/pri/hotel/list.action',4474,'李炯',166,'13585940845',NULL,'218.201.251.79','meetingId = 166 , menu_id = 3083 , menu_name = 酒店信息 , ',3083,NULL),
  ('00000000362dd08f01363489c2db0199','2012-03-21 17:15:05','/meeting/portal/pri/interaction/postList.action',4458,'郭旭',166,'15256560237',NULL,'218.201.251.79','meetingId = 166 , menu_id = 3065 , menu_name = 互动交流 , ',3065,NULL),
  ('00000000362dd08f0136348b55df019a','2012-03-21 17:16:48','/meeting/portal/pri/meeting/getMeetingById.action',4458,'郭旭',166,'15256560237',NULL,'218.201.251.79','returnType = portal_viewmeeting , menu_id = 3062 , menu_name = 首页 , meeting.id = 166 , ',3062,NULL),
  ('00000000362dd08f0136348b6539019b','2012-03-21 17:16:52','/meeting/portal/pri/meeting/getMeetingUsers.action',4458,'郭旭',166,'15256560237',NULL,'218.201.251.79','menu_id = 3069 , menu_name = 通讯录 , meeting.id = 166 , ',3069,NULL),
  ('00000000362dd08f0136348b6da3019c','2012-03-21 17:16:54','/meeting/portal/pri/meeting/getCustomeMenu.action',4458,'郭旭',166,'15256560237',NULL,'218.201.251.79','content.id = 128 , meetingId = 166 , returnType = portal , menu_id = 3085 , menu_name = 接待安排 , ',3085,NULL),
  ('00000000362dd08f0136348b7e91019d','2012-03-21 17:16:58','/meeting/portal/pri/agenda/agendaList.action',4458,'郭旭',166,'15256560237',NULL,'218.201.251.79','meetingId = 166 , menu_id = 3063 , menu_name = 会议议程 , ',3063,NULL),
  ('00000000362dd08f0136348b8372019e','2012-03-21 17:17:00','/meeting/portal/pri/meeting/getCustomeMenu.action',4458,'郭旭',166,'15256560237',NULL,'218.201.251.79','content.id = 128 , meetingId = 166 , returnType = portal , menu_id = 3085 , menu_name = 接待安排 , ',3085,NULL),
  ('00000000362dd08f0136348b9af6019f','2012-03-21 17:17:06','/meeting/portal/pri/meeting/getMeetingById.action',4458,'郭旭',166,'15256560237',NULL,'218.201.251.79','returnType = portal_viewmeeting , menu_id = 3062 , menu_name = 首页 , meeting.id = 166 , ',3062,NULL),
  ('00000000362dd08f0136348cd19901a0','2012-03-21 17:18:25','/meeting/wap/pri/interaction/postView.action',4458,'郭旭',166,'15256560237',NULL,'218.201.251.79','meetingId = 166 , menu_id = 3055 , menu_name = 互动交流 , ',3055,NULL),
  ('00000000362dd08f0136348ce94101a1','2012-03-21 17:18:31','/meeting/wap/pri/map/view.action',4458,'郭旭',166,'15256560237',NULL,'218.201.251.79','menu_id = 3056 , menu_name = 会场位置 , meeting.id = 166 , ',3056,NULL),
  ('00000000362dd08f0136348d126301a2','2012-03-21 17:18:42','/meeting/wap/pri/hotel/list.action',4458,'郭旭',166,'15256560237',NULL,'218.201.251.79','meetingId = 166 , menu_id = 3084 , menu_name = 酒店信息 , ',3084,NULL),
  ('00000000362dd08f0136348d3efe01a3','2012-03-21 17:18:53','/meeting/wap/pri/meeting/getMeetingById.action',4458,'郭旭',164,'15256560237',NULL,'218.201.251.79','returnType = wap , menu_id = 2980 , menu_name = 首页 , meeting.id = 164 , ',2980,NULL),
  ('00000000362dd08f0136348d4c2301a4','2012-03-21 17:18:57','/meeting/wap/pri/guest/guest_findAllGuest.action',4458,'郭旭',164,'15256560237',NULL,'218.201.251.79','meetingId = 164 , menu_id = 3011 , menu_name = 嘉宾信息 , ',3011,NULL),
  ('00000000362dd08f0136348d567c01a5','2012-03-21 17:18:59','/meeting/wap/pri/paper/paper_findEnablePaper.action',4458,'郭旭',164,'15256560237',NULL,'218.201.251.79','meetingId = 164 , menu_id = 3009 , menu_name = 会场建议 , ',3009,NULL),
  ('00000000362dd08f0136348d5dbe01a6','2012-03-21 17:19:01','/meeting/wap/pri/agenda/view.action',4458,'郭旭',164,'15256560237',NULL,'218.201.251.79','meetingId = 164 , menu_id = 2982 , menu_name = 会议议程 , ',2982,NULL),
  ('00000000362dd08f0136348dfa6c01a7','2012-03-21 17:19:41','/meeting/wap/pri/meeting/getMeetingById.action',4458,'郭旭',164,'15256560237',NULL,'218.201.251.79','returnType = wap , menu_id = 2980 , menu_name = 首页 , meeting.id = 164 , ',2980,NULL);

COMMIT;

#
# Data for the `analytics_log` table  (LIMIT 500,500)
#

INSERT INTO `analytics_log` (`id`, `access_time`, `url`, `user_id`, `user_name`, `meeting_id`, `mobile`, `from_type`, `ip`, `params`, `menu_id`, `menu_name`) VALUES 
  ('00000000362dd08f0136348ebe7501a8','2012-03-21 17:20:31','/meeting/wap/pri/vote/vote_findEnableVote.action',4458,'郭旭',164,'15256560237',NULL,'218.201.251.79','meetingId = 164 , menu_id = 2981 , menu_name = 投票 , ',2981,NULL),
  ('00000000362dd08f0136348ec87701a9','2012-03-21 17:20:34','/meeting/wap/pri/agenda/view.action',4458,'郭旭',164,'15256560237',NULL,'218.201.251.79','meetingId = 164 , menu_id = 2982 , menu_name = 会议议程 , ',2982,NULL),
  ('00000000362dd08f0136348edbd401aa','2012-03-21 17:20:39','/meeting/wap/pri/guest/guest_findAllGuest.action',4458,'郭旭',164,'15256560237',NULL,'218.201.251.79','meetingId = 164 , menu_id = 3011 , menu_name = 嘉宾信息 , ',3011,NULL),
  ('00000000362dd08f0136348fc42301ab','2012-03-21 17:21:38','/meeting/portal/pri/meeting/getMeetingById.action',4455,'刘媛',166,'13608529590',NULL,'218.201.251.72','returnType = portal_viewmeeting , menu_id = 3062 , menu_name = 首页 , meeting.id = 166 , ',3062,NULL),
  ('00000000362dd08f01363490a92901ac','2012-03-21 17:22:37','/meeting/portal/pri/meeting/getMeetingUsers.action',4455,'刘媛',166,'13608529590',NULL,'218.201.251.72','menu_id = 3069 , menu_name = 通讯录 , meeting.id = 166 , ',3069,NULL),
  ('00000000362dd08f01363490c7fe01ad','2012-03-21 17:22:45','/meeting/portal/pri/agenda/agendaList.action',4455,'刘媛',166,'13608529590',NULL,'218.201.251.72','meetingId = 166 , menu_id = 3063 , menu_name = 会议议程 , ',3063,NULL),
  ('00000000362dd08f01363490da4301ae','2012-03-21 17:22:50','/meeting/portal/pri/meeting/getMeetingFilesPager.action',4455,'刘媛',166,'13608529590',NULL,'218.201.251.72','meetingId = 166 , menu_id = 3064 , menu_name = 会议资料 , from = portal , ',3064,NULL),
  ('00000000362dd08f01363490ec4001af','2012-03-21 17:22:54','/meeting/portal/pri/interaction/postList.action',4455,'刘媛',166,'13608529590',NULL,'218.201.251.72','meetingId = 166 , menu_id = 3065 , menu_name = 互动交流 , ',3065,NULL),
  ('00000000362dd08f013634915d5501b0','2012-03-21 17:23:23','/meeting/portal/pri/news/show.action',4455,'刘媛',166,'13608529590',NULL,'218.201.251.72','meetingId = 166 , menu_id = 3076 , menu_name = 新闻中心 , ',3076,NULL),
  ('00000000362dd08f01363491681201b1','2012-03-21 17:23:26','/meeting/portal/pri/news/detail.action',4455,'刘媛',166,'13608529590',NULL,'218.201.251.72','meetingId = 166 , menu_id = 3076 , menu_name = 新闻中心 , id = 24 , ',3076,NULL),
  ('00000000362dd08f01363491782101b2','2012-03-21 17:23:30','/meeting/portal/pri/meeting/getMeetingById.action',4455,'刘媛',166,'13608529590',NULL,'218.201.251.72','returnType = portal_map , menu_id = 3068 , menu_name = 会场位置 , meeting.id = 166 , ',3068,NULL),
  ('00000000362dd08f01363491892101b3','2012-03-21 17:23:34','/meeting/portal/pri/message/list.action',4455,'刘媛',166,'13608529590',NULL,'218.201.251.72','meetingId = 166 , menu_id = 3070 , menu_name = 站内私信 , ',3070,NULL),
  ('00000000362dd08f013634919a3001b4','2012-03-21 17:23:39','/meeting/portal/pri/hotel/list.action',4455,'刘媛',166,'13608529590',NULL,'218.201.251.72','meetingId = 166 , menu_id = 3083 , menu_name = 酒店信息 , ',3083,NULL),
  ('00000000362dd08f01363491a78301b5','2012-03-21 17:23:42','/meeting/portal/pri/meeting/getMeetingById.action',4455,'刘媛',166,'13608529590',NULL,'218.201.251.72','returnType = portal_viewmeeting , menu_id = 3062 , menu_name = 首页 , meeting.id = 166 , ',3062,NULL),
  ('00000000362dd08f01363493cdbf01b6','2012-03-21 17:26:03','/meeting/portal/pri/meeting/getCustomeMenu.action',4458,'郭旭',166,'15256560237',NULL,'218.201.251.79','content.id = 128 , meetingId = 166 , returnType = portal , menu_id = 3085 , menu_name = 接待安排 , ',3085,NULL),
  ('00000000362dd08f01363493e79f01b7','2012-03-21 17:26:10','/meeting/portal/pri/meeting/getCustomeMenu.action',4458,'郭旭',166,'15256560237',NULL,'218.201.251.79','content.id = 128 , meetingId = 166 , returnType = portal , menu_id = 3085 , menu_name = 接待安排 , ',3085,NULL),
  ('00000000362dd08f01363493ea9601b8','2012-03-21 17:26:10','/meeting/portal/pri/meeting/getCustomeMenu.action',4458,'郭旭',166,'15256560237',NULL,'218.201.251.79','content.id = 128 , meetingId = 166 , returnType = portal , menu_id = 3085 , menu_name = 接待安排 , ',3085,NULL),
  ('00000000362dd08f0136349400af01b9','2012-03-21 17:26:16','/meeting/portal/pri/meeting/getCustomeMenu.action',4458,'郭旭',166,'15256560237',NULL,'218.201.251.79','content.id = 128 , meetingId = 166 , returnType = portal , menu_id = 3085 , menu_name = 接待安排 , ',3085,NULL),
  ('00000000362dd08f0136349a61ab01ba','2012-03-21 17:33:14','/meeting/portal/pri/meeting/getMeetingById.action',4458,'郭旭',166,'15256560237',NULL,'218.201.251.79','returnType = portal_viewmeeting , menu_id = 3062 , menu_name = 首页 , meeting.id = 166 , ',3062,NULL),
  ('00000000362dd08f0136349b2f6601bb','2012-03-21 17:34:07','/meeting/portal/pri/hotel/list.action',4458,'郭旭',166,'15256560237',NULL,'218.201.251.79','meetingId = 166 , menu_id = 3083 , menu_name = 酒店信息 , ',3083,NULL),
  ('00000000362dd08f0136349e595101bc','2012-03-21 17:37:34','/meeting/portal/pri/meeting/getMeetingById.action',4458,'郭旭',166,'15256560237',NULL,'218.201.251.79','returnType = portal_viewmeeting , menu_id = 3062 , menu_name = 首页 , meeting.id = 166 , ',3062,NULL),
  ('00000000362dd08f0136349e711c01bd','2012-03-21 17:37:40','/meeting/portal/pri/hotel/list.action',4458,'郭旭',166,'15256560237',NULL,'218.201.251.79','meetingId = 166 , menu_id = 3083 , menu_name = 酒店信息 , ',3083,NULL),
  ('00000000362dd08f0136349e818501be','2012-03-21 17:37:44','/meeting/portal/pri/news/show.action',4458,'郭旭',166,'15256560237',NULL,'218.201.251.79','meetingId = 166 , menu_id = 3076 , menu_name = 新闻中心 , ',3076,NULL),
  ('00000000362dd08f0136349e889101bf','2012-03-21 17:37:46','/meeting/portal/pri/interaction/postList.action',4458,'郭旭',166,'15256560237',NULL,'218.201.251.79','meetingId = 166 , menu_id = 3065 , menu_name = 互动交流 , ',3065,NULL),
  ('00000000362dd08f0136349ee14d01c0','2012-03-21 17:38:09','/meeting/portal/pri/meeting/getMeetingById.action',4458,'郭旭',166,'15256560237',NULL,'218.201.251.79','returnType = portal_viewmeeting , menu_id = 3062 , menu_name = 首页 , meeting.id = 166 , ',3062,NULL),
  ('00000000362dd08f0136349efd7501c1','2012-03-21 17:38:16','/meeting/portal/pri/meeting/getMeetingById.action',4458,'郭旭',166,'15256560237',NULL,'218.201.251.79','returnType = portal_viewmeeting , menu_id = 3062 , menu_name = 首页 , meeting.id = 166 , ',3062,NULL),
  ('00000000362dd08f0136349fb23e01c2','2012-03-21 17:39:02','/meeting/portal/pri/meeting/getMeetingUsers.action',4458,'郭旭',166,'15256560237',NULL,'218.201.251.79','menu_id = 3069 , menu_name = 通讯录 , meeting.id = 166 , ',3069,NULL),
  ('00000000362dd08f013634a0202401c3','2012-03-21 17:39:30','/meeting/portal/pri/meeting/getMeetingById.action',4458,'郭旭',166,'15256560237',NULL,'218.201.251.79','returnType = portal_viewmeeting , menu_id = 3062 , menu_name = 首页 , meeting.id = 166 , ',3062,NULL),
  ('00000000362dd08f013634a0264901c4','2012-03-21 17:39:32','/meeting/portal/pri/meeting/getMeetingUsers.action',4458,'郭旭',166,'15256560237',NULL,'218.201.251.79','menu_id = 3069 , menu_name = 通讯录 , meeting.id = 166 , ',3069,NULL),
  ('00000000362dd08f013634a0746301c5','2012-03-21 17:39:52','/meeting/portal/pri/meeting/getMeetingUsers.action',4458,'郭旭',166,'15256560237',NULL,'218.201.251.79','menu_id = 3069 , menu_name = 通讯录 , meeting.id = 166 , ',3069,NULL),
  ('00000000362dd08f013634a13e6001c6','2012-03-21 17:40:44','/meeting/portal/pri/agenda/agendaList.action',4458,'郭旭',166,'15256560237',NULL,'218.201.251.79','meetingId = 166 , menu_id = 3063 , menu_name = 会议议程 , ',3063,NULL),
  ('00000000362dd08f013634a14fbd01c7','2012-03-21 17:40:48','/meeting/portal/pri/meeting/getMeetingFilesPager.action',4458,'郭旭',166,'15256560237',NULL,'218.201.251.79','meetingId = 166 , menu_id = 3064 , menu_name = 会议资料 , from = portal , ',3064,NULL),
  ('00000000362dd08f013634a1660501c8','2012-03-21 17:40:54','/meeting/portal/pri/interaction/postList.action',4458,'郭旭',166,'15256560237',NULL,'218.201.251.79','meetingId = 166 , menu_id = 3065 , menu_name = 互动交流 , ',3065,NULL),
  ('00000000362dd08f013634a2fa8301c9','2012-03-21 17:42:37','/meeting/portal/pri/news/show.action',4458,'郭旭',166,'15256560237',NULL,'218.201.251.79','meetingId = 166 , menu_id = 3076 , menu_name = 新闻中心 , ',3076,NULL),
  ('00000000362dd08f013634a2ff7a01ca','2012-03-21 17:42:39','/meeting/portal/pri/meeting/getMeetingById.action',4458,'郭旭',166,'15256560237',NULL,'218.201.251.79','returnType = portal_map , menu_id = 3068 , menu_name = 会场位置 , meeting.id = 166 , ',3068,NULL),
  ('00000000362dd08f013634a306d101cb','2012-03-21 17:42:41','/meeting/portal/pri/meeting/getMeetingUsers.action',4458,'郭旭',166,'15256560237',NULL,'218.201.251.79','menu_id = 3069 , menu_name = 通讯录 , meeting.id = 166 , ',3069,NULL),
  ('00000000362dd08f013634a4c56b01cc','2012-03-21 17:44:35','/meeting/portal/pri/agenda/agendaList.action',4458,'郭旭',166,'15256560237',NULL,'218.201.251.79','meetingId = 166 , menu_id = 3063 , menu_name = 会议议程 , ',3063,NULL),
  ('00000000362dd08f013634a4cac601cd','2012-03-21 17:44:36','/meeting/portal/pri/meeting/getMeetingUsers.action',4458,'郭旭',166,'15256560237',NULL,'218.201.251.79','menu_id = 3069 , menu_name = 通讯录 , meeting.id = 166 , ',3069,NULL),
  ('00000000362dd08f013634a4fc2e01ce','2012-03-21 17:44:49','/meeting/portal/pri/agenda/agendaList.action',4458,'郭旭',166,'15256560237',NULL,'218.201.251.79','meetingId = 166 , menu_id = 3063 , menu_name = 会议议程 , ',3063,NULL),
  ('00000000362dd08f013634a500df01cf','2012-03-21 17:44:50','/meeting/portal/pri/meeting/getMeetingFilesPager.action',4458,'郭旭',166,'15256560237',NULL,'218.201.251.79','meetingId = 166 , menu_id = 3064 , menu_name = 会议资料 , from = portal , ',3064,NULL),
  ('00000000362dd08f013634a50ccb01d0','2012-03-21 17:44:53','/meeting/portal/pri/interaction/postList.action',4458,'郭旭',166,'15256560237',NULL,'218.201.251.79','meetingId = 166 , menu_id = 3065 , menu_name = 互动交流 , ',3065,NULL),
  ('00000000362dd08f013634a5c85401d1','2012-03-21 17:45:41','/meeting/portal/pri/meeting/getMeetingUsers.action',4458,'郭旭',166,'15256560237',NULL,'218.201.251.79','menu_id = 3069 , menu_name = 通讯录 , meeting.id = 166 , ',3069,NULL),
  ('00000000362dd08f013634a5cd8501d2','2012-03-21 17:45:43','/meeting/portal/pri/agenda/agendaList.action',4458,'郭旭',166,'15256560237',NULL,'218.201.251.79','meetingId = 166 , menu_id = 3063 , menu_name = 会议议程 , ',3063,NULL),
  ('00000000362dd08f013634a5fe9f01d3','2012-03-21 17:45:55','/meeting/portal/pri/meeting/getMeetingFilesPager.action',4458,'郭旭',166,'15256560237',NULL,'218.201.251.79','meetingId = 166 , menu_id = 3064 , menu_name = 会议资料 , from = portal , ',3064,NULL),
  ('00000000362dd08f013634a603e401d4','2012-03-21 17:45:56','/meeting/portal/pri/interaction/postList.action',4458,'郭旭',166,'15256560237',NULL,'218.201.251.79','meetingId = 166 , menu_id = 3065 , menu_name = 互动交流 , ',3065,NULL),
  ('00000000362dd08f013634a60aee01d5','2012-03-21 17:45:58','/meeting/portal/pri/news/show.action',4458,'郭旭',166,'15256560237',NULL,'218.201.251.79','meetingId = 166 , menu_id = 3076 , menu_name = 新闻中心 , ',3076,NULL),
  ('00000000362dd08f013634a611d101d6','2012-03-21 17:46:00','/meeting/portal/pri/meeting/getMeetingById.action',4458,'郭旭',166,'15256560237',NULL,'218.201.251.79','returnType = portal_map , menu_id = 3068 , menu_name = 会场位置 , meeting.id = 166 , ',3068,NULL),
  ('00000000362dd08f013634a6224801d7','2012-03-21 17:46:04','/meeting/portal/pri/meeting/getMeetingById.action',4458,'郭旭',166,'15256560237',NULL,'218.201.251.79','returnType = portal_viewmeeting , menu_id = 3062 , menu_name = 首页 , meeting.id = 166 , ',3062,NULL),
  ('00000000362dd08f013634a6975c01d8','2012-03-21 17:46:34','/meeting/portal/pri/meeting/getMeetingById.action',4461,'周劲松',166,'13956099163',NULL,'10.196.138.65','returnType = portal_viewmeeting , menu_id = 3062 , menu_name = 首页 , meeting.id = 166 , ',3062,NULL),
  ('00000000362dd08f013634a6f3a001d9','2012-03-21 17:46:58','/meeting/portal/pri/interaction/postList.action',4461,'周劲松',166,'13956099163',NULL,'10.196.138.65','meetingId = 166 , menu_id = 3065 , menu_name = 互动交流 , ',3065,NULL),
  ('00000000362dd08f013634a796f001da','2012-03-21 17:47:40','/meeting/portal/pri/interaction/postList.action',4461,'周劲松',166,'13956099163',NULL,'10.196.138.65','meetingId = 166 , menu_id = 3065 , menu_name = 互动交流 , ',3065,NULL),
  ('00000000362dd08f013634a8642101db','2012-03-21 17:48:32','/meeting/portal/pri/meeting/getMeetingById.action',4474,'李炯',166,'13585940845',NULL,'218.201.251.79','returnType = portal_viewmeeting , menu_id = 3062 , menu_name = 首页 , meeting.id = 166 , ',3062,NULL),
  ('00000000362dd08f013634a89ac901dc','2012-03-21 17:48:46','/meeting/portal/pri/interaction/postList.action',4458,'郭旭',166,'15256560237',NULL,'218.201.251.79','meetingId = 166 , menu_id = 3065 , menu_name = 互动交流 , ',3065,NULL),
  ('00000000362dd08f013634a8ad9d01dd','2012-03-21 17:48:51','/meeting/portal/pri/meeting/getMeetingUsers.action',4474,'李炯',166,'13585940845',NULL,'218.201.251.79','menu_id = 3069 , menu_name = 通讯录 , meeting.id = 166 , ',3069,NULL),
  ('00000000362dd08f013634a8c2fc01de','2012-03-21 17:48:56','/meeting/portal/pri/agenda/agendaList.action',4474,'李炯',166,'13585940845',NULL,'218.201.251.79','meetingId = 166 , menu_id = 3063 , menu_name = 会议议程 , ',3063,NULL),
  ('00000000362dd08f013634a8d05901df','2012-03-21 17:49:00','/meeting/portal/pri/meeting/getMeetingFilesPager.action',4474,'李炯',166,'13585940845',NULL,'218.201.251.79','meetingId = 166 , menu_id = 3064 , menu_name = 会议资料 , from = portal , ',3064,NULL),
  ('00000000362dd08f013634a8d93801e0','2012-03-21 17:49:02','/meeting/portal/pri/interaction/postList.action',4474,'李炯',166,'13585940845',NULL,'218.201.251.79','meetingId = 166 , menu_id = 3065 , menu_name = 互动交流 , ',3065,NULL),
  ('00000000362dd08f013634a8e51501e1','2012-03-21 17:49:05','/meeting/portal/pri/meeting/getMeetingUsers.action',4474,'李炯',166,'13585940845',NULL,'218.201.251.79','menu_id = 3069 , menu_name = 通讯录 , meeting.id = 166 , ',3069,NULL),
  ('00000000362dd08f013634a9057801e2','2012-03-21 17:49:13','/meeting/portal/pri/meeting/getMeetingById.action',4474,'李炯',166,'13585940845',NULL,'218.201.251.79','returnType = portal_map , menu_id = 3068 , menu_name = 会场位置 , meeting.id = 166 , ',3068,NULL),
  ('00000000362dd08f013634a91e7701e3','2012-03-21 17:49:20','/meeting/portal/pri/meeting/getMeetingById.action',4474,'李炯',166,'13585940845',NULL,'218.201.251.79','returnType = portal_viewmeeting , menu_id = 3062 , menu_name = 首页 , meeting.id = 166 , ',3062,NULL),
  ('00000000362dd08f013634b2b7c501e4','2012-03-21 17:59:49','/meeting/portal/pri/interaction/postList.action',4474,'李炯',166,'13585940845',NULL,'218.201.251.79','meetingId = 166 , menu_id = 3065 , menu_name = 互动交流 , ',3065,NULL),
  ('00000000362dd08f013634b2cb4301e5','2012-03-21 17:59:54','/meeting/portal/pri/interaction/postList.action',4474,'李炯',166,'13585940845',NULL,'218.201.251.79','meetingId = 166 , menu_id = 3065 , menu_name = 互动交流 , ',3065,NULL),
  ('00000000362dd08f013634b3c8c701e6','2012-03-21 18:00:59','/meeting/portal/pri/meeting/getMeetingFilesPager.action',4474,'李炯',166,'13585940845',NULL,'218.201.251.79','meetingId = 166 , menu_id = 3064 , menu_name = 会议资料 , from = portal , ',3064,NULL),
  ('00000000362dd08f013634b3cec501e7','2012-03-21 18:01:00','/meeting/portal/pri/agenda/agendaList.action',4474,'李炯',166,'13585940845',NULL,'218.201.251.79','meetingId = 166 , menu_id = 3063 , menu_name = 会议议程 , ',3063,NULL),
  ('00000000362dd08f013634b3d63701e8','2012-03-21 18:01:02','/meeting/portal/pri/meeting/getMeetingUsers.action',4474,'李炯',166,'13585940845',NULL,'218.201.251.79','menu_id = 3069 , menu_name = 通讯录 , meeting.id = 166 , ',3069,NULL),
  ('00000000362dd08f013634b4154e01e9','2012-03-21 18:01:18','/meeting/portal/pri/meeting/getMeetingById.action',4474,'李炯',166,'13585940845',NULL,'218.201.251.79','returnType = portal_viewmeeting , menu_id = 3062 , menu_name = 首页 , meeting.id = 166 , ',3062,NULL),
  ('00000000362dd08f013634b419ab01ea','2012-03-21 18:01:20','/meeting/portal/pri/meeting/getMeetingUsers.action',4474,'李炯',166,'13585940845',NULL,'218.201.251.79','menu_id = 3069 , menu_name = 通讯录 , meeting.id = 166 , ',3069,NULL),
  ('00000000362dd08f013634b41c9101eb','2012-03-21 18:01:20','/meeting/portal/pri/agenda/agendaList.action',4474,'李炯',166,'13585940845',NULL,'218.201.251.79','meetingId = 166 , menu_id = 3063 , menu_name = 会议议程 , ',3063,NULL),
  ('00000000362dd08f013634b41f1b01ec','2012-03-21 18:01:21','/meeting/portal/pri/meeting/getMeetingFilesPager.action',4474,'李炯',166,'13585940845',NULL,'218.201.251.79','meetingId = 166 , menu_id = 3064 , menu_name = 会议资料 , from = portal , ',3064,NULL),
  ('00000000362dd08f013634b421e501ed','2012-03-21 18:01:22','/meeting/portal/pri/interaction/postList.action',4474,'李炯',166,'13585940845',NULL,'218.201.251.79','meetingId = 166 , menu_id = 3065 , menu_name = 互动交流 , ',3065,NULL),
  ('00000000362dd08f013634b425a101ee','2012-03-21 18:01:23','/meeting/portal/pri/news/show.action',4474,'李炯',166,'13585940845',NULL,'218.201.251.79','meetingId = 166 , menu_id = 3076 , menu_name = 新闻中心 , ',3076,NULL),
  ('00000000362dd08f013634b43c5401ef','2012-03-21 18:01:28','/meeting/portal/pri/meeting/getMeetingById.action',4474,'李炯',166,'13585940845',NULL,'218.201.251.79','returnType = portal_map , menu_id = 3068 , menu_name = 会场位置 , meeting.id = 166 , ',3068,NULL),
  ('00000000362dd08f013634b79e9d01f0','2012-03-21 18:05:10','/meeting/portal/pri/news/show.action',4458,'郭旭',166,'15256560237',NULL,'218.201.251.79','meetingId = 166 , menu_id = 3076 , menu_name = 新闻中心 , ',3076,NULL),
  ('00000000362dd08f013634b7a9e601f1','2012-03-21 18:05:13','/meeting/portal/pri/meeting/getMeetingById.action',4458,'郭旭',166,'15256560237',NULL,'218.201.251.79','returnType = portal_map , menu_id = 3068 , menu_name = 会场位置 , meeting.id = 166 , ',3068,NULL),
  ('00000000362dd08f013634b7c90a01f2','2012-03-21 18:05:21','/meeting/portal/pri/meeting/getMeetingById.action',4458,'郭旭',166,'15256560237',NULL,'218.201.251.79','returnType = portal_viewmeeting , menu_id = 3062 , menu_name = 首页 , meeting.id = 166 , ',3062,NULL),
  ('00000000362dd08f013634b8051301f3','2012-03-21 18:05:36','/meeting/portal/pri/hotel/list.action',4458,'郭旭',166,'15256560237',NULL,'218.201.251.79','meetingId = 166 , menu_id = 3083 , menu_name = 酒店信息 , ',3083,NULL),
  ('00000000362dd08f013634b964e101f4','2012-03-21 18:07:06','/meeting/portal/pri/meeting/getMeetingUsers.action',4458,'郭旭',166,'15256560237',NULL,'218.201.251.79','menu_id = 3069 , menu_name = 通讯录 , meeting.id = 166 , ',3069,NULL),
  ('00000000362dd08f013634b96bcb01f5','2012-03-21 18:07:08','/meeting/portal/pri/meeting/getMeetingById.action',4458,'郭旭',166,'15256560237',NULL,'218.201.251.79','returnType = portal_viewmeeting , menu_id = 3062 , menu_name = 首页 , meeting.id = 166 , ',3062,NULL),
  ('00000000362dd08f013634b98b3101f6','2012-03-21 18:07:16','/meeting/portal/pri/meeting/getMeetingById.action',4458,'郭旭',166,'15256560237',NULL,'218.201.251.79','returnType = portal_map , menu_id = 3068 , menu_name = 会场位置 , meeting.id = 166 , ',3068,NULL),
  ('000000003634e479013634e4e71a0001','2012-03-21 18:54:38','/meeting/portal/pri/meeting/getMeetingById.action',4474,'李炯',166,'13585940845',NULL,'218.201.251.79','returnType = portal_viewmeeting , menu_id = 3062 , menu_name = 首页 , meeting.id = 166 , ',3062,NULL),
  ('000000003634e479013634e529d10002','2012-03-21 18:54:55','/meeting/portal/pri/meeting/getMeetingById.action',4474,'李炯',166,'13585940845',NULL,'218.201.251.79','returnType = portal_viewmeeting , menu_id = 3062 , menu_name = 首页 , meeting.id = 166 , ',3062,NULL),
  ('000000003634e479013634e532f80003','2012-03-21 18:54:57','/meeting/portal/pri/meeting/getMeetingUsers.action',4474,'李炯',166,'13585940845',NULL,'218.201.251.79','menu_id = 3069 , menu_name = 通讯录 , meeting.id = 166 , ',3069,NULL),
  ('000000003634e479013634e5438a0004','2012-03-21 18:55:02','/meeting/portal/pri/agenda/agendaList.action',4474,'李炯',166,'13585940845',NULL,'218.201.251.79','meetingId = 166 , menu_id = 3063 , menu_name = 会议议程 , ',3063,NULL),
  ('000000003634e479013634e54d050005','2012-03-21 18:55:04','/meeting/portal/pri/meeting/getMeetingFilesPager.action',4474,'李炯',166,'13585940845',NULL,'218.201.251.79','meetingId = 166 , menu_id = 3064 , menu_name = 会议资料 , from = portal , ',3064,NULL),
  ('000000003634e479013634e553820006','2012-03-21 18:55:06','/meeting/portal/pri/interaction/postList.action',4474,'李炯',166,'13585940845',NULL,'218.201.251.79','meetingId = 166 , menu_id = 3065 , menu_name = 互动交流 , ',3065,NULL),
  ('000000003634e479013634e55a0b0007','2012-03-21 18:55:07','/meeting/portal/pri/meeting/getMeetingFilesPager.action',4474,'李炯',166,'13585940845',NULL,'218.201.251.79','meetingId = 166 , menu_id = 3064 , menu_name = 会议资料 , from = portal , ',3064,NULL),
  ('000000003634e479013634e5c5310008','2012-03-21 18:55:35','/meeting/portal/pri/meeting/getMeetingById.action',4474,'李炯',166,'13585940845',NULL,'218.201.251.79','returnType = portal_viewmeeting , menu_id = 3062 , menu_name = 首页 , meeting.id = 166 , ',3062,NULL),
  ('000000003634e479013634e5d15a0009','2012-03-21 18:55:38','/meeting/portal/pri/meeting/getMeetingById.action',4474,'李炯',166,'13585940845',NULL,'218.201.251.79','returnType = portal_viewmeeting , menu_id = 3062 , menu_name = 首页 , meeting.id = 166 , ',3062,NULL),
  ('000000003634e479013634e5dab7000a','2012-03-21 18:55:40','/meeting/portal/pri/meeting/getMeetingById.action',4474,'李炯',166,'13585940845',NULL,'218.201.251.79','returnType = portal_viewmeeting , menu_id = 3062 , menu_name = 首页 , meeting.id = 166 , ',3062,NULL),
  ('000000003634e479013634e5df9a000b','2012-03-21 18:55:41','/meeting/portal/pri/meeting/getMeetingById.action',4474,'李炯',166,'13585940845',NULL,'218.201.251.79','returnType = portal_viewmeeting , menu_id = 3062 , menu_name = 首页 , meeting.id = 166 , ',3062,NULL),
  ('000000003634e479013634e5e827000c','2012-03-21 18:55:44','/meeting/portal/pri/meeting/getMeetingById.action',4474,'李炯',166,'13585940845',NULL,'218.201.251.79','returnType = portal_viewmeeting , menu_id = 3062 , menu_name = 首页 , meeting.id = 166 , ',3062,NULL),
  ('000000003634e479013634e60535000d','2012-03-21 18:55:51','/meeting/portal/pri/meeting/getMeetingById.action',4474,'李炯',166,'13585940845',NULL,'218.201.251.79','returnType = portal_viewmeeting , menu_id = 3062 , menu_name = 首页 , meeting.id = 166 , ',3062,NULL),
  ('000000003634e479013634e60a74000e','2012-03-21 18:55:52','/meeting/portal/pri/meeting/getMeetingById.action',4474,'李炯',166,'13585940845',NULL,'218.201.251.79','returnType = portal_viewmeeting , menu_id = 3062 , menu_name = 首页 , meeting.id = 166 , ',3062,NULL),
  ('000000003634e479013634e625ed000f','2012-03-21 18:55:59','/meeting/portal/pri/meeting/getMeetingById.action',4474,'李炯',166,'13585940845',NULL,'218.201.251.79','returnType = portal_viewmeeting , menu_id = 3062 , menu_name = 首页 , meeting.id = 166 , ',3062,NULL),
  ('000000003634e479013634e659fc0010','2012-03-21 18:56:13','/meeting/portal/pri/meeting/getMeetingById.action',4460,'张国敬',164,'13865960090',NULL,'10.196.138.65','returnType = portal_viewmeeting , menu_id = 2991 , menu_name = 首页 , meeting.id = 164 , ',2991,NULL),
  ('000000003634e479013634e666160011','2012-03-21 18:56:16','/meeting/portal/pri/interaction/postList.action',4474,'李炯',166,'13585940845',NULL,'218.201.251.79','meetingId = 166 , menu_id = 3065 , menu_name = 互动交流 , ',3065,NULL),
  ('000000003634e479013634e68cac0012','2012-03-21 18:56:26','/meeting/portal/pri/meeting/getCustomeMenu.action',4460,'张国敬',164,'13865960090',NULL,'10.196.138.65','content.id = 127 , meetingId = 164 , returnType = portal , menu_id = 3016 , menu_name = 天气情况 , ',3016,NULL),
  ('000000003634e479013634e698480013','2012-03-21 18:56:29','/meeting/portal/pri/meeting/getMeetingById.action',4474,'李炯',166,'13585940845',NULL,'218.201.251.79','returnType = portal_map , menu_id = 3068 , menu_name = 会场位置 , meeting.id = 166 , ',3068,NULL),
  ('000000003634e479013634e6b20f0014','2012-03-21 18:56:35','/meeting/portal/pri/meeting/getMeetingById.action',4460,'张国敬',164,'13865960090',NULL,'10.196.138.65','returnType = portal_viewmeeting , menu_id = 2991 , menu_name = 首页 , meeting.id = 164 , ',2991,NULL),
  ('000000003634e479013634e6b30b0015','2012-03-21 18:56:36','/meeting/portal/pri/meeting/getMeetingFilesPager.action',4474,'李炯',166,'13585940845',NULL,'218.201.251.79','meetingId = 166 , menu_id = 3064 , menu_name = 会议资料 , from = portal , ',3064,NULL),
  ('000000003634e479013634e6b8db0016','2012-03-21 18:56:37','/meeting/portal/pri/agenda/agendaList.action',4474,'李炯',166,'13585940845',NULL,'218.201.251.79','meetingId = 166 , menu_id = 3063 , menu_name = 会议议程 , ',3063,NULL),
  ('000000003634e479013634e6bc790017','2012-03-21 18:56:38','/meeting/portal/pri/meeting/getMeetingFilesPager.action',4460,'张国敬',164,'13865960090',NULL,'10.196.138.65','meetingId = 164 , menu_id = 2993 , menu_name = 会议资料 , from = portal , ',2993,NULL),
  ('000000003634e479013634e6ec450018','2012-03-21 18:56:50','/meeting/portal/pri/meeting/getMeetingUsers.action',4474,'李炯',166,'13585940845',NULL,'218.201.251.79','menu_id = 3069 , menu_name = 通讯录 , meeting.id = 166 , ',3069,NULL),
  ('000000003634e479013634e702e90019','2012-03-21 18:56:56','/meeting/portal/pri/meeting/getMeetingById.action',4458,'郭旭',166,'15256560237',NULL,'218.201.251.79','returnType = portal_viewmeeting , menu_id = 3062 , menu_name = 首页 , meeting.id = 166 , ',3062,NULL),
  ('000000003634e479013634e706ac001a','2012-03-21 18:56:57','/meeting/portal/pri/meeting/getMeetingUsers.action',4458,'郭旭',166,'15256560237',NULL,'218.201.251.79','menu_id = 3069 , menu_name = 通讯录 , meeting.id = 166 , ',3069,NULL),
  ('000000003634e479013634e70982001b','2012-03-21 18:56:58','/meeting/portal/pri/agenda/agendaList.action',4458,'郭旭',166,'15256560237',NULL,'218.201.251.79','meetingId = 166 , menu_id = 3063 , menu_name = 会议议程 , ',3063,NULL),
  ('000000003634e479013634e70d02001c','2012-03-21 18:56:59','/meeting/portal/pri/meeting/getMeetingFilesPager.action',4458,'郭旭',166,'15256560237',NULL,'218.201.251.79','meetingId = 166 , menu_id = 3064 , menu_name = 会议资料 , from = portal , ',3064,NULL),
  ('000000003634e479013634e70e55001d','2012-03-21 18:56:59','/meeting/portal/pri/message/list.action',4474,'李炯',166,'13585940845',NULL,'218.201.251.79','meetingId = 166 , menu_id = 3070 , menu_name = 站内私信 , ',3070,NULL),
  ('000000003634e479013634e71271001e','2012-03-21 18:57:00','/meeting/portal/pri/interaction/postList.action',4458,'郭旭',166,'15256560237',NULL,'218.201.251.79','meetingId = 166 , menu_id = 3065 , menu_name = 互动交流 , ',3065,NULL),
  ('000000003634e479013634e71552001f','2012-03-21 18:57:01','/meeting/portal/pri/news/show.action',4458,'郭旭',166,'15256560237',NULL,'218.201.251.79','meetingId = 166 , menu_id = 3076 , menu_name = 新闻中心 , ',3076,NULL),
  ('000000003634e479013634e719090020','2012-03-21 18:57:02','/meeting/portal/pri/interaction/postList.action',4458,'郭旭',166,'15256560237',NULL,'218.201.251.79','meetingId = 166 , menu_id = 3065 , menu_name = 互动交流 , ',3065,NULL),
  ('000000003634e479013634e71d3f0021','2012-03-21 18:57:03','/meeting/portal/pri/meeting/getMeetingById.action',4458,'郭旭',166,'15256560237',NULL,'218.201.251.79','returnType = portal_map , menu_id = 3068 , menu_name = 会场位置 , meeting.id = 166 , ',3068,NULL),
  ('000000003634e479013634e722300022','2012-03-21 18:57:04','/meeting/portal/pri/meeting/getMeetingById.action',4474,'李炯',166,'13585940845',NULL,'218.201.251.79','returnType = portal_viewmeeting , menu_id = 3062 , menu_name = 首页 , meeting.id = 166 , ',3062,NULL),
  ('000000003634e479013634e73f640023','2012-03-21 18:57:12','/meeting/portal/pri/message/list.action',4458,'郭旭',166,'15256560237',NULL,'218.201.251.79','meetingId = 166 , menu_id = 3070 , menu_name = 站内私信 , ',3070,NULL),
  ('000000003634e479013634e74cff0024','2012-03-21 18:57:15','/meeting/portal/pri/hotel/list.action',4458,'郭旭',166,'15256560237',NULL,'218.201.251.79','meetingId = 166 , menu_id = 3083 , menu_name = 酒店信息 , ',3083,NULL),
  ('000000003634e479013634e773430025','2012-03-21 18:57:25','/meeting/portal/pri/meeting/getMeetingFilesPager.action',4474,'李炯',166,'13585940845',NULL,'218.201.251.79','meetingId = 166 , menu_id = 3064 , menu_name = 会议资料 , from = portal , ',3064,NULL),
  ('000000003634e479013634e85d550026','2012-03-21 18:58:25','/meeting/portal/pri/agenda/agendaList.action',4474,'李炯',166,'13585940845',NULL,'218.201.251.79','meetingId = 166 , menu_id = 3063 , menu_name = 会议议程 , ',3063,NULL),
  ('000000003634e479013634e8631b0027','2012-03-21 18:58:26','/meeting/portal/pri/meeting/getMeetingUsers.action',4474,'李炯',166,'13585940845',NULL,'218.201.251.79','menu_id = 3069 , menu_name = 通讯录 , meeting.id = 166 , ',3069,NULL),
  ('000000003634e479013634eb4e9a0028','2012-03-21 19:01:38','/meeting/portal/pri/meeting/getMeetingById.action',4460,'张国敬',164,'13865960090',NULL,'10.196.138.65','returnType = portal_viewmeeting , menu_id = 2991 , menu_name = 首页 , meeting.id = 164 , ',2991,NULL),
  ('000000003634e479013634eb72ee0029','2012-03-21 19:01:47','/meeting/portal/pri/meeting/getMeetingById.action',4460,'张国敬',164,'13865960090',NULL,'10.196.138.65','returnType = portal_viewmeeting , menu_id = 2991 , menu_name = 首页 , meeting.id = 164 , ',2991,NULL),
  ('000000003634e479013637fa998c002a','2012-03-22 09:17:11','/meeting/portal/pri/meeting/getMeetingById.action',4460,'张国敬',164,'13865960090',NULL,'10.196.138.65','returnType = portal_viewmeeting , menu_id = 2991 , menu_name = 首页 , meeting.id = 164 , ',2991,NULL),
  ('000000003634e479013637fb0ca4002b','2012-03-22 09:17:41','/meeting/portal/pri/meeting/getCustomeMenu.action',4460,'张国敬',164,'13865960090',NULL,'10.196.138.65','content.id = 127 , meetingId = 164 , returnType = portal , menu_id = 3016 , menu_name = 天气情况 , ',3016,NULL),
  ('000000003634e479013637fb290f002c','2012-03-22 09:17:48','/meeting/portal/pri/reception/specialty_show.action',4460,'张国敬',164,'13865960090',NULL,'10.196.138.65','meetingId = 164 , menu_id = 3003 , menu_name = 本地土特产 , ',3003,NULL),
  ('000000003634e479013637fbb293002d','2012-03-22 09:18:23','/meeting/portal/pri/meeting/getMeetingById.action',4460,'张国敬',164,'13865960090',NULL,'10.196.138.65','returnType = portal_map , menu_id = 2997 , menu_name = 会场位置 , meeting.id = 164 , ',2997,NULL),
  ('000000003634e479013637fde476002e','2012-03-22 09:20:47','/meeting/portal/pri/meeting/getMeetingById.action',4460,'张国敬',164,'13865960090',NULL,'10.196.138.65','returnType = portal_map , menu_id = 2997 , menu_name = 会场位置 , meeting.id = 164 , ',2997,NULL),
  ('000000003634e479013637fe23e2002f','2012-03-22 09:21:03','/meeting/portal/pri/meeting/getMeetingById.action',4460,'张国敬',164,'13865960090',NULL,'10.196.138.65','returnType = portal_viewmeeting , menu_id = 2991 , menu_name = 首页 , meeting.id = 164 , ',2991,NULL),
  ('000000003634e479013637fe2b4e0030','2012-03-22 09:21:05','/meeting/portal/pri/meeting/getCustomeMenu.action',4460,'张国敬',164,'13865960090',NULL,'10.196.138.65','content.id = 127 , meetingId = 164 , returnType = portal , menu_id = 3016 , menu_name = 天气情况 , ',3016,NULL),
  ('000000003634e479013637fe30ca0031','2012-03-22 09:21:07','/meeting/portal/pri/agenda/agendaList.action',4460,'张国敬',164,'13865960090',NULL,'10.196.138.65','meetingId = 164 , menu_id = 2992 , menu_name = 会议议程 , ',2992,NULL),
  ('000000003634e479013637fe36d40032','2012-03-22 09:21:08','/meeting/portal/pri/meeting/getMeetingFilesPager.action',4460,'张国敬',164,'13865960090',NULL,'10.196.138.65','meetingId = 164 , menu_id = 2993 , menu_name = 会议资料 , from = portal , ',2993,NULL),
  ('000000003634e479013637fe558f0033','2012-03-22 09:21:16','/meeting/portal/pri/interaction/postList.action',4460,'张国敬',164,'13865960090',NULL,'10.196.138.65','meetingId = 164 , menu_id = 2994 , menu_name = 互动交流 , ',2994,NULL),
  ('000000003634e479013637fea5510034','2012-03-22 09:21:37','/meeting/portal/pri/meeting/getDinnerInfo.action',4460,'张国敬',164,'13865960090',NULL,'10.196.138.65','meetingId = 164 , menu_id = 2995 , menu_name = 餐饮安排 , ',2995,NULL),
  ('000000003634e479013637feae8f0035','2012-03-22 09:21:39','/meeting/portal/pri/news/show.action',4460,'张国敬',164,'13865960090',NULL,'10.196.138.65','meetingId = 164 , menu_id = 3005 , menu_name = 新闻中心 , ',3005,NULL),
  ('000000003634e479013637feba100036','2012-03-22 09:21:42','/meeting/portal/pri/news/detail.action',4460,'张国敬',164,'13865960090',NULL,'10.196.138.65','meetingId = 164 , menu_id = 3005 , menu_name = 新闻中心 , id = 21 , ',3005,NULL),
  ('000000003634e479013637fecec80037','2012-03-22 09:21:47','/meeting/portal/pri/meeting/paper_findEnablePaper.action',4460,'张国敬',164,'13865960090',NULL,'10.196.138.65','meetingId = 164 , menu_id = 3002 , menu_name = 会场建议 , ',3002,NULL),
  ('000000003634e479013637fedca30038','2012-03-22 09:21:51','/meeting/portal/pri/meeting/lucky_findLuckyHistory.action',4460,'张国敬',164,'13865960090',NULL,'10.196.138.65','meetingId = 164 , menu_id = 3007 , menu_name = 抽奖信息 , ',3007,NULL),
  ('000000003634e479013637fee6b60039','2012-03-22 09:21:53','/meeting/portal/pri/meeting/guest_findAllGuest.action',4460,'张国敬',164,'13865960090',NULL,'10.196.138.65','meetingId = 164 , menu_id = 3010 , menu_name = 嘉宾信息 , ',3010,NULL),
  ('000000003634e479013637fef387003a','2012-03-22 09:21:57','/meeting/portal/pri/meeting/getMeetingUsers.action',4460,'张国敬',164,'13865960090',NULL,'10.196.138.65','menu_id = 2998 , menu_name = 通讯录 , meeting.id = 164 , ',2998,NULL),
  ('000000003634e479013637ff0454003b','2012-03-22 09:22:01','/meeting/portal/pri/message/list.action',4460,'张国敬',164,'13865960090',NULL,'10.196.138.65','meetingId = 164 , menu_id = 2999 , menu_name = 站内私信 , ',2999,NULL),
  ('000000003634e479013637ff2d43003c','2012-03-22 09:22:11','/meeting/portal/pri/meeting/signCode.action',4460,'张国敬',164,'13865960090',NULL,'10.196.138.65','meetingId = 164 , menu_id = 3000 , menu_name = 签到码 , ',3000,NULL),
  ('000000003634e479013637ff39e6003d','2012-03-22 09:22:15','/meeting/portal/pri/reception/specialty_show.action',4460,'张国敬',164,'13865960090',NULL,'10.196.138.65','meetingId = 164 , menu_id = 3003 , menu_name = 本地土特产 , ',3003,NULL),
  ('000000003634e479013637ff4336003e','2012-03-22 09:22:17','/meeting/portal/pri/meeting/vote_findEnableVote.action',4460,'张国敬',164,'13865960090',NULL,'10.196.138.65','meetingId = 164 , menu_id = 3001 , menu_name = 投票 , ',3001,NULL),
  ('000000003634e479013637ff4c3a003f','2012-03-22 09:22:19','/meeting/portal/pri/hotel/list.action',4460,'张国敬',164,'13865960090',NULL,'10.196.138.65','meetingId = 164 , menu_id = 3012 , menu_name = 酒店信息 , ',3012,NULL),
  ('000000003634e4790136381c6c0a0040','2012-03-22 09:54:08','/meeting/portal/pri/meeting/getMeetingById.action',4458,'郭旭',166,'15256560237',NULL,'218.201.251.79','returnType = portal_viewmeeting , menu_id = 3062 , menu_name = 首页 , meeting.id = 166 , ',3062,NULL),
  ('000000003634e4790136381cb8c70041','2012-03-22 09:54:28','/meeting/portal/pri/meeting/getMeetingUsers.action',4458,'郭旭',166,'15256560237',NULL,'218.201.251.79','menu_id = 3069 , menu_name = 通讯录 , meeting.id = 166 , ',3069,NULL),
  ('000000003634e4790136381cc6480042','2012-03-22 09:54:31','/meeting/portal/pri/agenda/agendaList.action',4458,'郭旭',166,'15256560237',NULL,'218.201.251.79','meetingId = 166 , menu_id = 3063 , menu_name = 会议议程 , ',3063,NULL),
  ('000000003634e4790136381d87770043','2012-03-22 09:55:21','/meeting/portal/pri/meeting/getMeetingFilesPager.action',4458,'郭旭',166,'15256560237',NULL,'218.201.251.79','meetingId = 166 , menu_id = 3064 , menu_name = 会议资料 , from = portal , ',3064,NULL),
  ('000000003634e4790136381d9c050044','2012-03-22 09:55:26','/meeting/portal/pri/interaction/postList.action',4458,'郭旭',166,'15256560237',NULL,'218.201.251.79','meetingId = 166 , menu_id = 3065 , menu_name = 互动交流 , ',3065,NULL),
  ('000000003634e4790136381e1f7b0045','2012-03-22 09:55:59','/meeting/portal/pri/news/show.action',4458,'郭旭',166,'15256560237',NULL,'218.201.251.79','meetingId = 166 , menu_id = 3076 , menu_name = 新闻中心 , ',3076,NULL),
  ('000000003634e4790136381e25260046','2012-03-22 09:56:01','/meeting/portal/pri/news/detail.action',4458,'郭旭',166,'15256560237',NULL,'218.201.251.79','meetingId = 166 , menu_id = 3076 , menu_name = ???????? , id = 24 , ',3076,NULL),
  ('000000003634e47901363821a08e0047','2012-03-22 09:59:49','/meeting/portal/pri/meeting/getMeetingById.action',4458,'郭旭',166,'15256560237',NULL,'218.201.251.79','returnType = portal_viewmeeting , menu_id = 3062 , menu_name = 首页 , meeting.id = 166 , ',3062,NULL),
  ('000000003634e47901363821a64b0048','2012-03-22 09:59:51','/meeting/portal/pri/meeting/getMeetingUsers.action',4458,'郭旭',166,'15256560237',NULL,'218.201.251.79','menu_id = 3069 , menu_name = 通讯录 , meeting.id = 166 , ',3069,NULL),
  ('000000003634e47901363821b82d0049','2012-03-22 09:59:55','/meeting/portal/pri/agenda/agendaList.action',4458,'郭旭',166,'15256560237',NULL,'218.201.251.79','meetingId = 166 , menu_id = 3063 , menu_name = 会议议程 , ',3063,NULL),
  ('000000003634e479013638221469004a','2012-03-22 10:00:19','/meeting/portal/pri/meeting/getMeetingFilesPager.action',4458,'郭旭',166,'15256560237',NULL,'218.201.251.79','meetingId = 166 , menu_id = 3064 , menu_name = 会议资料 , from = portal , ',3064,NULL),
  ('000000003634e479013638221c60004b','2012-03-22 10:00:21','/meeting/portal/pri/interaction/postList.action',4458,'郭旭',166,'15256560237',NULL,'218.201.251.79','meetingId = 166 , menu_id = 3065 , menu_name = 互动交流 , ',3065,NULL),
  ('000000003634e479013638222ecd004c','2012-03-22 10:00:26','/meeting/portal/pri/news/show.action',4458,'郭旭',166,'15256560237',NULL,'218.201.251.79','meetingId = 166 , menu_id = 3076 , menu_name = 新闻中心 , ',3076,NULL),
  ('000000003634e4790136382767db004d','2012-03-22 10:06:08','/meeting/portal/pri/meeting/getMeetingById.action',4458,'郭旭',166,'15256560237',NULL,'218.201.251.79','returnType = portal_map , menu_id = 3068 , menu_name = 会场位置 , meeting.id = 166 , ',3068,NULL),
  ('000000003634e479013638277300004e','2012-03-22 10:06:11','/meeting/portal/pri/meeting/getMeetingUsers.action',4458,'郭旭',166,'15256560237',NULL,'218.201.251.79','menu_id = 3069 , menu_name = 通讯录 , meeting.id = 166 , ',3069,NULL),
  ('000000003634e4790136382a0dec004f','2012-03-22 10:09:01','/meeting/portal/pri/meeting/getMeetingById.action',4460,'张国敬',164,'13865960090',NULL,'10.196.138.140','returnType = portal_viewmeeting , menu_id = 2991 , menu_name = 首页 , meeting.id = 164 , ',2991,NULL),
  ('000000003634e479013638369e180050','2012-03-22 10:22:45','/meeting/portal/pri/meeting/getMeetingById.action',4474,'李炯',166,'13585940845',NULL,'218.201.251.79','returnType = portal_viewmeeting , menu_id = 3062 , menu_name = 首页 , meeting.id = 166 , ',3062,NULL),
  ('000000003634e479013638375c3b0051','2012-03-22 10:23:33','/meeting/portal/pri/meeting/getMeetingUsers.action',4474,'李炯',166,'13585940845',NULL,'218.201.251.79','menu_id = 3069 , menu_name = 通讯录 , meeting.id = 166 , ',3069,NULL),
  ('000000003634e4790136383765090052','2012-03-22 10:23:36','/meeting/portal/pri/agenda/agendaList.action',4474,'李炯',166,'13585940845',NULL,'218.201.251.79','meetingId = 166 , menu_id = 3063 , menu_name = 会议议程 , ',3063,NULL),
  ('000000003634e479013638376bd40053','2012-03-22 10:23:37','/meeting/portal/pri/meeting/getMeetingFilesPager.action',4474,'李炯',166,'13585940845',NULL,'218.201.251.79','meetingId = 166 , menu_id = 3064 , menu_name = 会议资料 , from = portal , ',3064,NULL),
  ('000000003634e4790136383777be0054','2012-03-22 10:23:40','/meeting/portal/pri/interaction/postList.action',4474,'李炯',166,'13585940845',NULL,'218.201.251.79','meetingId = 166 , menu_id = 3065 , menu_name = 互动交流 , ',3065,NULL),
  ('000000003634e4790136383792cc0055','2012-03-22 10:23:47','/meeting/portal/pri/news/show.action',4474,'李炯',166,'13585940845',NULL,'218.201.251.79','meetingId = 166 , menu_id = 3076 , menu_name = 新闻中心 , ',3076,NULL),
  ('000000003634e479013638379b1e0056','2012-03-22 10:23:50','/meeting/portal/pri/news/detail.action',4474,'李炯',166,'13585940845',NULL,'218.201.251.79','meetingId = 166 , menu_id = 3076 , menu_name = ???????? , id = 24 , ',3076,NULL),
  ('000000003634e47901363837ab850057','2012-03-22 10:23:54','/meeting/portal/pri/meeting/getMeetingById.action',4474,'李炯',166,'13585940845',NULL,'218.201.251.79','returnType = portal_viewmeeting , menu_id = 3062 , menu_name = 首页 , meeting.id = 166 , ',3062,NULL),
  ('000000003634e4790136383ece700058','2012-03-22 10:31:41','/meeting/portal/pri/agenda/agendaList.action',4458,'郭旭',166,'15256560237',NULL,'218.201.251.79','meetingId = 166 , menu_id = 3063 , menu_name = 会议议程 , ',3063,NULL),
  ('000000003634e4790136383f27d90059','2012-03-22 10:32:04','/meeting/portal/pri/meeting/getMeetingFilesPager.action',4458,'郭旭',166,'15256560237',NULL,'218.201.251.79','meetingId = 166 , menu_id = 3064 , menu_name = 会议资料 , from = portal , ',3064,NULL),
  ('000000003634e4790136383f2e7b005a','2012-03-22 10:32:06','/meeting/portal/pri/interaction/postList.action',4458,'郭旭',166,'15256560237',NULL,'218.201.251.79','meetingId = 166 , menu_id = 3065 , menu_name = 互动交流 , ',3065,NULL),
  ('000000003634e4790136383f3107005b','2012-03-22 10:32:07','/meeting/portal/pri/news/show.action',4458,'郭旭',166,'15256560237',NULL,'218.201.251.79','meetingId = 166 , menu_id = 3076 , menu_name = 新闻中心 , ',3076,NULL),
  ('000000003634e4790136383f36a4005c','2012-03-22 10:32:08','/meeting/portal/pri/meeting/getMeetingById.action',4458,'郭旭',166,'15256560237',NULL,'218.201.251.79','returnType = portal_map , menu_id = 3068 , menu_name = 会场位置 , meeting.id = 166 , ',3068,NULL),
  ('000000003634e4790136383f6ec9005d','2012-03-22 10:32:22','/meeting/portal/pri/agenda/agendaList.action',4458,'郭旭',166,'15256560237',NULL,'218.201.251.79','meetingId = 166 , menu_id = 3063 , menu_name = 会议议程 , ',3063,NULL),
  ('000000003634e4790136383f735c005e','2012-03-22 10:32:24','/meeting/portal/pri/meeting/getMeetingUsers.action',4458,'郭旭',166,'15256560237',NULL,'218.201.251.79','menu_id = 3069 , menu_name = 通讯录 , meeting.id = 166 , ',3069,NULL),
  ('000000003634e4790136383f77d6005f','2012-03-22 10:32:25','/meeting/portal/pri/meeting/getMeetingById.action',4458,'郭旭',166,'15256560237',NULL,'218.201.251.79','returnType = portal_viewmeeting , menu_id = 3062 , menu_name = 首页 , meeting.id = 166 , ',3062,NULL),
  ('000000003634e4790136383f80ad0060','2012-03-22 10:32:27','/meeting/portal/pri/meeting/getMeetingFilesPager.action',4458,'郭旭',166,'15256560237',NULL,'218.201.251.79','meetingId = 166 , menu_id = 3064 , menu_name = 会议资料 , from = portal , ',3064,NULL),
  ('000000003634e4790136383f850e0061','2012-03-22 10:32:28','/meeting/portal/pri/interaction/postList.action',4458,'郭旭',166,'15256560237',NULL,'218.201.251.79','meetingId = 166 , menu_id = 3065 , menu_name = 互动交流 , ',3065,NULL),
  ('000000003634e4790136383f8ac10062','2012-03-22 10:32:30','/meeting/portal/pri/news/show.action',4458,'郭旭',166,'15256560237',NULL,'218.201.251.79','meetingId = 166 , menu_id = 3076 , menu_name = 新闻中心 , ',3076,NULL),
  ('000000003634e47901363841b6610063','2012-03-22 10:34:52','/meeting/portal/pri/interaction/postList.action',4458,'郭旭',166,'15256560237',NULL,'218.201.251.79','meetingId = 166 , menu_id = 3065 , menu_name = 互动交流 , ',3065,NULL),
  ('000000003634e47901363841ba770064','2012-03-22 10:34:53','/meeting/portal/pri/meeting/getMeetingFilesPager.action',4458,'郭旭',166,'15256560237',NULL,'218.201.251.79','meetingId = 166 , menu_id = 3064 , menu_name = 会议资料 , from = portal , ',3064,NULL),
  ('000000003634e47901363841bd2b0065','2012-03-22 10:34:54','/meeting/portal/pri/agenda/agendaList.action',4458,'郭旭',166,'15256560237',NULL,'218.201.251.79','meetingId = 166 , menu_id = 3063 , menu_name = 会议议程 , ',3063,NULL),
  ('000000003634e47901363841c0570066','2012-03-22 10:34:54','/meeting/portal/pri/meeting/getMeetingUsers.action',4458,'郭旭',166,'15256560237',NULL,'218.201.251.79','menu_id = 3069 , menu_name = 通讯录 , meeting.id = 166 , ',3069,NULL),
  ('000000003634e47901363841c47e0067','2012-03-22 10:34:55','/meeting/portal/pri/meeting/getMeetingById.action',4458,'郭旭',166,'15256560237',NULL,'218.201.251.79','returnType = portal_viewmeeting , menu_id = 3062 , menu_name = 首页 , meeting.id = 166 , ',3062,NULL),
  ('000000003634e4790136384a9e480068','2012-03-22 10:44:36','/meeting/portal/pri/meeting/getMeetingById.action',4458,'郭旭',166,'15256560237',NULL,'218.201.251.79','returnType = portal_viewmeeting , menu_id = 3062 , menu_name = 首页 , meeting.id = 166 , ',3062,NULL),
  ('000000003634e4790136384aa4d40069','2012-03-22 10:44:37','/meeting/portal/pri/meeting/getMeetingUsers.action',4458,'郭旭',166,'15256560237',NULL,'218.201.251.79','menu_id = 3069 , menu_name = 通讯录 , meeting.id = 166 , ',3069,NULL),
  ('000000003634e4790136384aa9e0006a','2012-03-22 10:44:39','/meeting/portal/pri/agenda/agendaList.action',4458,'郭旭',166,'15256560237',NULL,'218.201.251.79','meetingId = 166 , menu_id = 3063 , menu_name = 会议议程 , ',3063,NULL),
  ('000000003634e479013638ddd188006b','2012-03-22 13:25:22','/meeting/portal/pri/meeting/getMeetingById.action',4458,'郭旭',166,'15256560237',NULL,'218.201.251.79','returnType = portal_viewmeeting , menu_id = 3062 , menu_name = 首页 , meeting.id = 166 , ',3062,NULL),
  ('000000003634e479013638ddfbf9006c','2012-03-22 13:25:33','/meeting/portal/pri/meeting/getMeetingUsers.action',4458,'郭旭',166,'15256560237',NULL,'218.201.251.79','menu_id = 3069 , menu_name = 通讯录 , meeting.id = 166 , ',3069,NULL),
  ('000000003634e479013638de02ff006d','2012-03-22 13:25:35','/meeting/portal/pri/agenda/agendaList.action',4458,'郭旭',166,'15256560237',NULL,'218.201.251.79','meetingId = 166 , menu_id = 3063 , menu_name = 会议议程 , ',3063,NULL),
  ('000000003634e479013638de0a4c006e','2012-03-22 13:25:37','/meeting/portal/pri/meeting/getMeetingById.action',4458,'郭旭',166,'15256560237',NULL,'218.201.251.79','returnType = portal_viewmeeting , menu_id = 3062 , menu_name = 首页 , meeting.id = 166 , ',3062,NULL),
  ('000000003634e479013638de2e6f006f','2012-03-22 13:25:46','/meeting/portal/pri/meeting/getMeetingUsers.action',4458,'郭旭',166,'15256560237',NULL,'218.201.251.79','menu_id = 3069 , menu_name = 通讯录 , meeting.id = 166 , ',3069,NULL),
  ('000000003634e479013638e6829f0070','2012-03-22 13:34:52','/meeting/portal/pri/meeting/getMeetingUsers.action',4458,'郭旭',166,'15256560237',NULL,'218.201.251.79','menu_id = 3069 , menu_name = 通讯录 , meeting.id = 166 , ',3069,NULL),
  ('000000003634e479013638e6fd840071','2012-03-22 13:35:24','/meeting/portal/pri/meeting/getMeetingUsers.action',4458,'郭旭',166,'15256560237',NULL,'218.201.251.79','mobile =  , totalPage = 2 , currentPage = 1 , menu_id = 3069 , username = 刘 , meeting.id = 166 , ',3069,NULL),
  ('000000003634e479013638f202920072','2012-03-22 13:47:26','/meeting/portal/pri/meeting/getMeetingUsers.action',4458,'郭旭',166,'15256560237',NULL,'218.201.251.79','menu_id = 3069 , menu_name = 通讯录 , meeting.id = 166 , ',3069,NULL),
  ('000000003634e479013638f229d20073','2012-03-22 13:47:36','/meeting/portal/pri/meeting/getMeetingUsers.action',4458,'郭旭',166,'15256560237',NULL,'218.201.251.79','mobile =  , totalPage = 2 , currentPage = 2 , menu_id = 3069 , username =  , meeting.id = 166 , ',3069,NULL),
  ('000000003634e479013638f23c930074','2012-03-22 13:47:41','/meeting/portal/pri/meeting/getMeetingUsers.action',4458,'郭旭',166,'15256560237',NULL,'218.201.251.79','mobile =  , totalPage = 2 , currentPage = 1 , menu_id = 3069 , username =  , meeting.id = 166 , ',3069,NULL),
  ('000000003634e479013638f335490075','2012-03-22 13:48:44','/meeting/portal/pri/meeting/getMeetingUsers.action',4458,'郭旭',166,'15256560237',NULL,'218.201.251.79','menu_id = 3069 , menu_name = 通讯录 , meeting.id = 166 , ',3069,NULL),
  ('000000003634e479013638f33dd60076','2012-03-22 13:48:46','/meeting/portal/pri/meeting/getMeetingById.action',4458,'郭旭',166,'15256560237',NULL,'218.201.251.79','returnType = portal_viewmeeting , menu_id = 3062 , menu_name = 首页 , meeting.id = 166 , ',3062,NULL),
  ('000000003634e479013638f3882e0077','2012-03-22 13:49:05','/meeting/portal/pri/meeting/getMeetingById.action',4458,'郭旭',166,'15256560237',NULL,'218.201.251.79','returnType = portal_map , menu_id = 3068 , menu_name = 会场位置 , meeting.id = 166 , ',3068,NULL),
  ('000000003634e479013638f393620078','2012-03-22 13:49:08','/meeting/portal/pri/news/show.action',4458,'郭旭',166,'15256560237',NULL,'218.201.251.79','meetingId = 166 , menu_id = 3076 , menu_name = 新闻中心 , ',3076,NULL),
  ('000000003634e479013638f3a0bb0079','2012-03-22 13:49:12','/meeting/portal/pri/news/detail.action',4458,'郭旭',166,'15256560237',NULL,'218.201.251.79','meetingId = 166 , menu_id = 3076 , menu_name = ???????? , id = 24 , ',3076,NULL),
  ('000000003634e479013638f3b703007a','2012-03-22 13:49:17','/meeting/portal/pri/meeting/getMeetingById.action',4458,'郭旭',166,'15256560237',NULL,'218.201.251.79','returnType = portal_viewmeeting , menu_id = 3062 , menu_name = 首页 , meeting.id = 166 , ',3062,NULL),
  ('000000003634e479013638f4fc35007b','2012-03-22 13:50:41','/meeting/portal/pri/meeting/getMeetingUsers.action',4458,'郭旭',166,'15256560237',NULL,'218.201.251.79','menu_id = 3069 , menu_name = 通讯录 , meeting.id = 166 , ',3069,NULL),
  ('000000003634e479013638f5220f007c','2012-03-22 13:50:50','/meeting/portal/pri/agenda/agendaList.action',4458,'郭旭',166,'15256560237',NULL,'218.201.251.79','meetingId = 166 , menu_id = 3063 , menu_name = 会议议程 , ',3063,NULL),
  ('000000003634e479013638f819dd007d','2012-03-22 13:54:05','/meeting/portal/pri/meeting/getMeetingFilesPager.action',4458,'郭旭',166,'15256560237',NULL,'218.201.251.79','meetingId = 166 , menu_id = 3064 , menu_name = 会议资料 , from = portal , ',3064,NULL),
  ('000000003634e479013638f8282d007e','2012-03-22 13:54:09','/meeting/portal/pri/interaction/postList.action',4458,'郭旭',166,'15256560237',NULL,'218.201.251.79','meetingId = 166 , menu_id = 3065 , menu_name = 互动交流 , ',3065,NULL),
  ('000000003634e479013638f83adb007f','2012-03-22 13:54:13','/meeting/portal/pri/news/show.action',4458,'郭旭',166,'15256560237',NULL,'218.201.251.79','meetingId = 166 , menu_id = 3076 , menu_name = 新闻中心 , ',3076,NULL),
  ('000000003634e4790136390a309b0080','2012-03-22 14:13:50','/meeting/portal/pri/news/show.action',4458,'郭旭',166,'15256560237',NULL,'218.201.251.79','meetingId = 166 , menu_id = 3076 , menu_name = 新闻中心 , ',3076,NULL),
  ('000000003634e4790136393990b30081','2012-03-22 15:05:35','/meeting/portal/pri/meeting/getMeetingById.action',4458,'郭旭',166,'15256560237',NULL,'218.201.251.79','returnType = portal_map , menu_id = 3068 , menu_name = 会场位置 , meeting.id = 166 , ',3068,NULL),
  ('000000003639c042013639c927aa0001','2012-03-22 17:42:25','/meeting/portal/pri/meeting/getMeetingById.action',4460,'张国敬',164,'13865960090',NULL,'10.196.138.140','returnType = portal_viewmeeting , menu_id = 2991 , menu_name = 首页 , meeting.id = 164 , ',2991,NULL),
  ('000000003639c042013639cbdb960002','2012-03-22 17:45:23','/meeting/portal/pri/meeting/getMeetingById.action',4460,'张国敬',164,'13865960090',NULL,'10.196.138.140','returnType = portal_viewmeeting , menu_id = 2991 , menu_name = 首页 , meeting.id = 164 , ',2991,NULL),
  ('000000003639c042013639ce60020003','2012-03-22 17:48:08','/meeting/portal/pri/meeting/getMeetingById.action',4460,'张国敬',164,'13865960090',NULL,'10.196.138.140','returnType = portal_viewmeeting , menu_id = 2991 , menu_name = 首页 , meeting.id = 164 , ',2991,NULL),
  ('000000003639c042013639ce82490004','2012-03-22 17:48:16','/meeting/portal/pri/agenda/agendaList.action',4460,'张国敬',164,'13865960090',NULL,'10.196.138.140','meetingId = 164 , menu_id = 2729 , ',2729,NULL),
  ('000000003639c042013639ce92f50005','2012-03-22 17:48:21','/meeting/portal/pri/meeting/getDinnerInfo.action',4460,'张国敬',164,'13865960090',NULL,'10.196.138.140','meetingId = 164 , menu_id = 2732 , ',2732,NULL),
  ('000000003639c042013639cea29b0006','2012-03-22 17:48:25','/meeting/portal/pri/meeting/getCustomeMenu.action',4460,'张国敬',164,'13865960090',NULL,'10.196.138.140','content.id = 127 , meetingId = 164 , returnType = portal , menu_id = 3016 , menu_name = 天气情况 , ',3016,NULL),
  ('000000003639c042013639cea9330007','2012-03-22 17:48:26','/meeting/portal/pri/agenda/agendaList.action',4460,'张国敬',164,'13865960090',NULL,'10.196.138.140','meetingId = 164 , menu_id = 2992 , menu_name = 会议议程 , ',2992,NULL),
  ('000000003639c042013639ceae9d0008','2012-03-22 17:48:28','/meeting/portal/pri/meeting/getMeetingFilesPager.action',4460,'张国敬',164,'13865960090',NULL,'10.196.138.140','meetingId = 164 , menu_id = 2993 , menu_name = 会议资料 , from = portal , ',2993,NULL),
  ('000000003639c042013639cf44d50009','2012-03-22 17:49:06','/meeting/portal/pri/interaction/postList.action',4460,'张国敬',164,'13865960090',NULL,'10.196.138.140','meetingId = 164 , menu_id = 2994 , menu_name = 互动交流 , ',2994,NULL),
  ('000000003639c042013639cf475f000a','2012-03-22 17:49:07','/meeting/portal/pri/interaction/postList.action',4460,'张国敬',164,'13865960090',NULL,'10.196.138.140','meetingId = 164 , menu_id = 2994 , menu_name = 互动交流 , ',2994,NULL),
  ('000000003639c042013639cf54fb000b','2012-03-22 17:49:10','/meeting/portal/pri/meeting/getDinnerInfo.action',4460,'张国敬',164,'13865960090',NULL,'10.196.138.140','meetingId = 164 , menu_id = 2995 , menu_name = 餐饮安排 , ',2995,NULL),
  ('000000003639c042013639cf5c69000c','2012-03-22 17:49:12','/meeting/portal/pri/meeting/getMeetingById.action',4460,'张国敬',164,'13865960090',NULL,'10.196.138.140','returnType = portal_map , menu_id = 2997 , menu_name = 会场位置 , meeting.id = 164 , ',2997,NULL),
  ('000000003639c042013639cf7003000d','2012-03-22 17:49:17','/meeting/portal/pri/meeting/paper_findEnablePaper.action',4460,'张国敬',164,'13865960090',NULL,'10.196.138.140','meetingId = 164 , menu_id = 3002 , menu_name = 会场建议 , ',3002,NULL),
  ('000000003639c042013639cf777e000e','2012-03-22 17:49:19','/meeting/portal/pri/meeting/lucky_findLuckyHistory.action',4460,'张国敬',164,'13865960090',NULL,'10.196.138.140','meetingId = 164 , menu_id = 3007 , menu_name = 抽奖信息 , ',3007,NULL),
  ('000000003639c042013639cf9434000f','2012-03-22 17:49:26','/meeting/portal/pri/meeting/guest_findAllGuest.action',4460,'张国敬',164,'13865960090',NULL,'10.196.138.140','meetingId = 164 , menu_id = 3010 , menu_name = 嘉宾信息 , ',3010,NULL),
  ('000000003639c042013639cfa3f90010','2012-03-22 17:49:31','/meeting/portal/pri/meeting/getMeetingUsers.action',4460,'张国敬',164,'13865960090',NULL,'10.196.138.140','menu_id = 2998 , menu_name = 通讯录 , meeting.id = 164 , ',2998,NULL),
  ('000000003639c042013639cfaf800011','2012-03-22 17:49:33','/meeting/portal/pri/message/list.action',4460,'张国敬',164,'13865960090',NULL,'10.196.138.140','meetingId = 164 , menu_id = 2999 , menu_name = 站内私信 , ',2999,NULL),
  ('000000003639c042013639cfce670012','2012-03-22 17:49:41','/meeting/portal/pri/meeting/signCode.action',4460,'张国敬',164,'13865960090',NULL,'10.196.138.140','meetingId = 164 , menu_id = 3000 , menu_name = 签到码 , ',3000,NULL),
  ('000000003639c042013639cfd5a20013','2012-03-22 17:49:43','/meeting/portal/pri/reception/specialty_show.action',4460,'张国敬',164,'13865960090',NULL,'10.196.138.140','meetingId = 164 , menu_id = 3003 , menu_name = 本地土特产 , ',3003,NULL),
  ('000000003639c042013639cfe3a00014','2012-03-22 17:49:47','/meeting/portal/pri/meeting/vote_findEnableVote.action',4460,'张国敬',164,'13865960090',NULL,'10.196.138.140','meetingId = 164 , menu_id = 3001 , menu_name = 投票 , ',3001,NULL),
  ('000000003639c042013639cfee150015','2012-03-22 17:49:49','/meeting/portal/pri/hotel/list.action',4460,'张国敬',164,'13865960090',NULL,'10.196.138.140','meetingId = 164 , menu_id = 3012 , menu_name = 酒店信息 , ',3012,NULL),
  ('000000003639c04201363ad0d0db0016','2012-03-22 22:30:25','/meeting/portal/pri/meeting/getMeetingById.action',4474,'李炯',166,'13585940845',NULL,'218.201.240.173','returnType = portal_viewmeeting , menu_id = 3062 , menu_name = 首页 , meeting.id = 166 , ',3062,NULL),
  ('000000003639c04201363ad0e7d70017','2012-03-22 22:30:31','/meeting/portal/pri/meeting/getMeetingUsers.action',4474,'李炯',166,'13585940845',NULL,'218.201.240.173','menu_id = 3069 , menu_name = 通讯录 , meeting.id = 166 , ',3069,NULL),
  ('000000003639c04201363ad0f2cf0018','2012-03-22 22:30:33','/meeting/portal/pri/agenda/agendaList.action',4474,'李炯',166,'13585940845',NULL,'218.201.240.173','meetingId = 166 , menu_id = 3063 , menu_name = 会议议程 , ',3063,NULL),
  ('000000003639c04201363ad0fbbc0019','2012-03-22 22:30:36','/meeting/portal/pri/meeting/getMeetingUsers.action',4474,'李炯',166,'13585940845',NULL,'218.201.240.173','menu_id = 3069 , menu_name = 通讯录 , meeting.id = 166 , ',3069,NULL),
  ('000000003639c04201363e6ab793001a','2012-03-23 15:17:22','/meeting/portal/pri/meeting/getMeetingById.action',4458,'郭旭',166,'15256560237',NULL,'218.201.240.173','returnType = portal_viewmeeting , menu_id = 3062 , menu_name = 首页 , meeting.id = 166 , ',3062,NULL),
  ('000000003639c04201363e6adbb9001b','2012-03-23 15:17:32','/meeting/portal/pri/meeting/getMeetingUsers.action',4458,'郭旭',166,'15256560237',NULL,'218.201.240.173','menu_id = 3069 , menu_name = 通讯录 , meeting.id = 166 , ',3069,NULL),
  ('000000003639c04201363e6aea4a001c','2012-03-23 15:17:35','/meeting/portal/pri/meeting/getMeetingUsers.action',4458,'郭旭',166,'15256560237',NULL,'218.201.240.173','mobile =  , totalPage = 2 , currentPage = 2 , menu_id = 3069 , username =  , meeting.id = 166 , ',3069,NULL),
  ('000000003639c04201363e6b02a9001d','2012-03-23 15:17:42','/meeting/portal/pri/agenda/agendaList.action',4458,'郭旭',166,'15256560237',NULL,'218.201.240.173','meetingId = 166 , menu_id = 3063 , menu_name = 会议议程 , ',3063,NULL),
  ('000000003639c04201363e6b8035001e','2012-03-23 15:18:14','/meeting/portal/pri/meeting/getMeetingFilesPager.action',4458,'郭旭',166,'15256560237',NULL,'218.201.240.173','meetingId = 166 , menu_id = 3064 , menu_name = 会议资料 , from = portal , ',3064,NULL),
  ('000000003639c04201363e6c1c3a001f','2012-03-23 15:18:54','/meeting/portal/pri/meeting/getMeetingById.action',4458,'郭旭',166,'15256560237',NULL,'218.201.240.173','returnType = portal_map , menu_id = 3068 , menu_name = 会场位置 , meeting.id = 166 , ',3068,NULL),
  ('000000003639c04201363e6e2dd50020','2012-03-23 15:21:09','/meeting/portal/pri/agenda/agendaList.action',4458,'郭旭',166,'15256560237',NULL,'218.201.240.173','meetingId = 166 , menu_id = 3063 , menu_name = 会议议程 , ',3063,NULL),
  ('000000003639c04201363e77d3bf0021','2012-03-23 15:31:42','/meeting/portal/pri/agenda/agendaList.action',4458,'郭旭',166,'15256560237',NULL,'218.201.240.173','meetingId = 166 , menu_id = 3063 , menu_name = 会议议程 , ',3063,NULL),
  ('000000003639c04201363e77ee160022','2012-03-23 15:31:48','/meeting/portal/pri/meeting/getMeetingUsers.action',4458,'郭旭',166,'15256560237',NULL,'218.201.240.173','menu_id = 3069 , menu_name = 通讯录 , meeting.id = 166 , ',3069,NULL),
  ('000000003639c04201363e7bb86f0023','2012-03-23 15:35:57','/meeting/portal/pri/agenda/agendaList.action',4458,'郭旭',166,'15256560237',NULL,'218.201.240.173','meetingId = 166 , menu_id = 3063 , menu_name = 会议议程 , ',3063,NULL),
  ('000000003639c04201363e7c22ba0024','2012-03-23 15:36:24','/meeting/portal/pri/meeting/getMeetingUsers.action',4458,'郭旭',166,'15256560237',NULL,'218.201.240.173','menu_id = 3069 , menu_name = 通讯录 , meeting.id = 166 , ',3069,NULL),
  ('000000003639c04201363e7cc2690025','2012-03-23 15:37:05','/meeting/portal/pri/meeting/getMeetingFilesPager.action',4458,'郭旭',166,'15256560237',NULL,'218.201.240.173','meetingId = 166 , menu_id = 3064 , menu_name = 会议资料 , from = portal , ',3064,NULL),
  ('000000003639c04201363e7e1ec50026','2012-03-23 15:38:34','/meeting/portal/pri/meeting/getMeetingFilesPager.action',4458,'郭旭',166,'15256560237',NULL,'218.201.240.173','meetingId = 166 , menu_id = 3064 , menu_name = 会议资料 , from = portal , ',3064,NULL),
  ('000000003639c04201363e7e7a110027','2012-03-23 15:38:57','/meeting/portal/pri/meeting/getMeetingFilesPager.action',4458,'郭旭',166,'15256560237',NULL,'218.201.240.173','meetingId = 166 , menu_id = 3064 , menu_name = 会议资料 , from = portal , ',3064,NULL),
  ('000000003639c04201363e7ed0110028','2012-03-23 15:39:19','/meeting/portal/pri/news/show.action',4458,'郭旭',166,'15256560237',NULL,'218.201.240.173','meetingId = 166 , menu_id = 3076 , menu_name = 新闻中心 , ',3076,NULL),
  ('000000003639c04201363e7eda1e0029','2012-03-23 15:39:22','/meeting/portal/pri/meeting/getMeetingUsers.action',4458,'郭旭',166,'15256560237',NULL,'218.201.240.173','menu_id = 3069 , menu_name = 通讯录 , meeting.id = 166 , ',3069,NULL),
  ('000000003639c04201363e7eeefa002a','2012-03-23 15:39:27','/meeting/portal/pri/meeting/getMeetingById.action',4458,'郭旭',166,'15256560237',NULL,'218.201.240.173','returnType = portal_viewmeeting , menu_id = 3062 , menu_name = 首页 , meeting.id = 166 , ',3062,NULL),
  ('000000003639c04201363e7fd393002b','2012-03-23 15:40:26','/meeting/portal/pri/meeting/getMeetingById.action',4458,'郭旭',166,'15256560237',NULL,'218.201.240.173','returnType = portal_viewmeeting , menu_id = 3062 , menu_name = 首页 , meeting.id = 166 , ',3062,NULL),
  ('000000003639c04201363e7fde4c002c','2012-03-23 15:40:29','/meeting/portal/pri/news/detail.action',4458,'郭旭',166,'15256560237',NULL,'218.201.240.173','meetingId = 166 , menu_id = 3062 , menu_name = 首页 , id = 28 , ',3062,NULL),
  ('000000003639c04201363e814ec0002d','2012-03-23 15:42:03','/meeting/portal/pri/meeting/getMeetingById.action',4458,'郭旭',166,'15256560237',NULL,'218.201.240.173','returnType = portal_viewmeeting , menu_id = 3062 , menu_name = 首页 , meeting.id = 166 , ',3062,NULL),
  ('000000003639c04201363e81693e002e','2012-03-23 15:42:10','/meeting/portal/pri/news/detail.action',4458,'郭旭',166,'15256560237',NULL,'218.201.240.173','meetingId = 166 , menu_id = 3062 , menu_name = ??? , id = 28 , ',3062,NULL),
  ('000000003639c04201363e81f190002f','2012-03-23 15:42:45','/meeting/portal/pri/meeting/getMeetingById.action',4458,'郭旭',166,'15256560237',NULL,'218.201.240.173','returnType = portal_viewmeeting , menu_id = 3062 , menu_name = 首页 , meeting.id = 166 , ',3062,NULL),
  ('000000003639c04201363e8204130030','2012-03-23 15:42:49','/meeting/portal/pri/news/detail.action',4458,'郭旭',166,'15256560237',NULL,'218.201.240.173','meetingId = 166 , menu_id = 3062 , menu_name = ??? , id = 28 , ',3062,NULL),
  ('000000003639c04201363e8266180031','2012-03-23 15:43:14','/meeting/portal/pri/agenda/agendaList.action',4458,'郭旭',166,'15256560237',NULL,'218.201.240.173','meetingId = 166 , menu_id = 2729 , ',2729,NULL),
  ('000000003639c04201363e828aba0032','2012-03-23 15:43:24','/meeting/portal/pri/meeting/getMeetingById.action',4458,'郭旭',166,'15256560237',NULL,'218.201.240.173','returnType = portal_viewmeeting , menu_id = 3062 , menu_name = 首页 , meeting.id = 166 , ',3062,NULL),
  ('000000003639c04201363e82f3f60033','2012-03-23 15:43:51','/meeting/portal/pri/meeting/getMeetingUsers.action',4458,'郭旭',166,'15256560237',NULL,'218.201.240.173','menu_id = 3069 , menu_name = 通讯录 , meeting.id = 166 , ',3069,NULL),
  ('000000003639c04201363e830b150034','2012-03-23 15:43:57','/meeting/portal/pri/interaction/postList.action',4458,'郭旭',166,'15256560237',NULL,'218.201.240.173','meetingId = 166 , menu_id = 3065 , menu_name = 互动交流 , ',3065,NULL),
  ('000000003639c04201363e831b340035','2012-03-23 15:44:01','/meeting/portal/pri/news/show.action',4458,'郭旭',166,'15256560237',NULL,'218.201.240.173','meetingId = 166 , menu_id = 3076 , menu_name = 新闻中心 , ',3076,NULL),
  ('000000003639c04201363e8324750036','2012-03-23 15:44:03','/meeting/portal/pri/meeting/getMeetingById.action',4458,'郭旭',166,'15256560237',NULL,'218.201.240.173','returnType = portal_map , menu_id = 3068 , menu_name = 会场位置 , meeting.id = 166 , ',3068,NULL),
  ('000000003639c04201363e834b110037','2012-03-23 15:44:13','/meeting/portal/pri/interaction/postList.action',4458,'郭旭',166,'15256560237',NULL,'218.201.240.173','meetingId = 166 , menu_id = 3065 , menu_name = 互动交流 , ',3065,NULL),
  ('000000003639c04201363edd6e800038','2012-03-23 17:22:40','/meeting/portal/pri/meeting/getMeetingById.action',4461,'周劲松',164,'13956099163',NULL,'10.196.138.131','returnType = portal_viewmeeting , menu_id = 2991 , menu_name = 首页 , meeting.id = 164 , ',2991,NULL),
  ('00000000364e7a5c01364e7d18460001','2012-03-26 18:11:22','/meeting/portal/pri/meeting/getMeetingById.action',4449,'jinzhuhua',164,'15375296623',NULL,'10.196.138.82','returnType = portal_viewmeeting , menu_id = 2991 , menu_name = 首页 , meeting.id = 164 , ',2991,NULL),
  ('0000000036537d72013653848e310001','2012-03-27 17:37:37','/meeting/portal/pri/meeting/getMeetingById.action',4449,'jinzhuhua',164,'15375296623',NULL,'10.196.142.163','returnType = portal_viewmeeting , menu_id = 2991 , menu_name = 首页 , meeting.id = 164 , ',2991,NULL),
  ('0000000036537d7201365385484e0002','2012-03-27 17:38:25','/meeting/portal/pri/meeting/getMeetingById.action',4449,'jinzhuhua',164,'15375296623',NULL,'10.196.142.163','returnType = portal_viewmeeting , menu_id = 2991 , menu_name = 首页 , meeting.id = 164 , ',2991,NULL),
  ('000000003653ab1e013653b0ebcd0001','2012-03-27 18:26:05','/meeting/portal/pri/meeting/getMeetingById.action',4462,'汤军',164,'18655184258',NULL,'10.196.142.163','returnType = portal_viewmeeting , menu_id = 2991 , menu_name = 首页 , meeting.id = 164 , ',2991,NULL),
  ('000000003653ab1e013653b145680002','2012-03-27 18:26:28','/meeting/portal/pri/meeting/getCustomeMenu.action',4462,'汤军',164,'18655184258',NULL,'10.196.142.163','content.id = 127 , meetingId = 164 , returnType = portal , menu_id = 3016 , menu_name = 天气情况 , ',3016,NULL),
  ('000000003653ab1e013653b14ee10003','2012-03-27 18:26:30','/meeting/portal/pri/agenda/agendaList.action',4462,'汤军',164,'18655184258',NULL,'10.196.142.163','meetingId = 164 , menu_id = 2992 , menu_name = 会议议程 , ',2992,NULL),
  ('000000003653ab1e013653b15d9d0004','2012-03-27 18:26:34','/meeting/portal/pri/meeting/getMeetingFilesPager.action',4462,'汤军',164,'18655184258',NULL,'10.196.142.163','meetingId = 164 , menu_id = 2993 , menu_name = 会议资料 , from = portal , ',2993,NULL),
  ('000000003653ab1e013653b1a3b50005','2012-03-27 18:26:52','/meeting/portal/pri/interaction/postList.action',4462,'汤军',164,'18655184258',NULL,'10.196.142.163','meetingId = 164 , menu_id = 2994 , menu_name = 互动交流 , ',2994,NULL),
  ('000000003653ab1e013653b1da8c0006','2012-03-27 18:27:06','/meeting/portal/pri/meeting/getDinnerInfo.action',4462,'汤军',164,'18655184258',NULL,'10.196.142.163','meetingId = 164 , menu_id = 2995 , menu_name = 餐饮安排 , ',2995,NULL),
  ('000000003653ab1e013653b1e6870007','2012-03-27 18:27:09','/meeting/portal/pri/news/show.action',4462,'汤军',164,'18655184258',NULL,'10.196.142.163','meetingId = 164 , menu_id = 3005 , menu_name = 新闻中心 , ',3005,NULL),
  ('000000003653ab1e013653b1efbd0008','2012-03-27 18:27:11','/meeting/portal/pri/meeting/getMeetingById.action',4462,'汤军',164,'18655184258',NULL,'10.196.142.163','returnType = portal_map , menu_id = 2997 , menu_name = 会场位置 , meeting.id = 164 , ',2997,NULL),
  ('000000003653ab1e013653b224f50009','2012-03-27 18:27:25','/meeting/portal/pri/meeting/paper_findEnablePaper.action',4462,'汤军',164,'18655184258',NULL,'10.196.142.163','meetingId = 164 , menu_id = 3002 , menu_name = 会场建议 , ',3002,NULL),
  ('000000003653ab1e013653b23e89000a','2012-03-27 18:27:32','/meeting/portal/pri/meeting/getMeetingUsers.action',4462,'汤军',164,'18655184258',NULL,'10.196.142.163','menu_id = 2998 , menu_name = 通讯录 , meeting.id = 164 , ',2998,NULL),
  ('000000003653ab1e013653b2915f000b','2012-03-27 18:27:53','/meeting/portal/pri/hotel/list.action',4462,'汤军',164,'18655184258',NULL,'10.196.142.163','meetingId = 164 , menu_id = 3012 , menu_name = 酒店信息 , ',3012,NULL),
  ('000000003653ab1e013653b2ae78000c','2012-03-27 18:28:00','/meeting/portal/pri/meeting/vote_findEnableVote.action',4462,'汤军',164,'18655184258',NULL,'10.196.142.163','meetingId = 164 , menu_id = 3001 , menu_name = 投票 , ',3001,NULL),
  ('000000003653ab1e013653b2c102000d','2012-03-27 18:28:05','/meeting/portal/pri/reception/specialty_show.action',4462,'汤军',164,'18655184258',NULL,'10.196.142.163','meetingId = 164 , menu_id = 3003 , menu_name = 本地土特产 , ',3003,NULL),
  ('000000003653ab1e013653b2cf29000e','2012-03-27 18:28:09','/meeting/portal/pri/meeting/getMeetingUsers.action',4462,'汤军',164,'18655184258',NULL,'10.196.142.163','menu_id = 2998 , menu_name = 通讯录 , meeting.id = 164 , ',2998,NULL),
  ('000000003653ab1e013653b2d6e3000f','2012-03-27 18:28:11','/meeting/portal/pri/interaction/postList.action',4462,'汤军',164,'18655184258',NULL,'10.196.142.163','meetingId = 164 , menu_id = 2994 , menu_name = 互动交流 , ',2994,NULL),
  ('000000003653ab1e013653b2dc9b0010','2012-03-27 18:28:12','/meeting/portal/pri/meeting/getMeetingFilesPager.action',4462,'汤军',164,'18655184258',NULL,'10.196.142.163','meetingId = 164 , menu_id = 2993 , menu_name = 会议资料 , from = portal , ',2993,NULL),
  ('000000003653ab1e013653b2dfa70011','2012-03-27 18:28:13','/meeting/portal/pri/agenda/agendaList.action',4462,'汤军',164,'18655184258',NULL,'10.196.142.163','meetingId = 164 , menu_id = 2992 , menu_name = 会议议程 , ',2992,NULL),
  ('000000003653ab1e013653b2e2060012','2012-03-27 18:28:13','/meeting/portal/pri/meeting/getCustomeMenu.action',4462,'汤军',164,'18655184258',NULL,'10.196.142.163','content.id = 127 , meetingId = 164 , returnType = portal , menu_id = 3016 , menu_name = 天气情况 , ',3016,NULL),
  ('000000003653ab1e013653b2e2b30013','2012-03-27 18:28:14','/meeting/portal/pri/meeting/getMeetingById.action',4462,'汤军',164,'18655184258',NULL,'10.196.142.163','returnType = portal_viewmeeting , menu_id = 2991 , menu_name = 首页 , meeting.id = 164 , ',2991,NULL),
  ('000000003653ab1e013653b2e4a70014','2012-03-27 18:28:14','/meeting/portal/pri/meeting/getMeetingById.action',4462,'汤军',164,'18655184258',NULL,'10.196.142.163','returnType = portal_viewmeeting , menu_id = 2991 , menu_name = 首页 , meeting.id = 164 , ',2991,NULL),
  ('000000003653ab1e013653b2f2e00015','2012-03-27 18:28:18','/meeting/portal/pri/meeting/getMeetingById.action',4462,'汤军',164,'18655184258',NULL,'10.196.142.163','returnType = portal_viewmeeting , menu_id = 2991 , menu_name = 首页 , meeting.id = 164 , ',2991,NULL),
  ('000000003653ab1e013653b2f4540016','2012-03-27 18:28:18','/meeting/portal/pri/meeting/getMeetingById.action',4462,'汤军',164,'18655184258',NULL,'10.196.142.163','returnType = portal_viewmeeting , menu_id = 2991 , meeting.id = 164 , ',2991,NULL),
  ('000000003653ab1e013653b2f5c70017','2012-03-27 18:28:19','/meeting/portal/pri/meeting/getMeetingById.action',4462,'汤军',164,'18655184258',NULL,'10.196.142.163','returnType = portal_viewmeeting , menu_id = 2991 , meeting.id = 164 , ',2991,NULL),
  ('000000003653ab1e013653b2f5ee0018','2012-03-27 18:28:19','/meeting/portal/pri/meeting/getMeetingById.action',4462,'汤军',164,'18655184258',NULL,'10.196.142.163','returnType = portal_viewmeeting , menu_id = 2991 , menu_name = 首? , meeting.id = 164 , ',2991,NULL),
  ('000000003653ab1e013653b2f6840019','2012-03-27 18:28:19','/meeting/portal/pri/meeting/getMeetingById.action',4462,'汤军',164,'18655184258',NULL,'10.196.142.163','returnType = portal_viewmeeting , menu_id = 2991 , meeting.id = 164 , ',2991,NULL),
  ('000000003653ab1e013653b2f685001a','2012-03-27 18:28:19','/meeting/portal/pri/meeting/getMeetingById.action',4462,'汤军',164,'18655184258',NULL,'10.196.142.163','returnType = portal_viewmeeting , menu_id = 2991 , meeting.id = 164 , ',2991,NULL),
  ('000000003653ab1e013653b2f6b1001b','2012-03-27 18:28:19','/meeting/portal/pri/meeting/getMeetingById.action',4462,'汤军',164,'18655184258',NULL,'10.196.142.163','returnType = portal_viewmeeting , menu_id = 2991 , meeting.id = 164 , ',2991,NULL),
  ('000000003653ab1e013653b2f6e8001c','2012-03-27 18:28:19','/meeting/portal/pri/meeting/getMeetingById.action',4462,'汤军',164,'18655184258',NULL,'10.196.142.163','returnType = portal_viewmeeting , menu_id = 2991 , menu_name = 首 , meeting.id = 164 , ',2991,NULL),
  ('000000003653ab1e013653b2f764001d','2012-03-27 18:28:19','/meeting/portal/pri/meeting/getMeetingById.action',4462,'汤军',164,'18655184258',NULL,'10.196.142.163','returnType = portal_viewmeeting , menu_id = 2991 , meeting.id = 164 , ',2991,NULL),
  ('000000003653ab1e013653b2f85b001e','2012-03-27 18:28:19','/meeting/portal/pri/meeting/getMeetingById.action',4462,'汤军',164,'18655184258',NULL,'10.196.142.163','returnType = portal_viewmeeting , menu_id = 2991 , menu_name =  , meeting.id = 164 , ',2991,NULL),
  ('000000003653ab1e013653b2f85b001f','2012-03-27 18:28:19','/meeting/portal/pri/meeting/getMeetingById.action',4462,'汤军',164,'18655184258',NULL,'10.196.142.163','returnType = portal_viewmeeting , menu_id = 2991 , menu_name = ? , meeting.id = 164 , ',2991,NULL),
  ('000000003653ab1e013653b2fc4d0020','2012-03-27 18:28:20','/meeting/portal/pri/meeting/getMeetingById.action',4462,'汤军',164,'18655184258',NULL,'10.196.142.163','returnType = portal_viewmeeting , menu_id = 2991 , menu_nam =  , meeting.id = 164 , ',2991,NULL),
  ('000000003653ab1e013653b2fc4d0021','2012-03-27 18:28:20','/meeting/portal/pri/meeting/getMeetingById.action',4462,'汤军',164,'18655184258',NULL,'10.196.142.163','returnType = portal_viewmeeting , menu_ =  , menu_id = 2991 , meeting.id = 164 , ',2991,NULL),
  ('000000003653ab1e013653b2fc4d0022','2012-03-27 18:28:20','/meeting/portal/pri/meeting/getMeetingById.action',4462,'汤军',164,'18655184258',NULL,'10.196.142.163','returnType = portal_viewmeeting , menu_id = 2991 , menu_na =  , meeting.id = 164 , ',2991,NULL),
  ('000000003653ab1e013653b2fc640023','2012-03-27 18:28:20','/meeting/portal/pri/meeting/getMeetingById.action',4462,'汤军',164,'18655184258',NULL,'10.196.142.163','menu_n =  , returnType = portal_viewmeeting , menu_id = 2991 , meeting.id = 164 , ',2991,NULL),
  ('000000003653ab1e013653b300410024','2012-03-27 18:28:21','/meeting/portal/pri/meeting/getMeetingById.action',4462,'汤军',164,'18655184258',NULL,'10.196.142.163','returnType = portal_viewmeeting , menu_id = 29 , meeting.id = 164 , ',29,NULL),
  ('000000003653ab1e013653b300430025','2012-03-27 18:28:21','/meeting/portal/pri/meeting/getMeetingById.action',4462,'汤军',164,'18655184258',NULL,'10.196.142.163','returnType = portal_viewmeeting , menu_id = 2 , meeting.id = 164 , ',2,NULL),
  ('000000003653ab1e013653b300430026','2012-03-27 18:28:21','/meeting/portal/pri/meeting/getMeetingById.action',4462,'汤军',164,'18655184258',NULL,'10.196.142.163','returnType = portal_viewmeeting , menu_id = 2991 , menu =  , meeting.id = 164 , ',2991,NULL),
  ('000000003653ab1e013653b7f91a0027','2012-03-27 18:33:47','/meeting/portal/pri/meeting/getMeetingById.action',4462,'汤军',164,'18655184258',NULL,'10.196.142.163','returnType = portal_viewmeeting , menu_id = 2991 , menu_name = 首页 , meeting.id = 164 , ',2991,NULL),
  ('000000003653ab1e013653b804190028','2012-03-27 18:33:50','/meeting/portal/pri/meeting/getCustomeMenu.action',4462,'汤军',164,'18655184258',NULL,'10.196.142.163','content.id = 127 , meetingId = 164 , returnType = portal , menu_id = 3016 , menu_name = 天气情况 , ',3016,NULL),
  ('000000003653ec3f013653ef6d6b0001','2012-03-27 19:34:21','/meeting/portal/pri/meeting/getMeetingById.action',4449,'jinzhuhua',164,'15375296623',NULL,'10.196.142.163','returnType = portal_viewmeeting , menu_id = 2991 , menu_name = 首页 , meeting.id = 164 , ',2991,NULL),
  ('000000003653ec3f013653ef84680002','2012-03-27 19:34:27','/meeting/portal/pri/meeting/getMeetingUsers.action',4449,'jinzhuhua',164,'15375296623',NULL,'10.196.142.163','menu_id = 2998 , menu_name = 通讯录 , meeting.id = 164 , ',2998,NULL),
  ('000000003653ec3f013654f2d3990003','2012-03-28 00:17:41','/meeting/portal/pri/meeting/getMeetingById.action',4475,'杜倩',166,'13910007636',NULL,'221.13.21.214','returnType = portal_viewmeeting , menu_id = 3062 , menu_name = 首页 , meeting.id = 166 , ',3062,NULL),
  ('000000003653ec3f013654f32ff40004','2012-03-28 00:18:05','/meeting/portal/pri/agenda/agendaList.action',4475,'杜倩',166,'13910007636',NULL,'221.13.21.214','meetingId = 166 , menu_id = 2729 , ',2729,NULL),
  ('000000003653ec3f013654f350220005','2012-03-28 00:18:13','/meeting/portal/pri/meeting/getMeetingUsers.action',4475,'杜倩',166,'13910007636',NULL,'221.13.21.214','menu_id = 3069 , menu_name = 通讯录 , meeting.id = 166 , ',3069,NULL),
  ('000000003653ec3f013654f3550f0006','2012-03-28 00:18:14','/meeting/portal/pri/meeting/getMeetingById.action',4475,'杜倩',166,'13910007636',NULL,'221.13.21.214','returnType = portal_viewmeeting , menu_id = 3062 , menu_name = 首页 , meeting.id = 166 , ',3062,NULL),
  ('000000003653ec3f013654f364710007','2012-03-28 00:18:18','/meeting/portal/pri/message/list.action',4475,'杜倩',166,'13910007636',NULL,'221.13.21.214','meetingId = 166 , menu_id = 3070 , menu_name = 站内私信 , ',3070,NULL),
  ('000000003653ec3f013654f36b6e0008','2012-03-28 00:18:20','/meeting/portal/pri/hotel/list.action',4475,'杜倩',166,'13910007636',NULL,'221.13.21.214','meetingId = 166 , menu_id = 3083 , menu_name = 酒店信息 , ',3083,NULL),
  ('000000003653ec3f013654f374270009','2012-03-28 00:18:22','/meeting/portal/pri/meeting/getMeetingById.action',4475,'杜倩',166,'13910007636',NULL,'221.13.21.214','returnType = portal_map , menu_id = 3068 , menu_name = 会场位置 , meeting.id = 166 , ',3068,NULL),
  ('000000003653ec3f013654f384a4000a','2012-03-28 00:18:27','/meeting/portal/pri/meeting/getMeetingById.action',4475,'杜倩',166,'13910007636',NULL,'221.13.21.214','returnType = portal_map , menu_id = 3068 , menu_name = 会场位置 , meeting.id = 166 , ',3068,NULL),
  ('000000003653ec3f013654f41082000b','2012-03-28 00:19:02','/meeting/portal/pri/hotel/list.action',4475,'杜倩',166,'13910007636',NULL,'221.13.21.214','meetingId = 166 , menu_id = 3083 , menu_name = 酒店信息 , ',3083,NULL),
  ('000000003653ec3f013654f41aaf000c','2012-03-28 00:19:05','/meeting/portal/pri/meeting/getMeetingById.action',4475,'杜倩',166,'13910007636',NULL,'221.13.21.214','returnType = portal_viewmeeting , menu_id = 3062 , menu_name = 首页 , meeting.id = 166 , ',3062,NULL),
  ('000000003653ec3f013654f42cbf000d','2012-03-28 00:19:10','/meeting/portal/pri/meeting/getMeetingById.action',4475,'杜倩',166,'13910007636',NULL,'221.13.21.214','returnType = portal_map , menu_id = 3068 , menu_name = 会场位置 , meeting.id = 166 , ',3068,NULL),
  ('000000003653ec3f013654f44743000e','2012-03-28 00:19:16','/meeting/portal/pri/meeting/getMeetingUsers.action',4475,'杜倩',166,'13910007636',NULL,'221.13.21.214','menu_id = 3069 , menu_name = 通讯录 , meeting.id = 166 , ',3069,NULL),
  ('000000003653ec3f013654f44b8a000f','2012-03-28 00:19:18','/meeting/portal/pri/meeting/getMeetingById.action',4475,'杜倩',166,'13910007636',NULL,'221.13.21.214','returnType = portal_viewmeeting , menu_id = 3062 , menu_name = 首页 , meeting.id = 166 , ',3062,NULL),
  ('000000003653ec3f013654f44fe90010','2012-03-28 00:19:19','/meeting/portal/pri/meeting/getMeetingUsers.action',4475,'杜倩',166,'13910007636',NULL,'221.13.21.214','menu_id = 3069 , menu_name = 通讯录 , meeting.id = 166 , ',3069,NULL),
  ('000000003653ec3f013654f453f90011','2012-03-28 00:19:20','/meeting/portal/pri/agenda/agendaList.action',4475,'杜倩',166,'13910007636',NULL,'221.13.21.214','meetingId = 166 , menu_id = 3063 , menu_name = 会议议程 , ',3063,NULL),
  ('000000003653ec3f013654f4585c0012','2012-03-28 00:19:21','/meeting/portal/pri/meeting/getMeetingFilesPager.action',4475,'杜倩',166,'13910007636',NULL,'221.13.21.214','meetingId = 166 , menu_id = 3064 , menu_name = 会议资料 , from = portal , ',3064,NULL),
  ('000000003653ec3f013654f49fd80013','2012-03-28 00:19:39','/meeting/portal/pri/interaction/postList.action',4475,'杜倩',166,'13910007636',NULL,'221.13.21.214','meetingId = 166 , menu_id = 3065 , menu_name = 互动交流 , ',3065,NULL),
  ('000000003653ec3f013654f4d3910014','2012-03-28 00:19:52','/meeting/portal/pri/news/show.action',4475,'杜倩',166,'13910007636',NULL,'221.13.21.214','meetingId = 166 , menu_id = 3076 , menu_name = 新闻中心 , ',3076,NULL),
  ('000000003653ec3f013654f4dc850015','2012-03-28 00:19:55','/meeting/portal/pri/news/detail.action',4475,'杜倩',166,'13910007636',NULL,'221.13.21.214','meetingId = 166 , menu_id = 3076 , menu_name = 新闻中心 , id = 28 , ',3076,NULL),
  ('000000003653ec3f013654f4f2260016','2012-03-28 00:20:00','/meeting/portal/pri/meeting/getMeetingById.action',4475,'杜倩',166,'13910007636',NULL,'221.13.21.214','returnType = portal_viewmeeting , menu_id = 3062 , menu_name = 首页 , meeting.id = 166 , ',3062,NULL),
  ('000000003653ec3f013654fa4f320017','2012-03-28 00:25:52','/meeting/portal/pri/interaction/postList.action',4475,'杜倩',166,'13910007636',NULL,'221.13.21.214','meetingId = 166 , menu_id = 3065 , menu_name = 互动交流 , ',3065,NULL),
  ('000000003653ec3f013654fa54250018','2012-03-28 00:25:53','/meeting/portal/pri/meeting/getMeetingById.action',4475,'杜倩',166,'13910007636',NULL,'221.13.21.214','returnType = portal_viewmeeting , menu_id = 3062 , menu_name = 首页 , meeting.id = 166 , ',3062,NULL),
  ('000000003653ec3f013654fa58960019','2012-03-28 00:25:54','/meeting/portal/pri/meeting/getMeetingUsers.action',4475,'杜倩',166,'13910007636',NULL,'221.13.21.214','menu_id = 3069 , menu_name = 通讯录 , meeting.id = 166 , ',3069,NULL),
  ('000000003653ec3f013654fa60aa001a','2012-03-28 00:25:56','/meeting/portal/pri/meeting/getMeetingById.action',4475,'杜倩',166,'13910007636',NULL,'221.13.21.214','returnType = portal_map , menu_id = 3068 , menu_name = 会场位置 , meeting.id = 166 , ',3068,NULL),
  ('000000003653ec3f013654fa78c3001b','2012-03-28 00:26:02','/meeting/portal/pri/meeting/getMeetingById.action',4475,'杜倩',166,'13910007636',NULL,'221.13.21.214','returnType = portal_map , menu_id = 3068 , menu_name = 会场位置 , meeting.id = 166 , ',3068,NULL),
  ('000000003653ec3f013654fc087a001c','2012-03-28 00:27:45','/meeting/portal/pri/meeting/getMeetingById.action',4475,'杜倩',166,'13910007636',NULL,'221.13.21.214','returnType = portal_viewmeeting , menu_id = 3062 , menu_name = 首页 , meeting.id = 166 , ',3062,NULL),
  ('000000003653ec3f013654fc3182001d','2012-03-28 00:27:55','/meeting/portal/pri/meeting/getMeetingFilesPager.action',4475,'杜倩',172,'13910007636',NULL,'221.13.21.214','meetingId = 172 , menu_id = 3270 , from = portal , ',3270,NULL),
  ('000000003653ec3f013654fc5430001e','2012-03-28 00:28:04','/meeting/portal/pri/meeting/getMeetingById.action',4475,'杜倩',166,'13910007636',NULL,'221.13.21.214','returnType = portal_viewmeeting , menu_id = 3062 , menu_name = 首页 , meeting.id = 166 , ',3062,NULL),
  ('000000003653ec3f013654fc5cbd001f','2012-03-28 00:28:06','/meeting/portal/pri/agenda/agendaList.action',4475,'杜倩',166,'13910007636',NULL,'221.13.21.214','meetingId = 166 , menu_id = 2729 , ',2729,NULL),
  ('000000003653ec3f013654fc66470020','2012-03-28 00:28:09','/meeting/portal/pri/meeting/getMeetingFilesPager.action',4475,'杜倩',166,'13910007636',NULL,'221.13.21.214','meetingId = 166 , menu_id = 3064 , menu_name = 会议资料 , from = portal , ',3064,NULL),
  ('000000003653ec3f013654fc6e9c0021','2012-03-28 00:28:11','/meeting/portal/pri/meeting/getMeetingById.action',4475,'杜倩',166,'13910007636',NULL,'221.13.21.214','returnType = portal_viewmeeting , menu_id = 3062 , menu_name = 首页 , meeting.id = 166 , ',3062,NULL),
  ('000000003653ec3f013654fc77bd0022','2012-03-28 00:28:13','/meeting/portal/pri/meeting/getMeetingFilesPager.action',4475,'杜倩',172,'13910007636',NULL,'221.13.21.214','meetingId = 172 , menu_id = 3270 , from = portal , ',3270,NULL),
  ('000000003653ec3f013654fc7eb00023','2012-03-28 00:28:15','/meeting/portal/pri/meeting/getMeetingFilesPager.action',4475,'杜倩',166,'13910007636',NULL,'221.13.21.214','meetingId = 166 , menu_id = 3064 , menu_name = 会议资料 , from = portal , ',3064,NULL),
  ('000000003653ec3f013654fc86010024','2012-03-28 00:28:17','/meeting/portal/pri/meeting/getMeetingById.action',4475,'杜倩',166,'13910007636',NULL,'221.13.21.214','returnType = portal_viewmeeting , menu_id = 3062 , menu_name = 首页 , meeting.id = 166 , ',3062,NULL),
  ('000000003653ec3f013654fccbb50025','2012-03-28 00:28:35','/meeting/portal/pri/meeting/getMeetingFilesPager.action',4475,'杜倩',166,'13910007636',NULL,'221.13.21.214','meetingId = 166 , menu_id = 3064 , menu_name = 会议资料 , from = portal , ',3064,NULL),
  ('000000003653ec3f013654fcd58e0026','2012-03-28 00:28:37','/meeting/portal/pri/meeting/getMeetingById.action',4475,'杜倩',166,'13910007636',NULL,'221.13.21.214','returnType = portal_viewmeeting , menu_id = 3062 , menu_name = 首页 , meeting.id = 166 , ',3062,NULL),
  ('000000003653ec3f013654fdbaf70027','2012-03-28 00:29:36','/meeting/portal/pri/news/show.action',4475,'杜倩',166,'13910007636',NULL,'221.13.21.214','meetingId = 166 , menu_id = 3076 , menu_name = 新闻中心 , ',3076,NULL),
  ('000000003653ec3f013654fdc2d60028','2012-03-28 00:29:38','/meeting/portal/pri/message/list.action',4475,'杜倩',166,'13910007636',NULL,'221.13.21.214','meetingId = 166 , menu_id = 3070 , menu_name = 站内私信 , ',3070,NULL),
  ('000000003653ec3f013654fdc8f80029','2012-03-28 00:29:39','/meeting/portal/pri/hotel/list.action',4475,'杜倩',166,'13910007636',NULL,'221.13.21.214','meetingId = 166 , menu_id = 3083 , menu_name = 酒店信息 , ',3083,NULL),
  ('000000003653ec3f013654fde18f002a','2012-03-28 00:29:46','/meeting/portal/pri/meeting/getMeetingById.action',4475,'杜倩',166,'13910007636',NULL,'221.13.21.214','returnType = portal_viewmeeting , menu_id = 3062 , menu_name = 首页 , meeting.id = 166 , ',3062,NULL),
  ('000000003653ec3f013654fdeb4e002b','2012-03-28 00:29:48','/meeting/portal/pri/news/detail.action',4475,'杜倩',166,'13910007636',NULL,'221.13.21.214','meetingId = 166 , menu_id = 3062 , menu_name = 首页 , id = 28 , ',3062,NULL),
  ('000000003653ec3f013654fdf62d002c','2012-03-28 00:29:51','/meeting/portal/pri/meeting/getMeetingById.action',4475,'杜倩',166,'13910007636',NULL,'221.13.21.214','returnType = portal_viewmeeting , menu_id = 3062 , menu_name = 首页 , meeting.id = 166 , ',3062,NULL),
  ('000000003653ec3f013654fe0789002d','2012-03-28 00:29:55','/meeting/portal/pri/news/show.action',4475,'杜倩',166,'13910007636',NULL,'221.13.21.214','meetingId = 166 , menu_id = 3076 , menu_name = 新闻中心 , ',3076,NULL),
  ('000000003653ec3f013654fe0f14002e','2012-03-28 00:29:57','/meeting/portal/pri/meeting/getMeetingById.action',4475,'杜倩',166,'13910007636',NULL,'221.13.21.214','returnType = portal_viewmeeting , menu_id = 3062 , menu_name = 首页 , meeting.id = 166 , ',3062,NULL),
  ('000000003653ec3f013654fe1800002f','2012-03-28 00:30:00','/meeting/portal/pri/news/show.action',4475,'杜倩',166,'13910007636',NULL,'221.13.21.214','meetingId = 166 , menu_id = 3076 , menu_name = 新闻中心 , ',3076,NULL),
  ('000000003653ec3f013654fe20650030','2012-03-28 00:30:02','/meeting/portal/pri/news/detail.action',4475,'杜倩',166,'13910007636',NULL,'221.13.21.214','meetingId = 166 , menu_id = 3076 , menu_name = 新闻中心 , id = 28 , ',3076,NULL),
  ('000000003653ec3f013654fe32200031','2012-03-28 00:30:06','/meeting/portal/pri/hotel/list.action',4475,'杜倩',166,'13910007636',NULL,'221.13.21.214','meetingId = 166 , menu_id = 3083 , menu_name = 酒店信息 , ',3083,NULL),
  ('000000003653ec3f013654fe3ba20032','2012-03-28 00:30:09','/meeting/portal/pri/meeting/getMeetingById.action',4475,'杜倩',166,'13910007636',NULL,'221.13.21.214','returnType = portal_viewmeeting , menu_id = 3062 , menu_name = 首页 , meeting.id = 166 , ',3062,NULL),
  ('000000003653ec3f013654ff81da0033','2012-03-28 00:31:32','/meeting/portal/pri/meeting/getMeetingById.action',4475,'杜倩',166,'13910007636',NULL,'221.13.21.214','returnType = portal_viewmeeting , menu_id = 3062 , menu_name = 首页 , meeting.id = 166 , ',3062,NULL),
  ('000000003653ec3f013654ff97e20034','2012-03-28 00:31:38','/meeting/portal/pri/meeting/getMeetingUsers.action',4475,'杜倩',166,'13910007636',NULL,'221.13.21.214','menu_id = 3069 , menu_name = 通讯录 , meeting.id = 166 , ',3069,NULL),
  ('000000003653ec3f013654ff9b240035','2012-03-28 00:31:39','/meeting/portal/pri/meeting/getMeetingById.action',4475,'杜倩',166,'13910007636',NULL,'221.13.21.214','returnType = portal_viewmeeting , menu_id = 3062 , menu_name = 首页 , meeting.id = 166 , ',3062,NULL),
  ('000000003653ec3f013654ffbeb50036','2012-03-28 00:31:48','/meeting/portal/pri/message/list.action',4475,'杜倩',166,'13910007636',NULL,'221.13.21.214','meetingId = 166 , menu_id = 3070 , menu_name = 站内私信 , ',3070,NULL),
  ('000000003653ec3f013654ffc5580037','2012-03-28 00:31:50','/meeting/portal/pri/meeting/getMeetingUsers.action',4475,'杜倩',166,'13910007636',NULL,'221.13.21.214','menu_id = 3069 , menu_name = 通讯录 , meeting.id = 166 , ',3069,NULL),
  ('000000003653ec3f013654ffc9600038','2012-03-28 00:31:51','/meeting/portal/pri/agenda/agendaList.action',4475,'杜倩',166,'13910007636',NULL,'221.13.21.214','meetingId = 166 , menu_id = 3063 , menu_name = 会议议程 , ',3063,NULL),
  ('000000003653ec3f013654ffcdd40039','2012-03-28 00:31:52','/meeting/portal/pri/meeting/getMeetingFilesPager.action',4475,'杜倩',166,'13910007636',NULL,'221.13.21.214','meetingId = 166 , menu_id = 3064 , menu_name = 会议资料 , from = portal , ',3064,NULL),
  ('000000003653ec3f013654ffd47e003a','2012-03-28 00:31:53','/meeting/portal/pri/interaction/postList.action',4475,'杜倩',166,'13910007636',NULL,'221.13.21.214','meetingId = 166 , menu_id = 3065 , menu_name = 互动交流 , ',3065,NULL),
  ('000000003653ec3f013654ffda4c003b','2012-03-28 00:31:55','/meeting/portal/pri/news/show.action',4475,'杜倩',166,'13910007636',NULL,'221.13.21.214','meetingId = 166 , menu_id = 3076 , menu_name = 新闻中心 , ',3076,NULL),
  ('000000003653ec3f013654ffdd65003c','2012-03-28 00:31:56','/meeting/portal/pri/interaction/postList.action',4475,'杜倩',166,'13910007636',NULL,'221.13.21.214','meetingId = 166 , menu_id = 3065 , menu_name = 互动交流 , ',3065,NULL),
  ('000000003653ec3f0136550003ba003d','2012-03-28 00:32:06','/meeting/portal/pri/interaction/postList.action',4475,'杜倩',166,'13910007636',NULL,'221.13.21.214','meetingId = 166 , menu_id = 3065 , menu_name = 互动交流 , ',3065,NULL),
  ('000000003653ec3f01365500092a003e','2012-03-28 00:32:07','/meeting/portal/pri/news/show.action',4475,'杜倩',166,'13910007636',NULL,'221.13.21.214','meetingId = 166 , menu_id = 3076 , menu_name = 新闻中心 , ',3076,NULL),
  ('000000003653ec3f01365500116f003f','2012-03-28 00:32:09','/meeting/portal/pri/message/list.action',4475,'杜倩',166,'13910007636',NULL,'221.13.21.214','meetingId = 166 , menu_id = 3070 , menu_name = 站内私信 , ',3070,NULL),
  ('000000003653ec3f0136550017520040','2012-03-28 00:32:11','/meeting/portal/pri/hotel/list.action',4475,'杜倩',166,'13910007636',NULL,'221.13.21.214','meetingId = 166 , menu_id = 3083 , menu_name = 酒店信息 , ',3083,NULL),
  ('000000003653ec3f0136550021170041','2012-03-28 00:32:13','/meeting/portal/pri/message/list.action',4475,'杜倩',166,'13910007636',NULL,'221.13.21.214','meetingId = 166 , menu_id = 3070 , menu_name = 站内私信 , ',3070,NULL),
  ('000000003653ec3f0136550027830042','2012-03-28 00:32:15','/meeting/portal/pri/hotel/list.action',4475,'杜倩',166,'13910007636',NULL,'221.13.21.214','meetingId = 166 , menu_id = 3083 , menu_name = 酒店信息 , ',3083,NULL),
  ('000000003653ec3f013655002f4f0043','2012-03-28 00:32:17','/meeting/portal/pri/meeting/getMeetingById.action',4475,'杜倩',166,'13910007636',NULL,'221.13.21.214','returnType = portal_viewmeeting , menu_id = 3062 , menu_name = 首页 , meeting.id = 166 , ',3062,NULL),
  ('000000003653ec3f013656d3a21d0044','2012-03-28 09:02:51','/meeting/portal/pri/meeting/getMeetingById.action',4475,'杜倩',166,'13910007636',NULL,'10.196.2.182','returnType = portal_viewmeeting , menu_id = 3062 , menu_name = 首页 , meeting.id = 166 , ',3062,NULL),
  ('000000003653ec3f013656d546b40045','2012-03-28 09:04:39','/meeting/portal/pri/meeting/getMeetingById.action',4475,'杜倩',162,'13910007636',NULL,'10.196.2.182','returnType = portal_viewmeeting , menu_id = 3062 , menu_name = 首页 , meeting.id = 162 , ',3062,NULL),
  ('000000003653ec3f013656d5667b0046','2012-03-28 09:04:47','/meeting/portal/pri/meeting/getMeetingById.action',4475,'杜倩',166,'13910007636',NULL,'10.196.2.182','returnType = portal_viewmeeting , menu_id = 3062 , menu_name = 首页 , meeting.id = 166 , ',3062,NULL),
  ('000000003653ec3f013656d5fb480047','2012-03-28 09:05:25','/meeting/portal/pri/meeting/getMeetingById.action',4475,'杜倩',166,'13910007636',NULL,'10.196.2.182','returnType = portal_viewmeeting , menu_id = 3062 , menu_name = 首页 , meeting.id = 166 , ',3062,NULL),
  ('000000003653ec3f013656d65c240048','2012-03-28 09:05:50','/meeting/portal/pri/meeting/getMeetingById.action',4475,'杜倩',166,'13910007636',NULL,'10.196.2.182','returnType = portal_viewmeeting , menu_id = 3062 , menu_name = 首页 , meeting.id = 166 , ',3062,NULL),
  ('000000003653ec3f013656d772d60049','2012-03-28 09:07:01','/meeting/portal/pri/meeting/getMeetingById.action',4475,'杜倩',166,'13910007636',NULL,'10.196.2.182','returnType = portal_viewmeeting , menu_id = 3062 , menu_name = 首页 , meeting.id = 166 , ',3062,NULL),
  ('000000003653ec3f013656d7e150004a','2012-03-28 09:07:30','/meeting/portal/pri/meeting/getMeetingById.action',4462,'汤军',164,'18655184258',NULL,'10.196.138.27','returnType = portal_viewmeeting , menu_id = 2991 , menu_name = 首页 , meeting.id = 164 , ',2991,NULL),
  ('000000003653ec3f013656d7f467004b','2012-03-28 09:07:35','/meeting/portal/pri/meeting/getMeetingFilesPager.action',4462,'汤军',164,'18655184258',NULL,'10.196.138.27','meetingId = 164 , menu_id = 3270 , from = portal , ',3270,NULL),
  ('000000003653ec3f013656d8010a004c','2012-03-28 09:07:38','/meeting/portal/pri/meeting/getMeetingById.action',4462,'汤军',164,'18655184258',NULL,'10.196.138.27','returnType = portal_viewmeeting , menu_id = 2991 , menu_name = 首页 , meeting.id = 164 , ',2991,NULL),
  ('000000003653ec3f013656d84fb6004d','2012-03-28 09:07:58','/meeting/portal/pri/meeting/getMeetingUsers.action',4475,'杜倩',166,'13910007636',NULL,'10.196.2.182','menu_id = 3069 , menu_name = 通讯录 , meeting.id = 166 , ',3069,NULL),
  ('000000003653ec3f013656d855c8004e','2012-03-28 09:08:00','/meeting/portal/pri/meeting/getMeetingById.action',4475,'杜倩',166,'13910007636',NULL,'10.196.2.182','returnType = portal_viewmeeting , menu_id = 3062 , menu_name = 首页 , meeting.id = 166 , ',3062,NULL),
  ('000000003653ec3f013656d860c7004f','2012-03-28 09:08:02','/meeting/portal/pri/agenda/agendaList.action',4475,'杜倩',166,'13910007636',NULL,'10.196.2.182','meetingId = 166 , menu_id = 3063 , menu_name = 会议议程 , ',3063,NULL),
  ('000000003653ec3f013656d863fa0050','2012-03-28 09:08:03','/meeting/portal/pri/meeting/getMeetingFilesPager.action',4475,'杜倩',166,'13910007636',NULL,'10.196.2.182','meetingId = 166 , menu_id = 3064 , menu_name = 会议资料 , from = portal , ',3064,NULL),
  ('000000003653ec3f013656dfa4b50051','2012-03-28 09:15:59','/meeting/portal/pri/meeting/getMeetingById.action',4462,'汤军',164,'18655184258',NULL,'10.196.138.27','returnType = portal_viewmeeting , menu_id = 2991 , menu_name = 首页 , meeting.id = 164 , ',2991,NULL),
  ('000000003653ec3f013656e019d00052','2012-03-28 09:16:29','/meeting/portal/pri/meeting/getMeetingById.action',4460,'张国敬',166,'13865960090',NULL,'10.196.138.27','returnType = portal_viewmeeting , menu_id = 3062 , menu_name = 首页 , meeting.id = 166 , ',3062,NULL),
  ('000000003653ec3f013656e2c4710053','2012-03-28 09:19:23','/meeting/portal/pri/meeting/getMeetingFilesPager.action',4475,'杜倩',166,'13910007636',NULL,'10.196.2.182','meetingId = 166 , menu_id = 3064 , menu_name = 会议资料 , from = portal , ',3064,NULL),
  ('000000003653ec3f013656e2df380054','2012-03-28 09:19:30','/meeting/portal/pri/meeting/getMeetingFilesPager.action',4475,'杜倩',166,'13910007636',NULL,'10.196.2.182','meetingId = 166 , menu_id = 3064 , menu_name = 会议资料 , from = portal , ',3064,NULL),
  ('000000003653ec3f013656e2e3500055','2012-03-28 09:19:31','/meeting/portal/pri/meeting/getMeetingFilesPager.action',4475,'杜倩',166,'13910007636',NULL,'10.196.2.182','meetingId = 166 , menu_id = 3064 , menu_name = 会议资料 , from = portal , ',3064,NULL),
  ('000000003653ec3f013656e2e6830056','2012-03-28 09:19:32','/meeting/portal/pri/meeting/getMeetingFilesPager.action',4475,'杜倩',166,'13910007636',NULL,'10.196.2.182','meetingId = 166 , menu_id = 3064 , menu_name = 会议资料 , from = portal , ',3064,NULL),
  ('000000003653ec3f013656e2fff80057','2012-03-28 09:19:39','/meeting/portal/pri/meeting/getMeetingFilesPager.action',4475,'杜倩',166,'13910007636',NULL,'10.196.2.182','meetingId = 166 , menu_id = 3064 , menu_name = 会议资料 , from = portal , ',3064,NULL),
  ('000000003653ec3f013656e317760058','2012-03-28 09:19:45','/meeting/portal/pri/meeting/getMeetingFilesPager.action',4475,'杜倩',166,'13910007636',NULL,'10.196.2.182','meetingId = 166 , menu_id = 3064 , menu_name = 会议资料 , from = portal , ',3064,NULL),
  ('000000003653ec3f013656e31b680059','2012-03-28 09:19:46','/meeting/portal/pri/meeting/getMeetingFilesPager.action',4475,'杜倩',166,'13910007636',NULL,'10.196.2.182','meetingId = 166 , menu_id = 3064 , menu_name = 会议资料 , from = portal , ',3064,NULL),
  ('000000003653ec3f013656e31e54005a','2012-03-28 09:19:46','/meeting/portal/pri/meeting/getMeetingFilesPager.action',4475,'杜倩',166,'13910007636',NULL,'10.196.2.182','meetingId = 166 , menu_id = 3064 , menu_name = 会议资料 , from = portal , ',3064,NULL),
  ('000000003653ec3f013656e328cf005b','2012-03-28 09:19:49','/meeting/portal/pri/meeting/getMeetingFilesPager.action',4475,'杜倩',166,'13910007636',NULL,'10.196.2.182','meetingId = 166 , menu_id = 3064 , menu_name = 会议资料 , from = portal , ',3064,NULL),
  ('000000003653ec3f013656e32a85005c','2012-03-28 09:19:49','/meeting/portal/pri/meeting/getMeetingFilesPager.action',4475,'杜倩',166,'13910007636',NULL,'10.196.2.182','meetingId = 166 , menu_id = 3064 , menu_name = 会议资料 , from = portal , ',3064,NULL),
  ('000000003653ec3f013656e32b51005d','2012-03-28 09:19:50','/meeting/portal/pri/meeting/getMeetingFilesPager.action',4475,'杜倩',166,'13910007636',NULL,'10.196.2.182','meetingId = 166 , menu_id = 3064 , menu_name = 会议资料 , from = portal , ',3064,NULL),
  ('000000003653ec3f013656e32c6b005e','2012-03-28 09:19:50','/meeting/portal/pri/meeting/getMeetingFilesPager.action',4475,'杜倩',166,'13910007636',NULL,'10.196.2.182','meetingId = 166 , menu_id = 3064 , menu_name = 会议资料 , from = portal , ',3064,NULL),
  ('000000003653ec3f013656e330c5005f','2012-03-28 09:19:51','/meeting/portal/pri/meeting/getMeetingById.action',4475,'杜倩',166,'13910007636',NULL,'10.196.2.182','returnType = portal_viewmeeting , menu_id = 3062 , menu_name = 首页 , meeting.id = 166 , ',3062,NULL),
  ('000000003653ec3f013656e336dc0060','2012-03-28 09:19:53','/meeting/portal/pri/meeting/getMeetingFilesPager.action',4475,'杜倩',166,'13910007636',NULL,'10.196.2.182','meetingId = 166 , menu_id = 3064 , menu_name = 会议资料 , from = portal , ',3064,NULL),
  ('000000003653ec3f013656e33a7d0061','2012-03-28 09:19:53','/meeting/portal/pri/meeting/getMeetingById.action',4475,'杜倩',166,'13910007636',NULL,'10.196.2.182','returnType = portal_viewmeeting , menu_id = 3062 , menu_name = 首页 , meeting.id = 166 , ',3062,NULL),
  ('000000003653ec3f013656e352b40062','2012-03-28 09:20:00','/meeting/portal/pri/meeting/getMeetingById.action',4475,'杜倩',166,'13910007636',NULL,'10.196.2.182','returnType = portal_viewmeeting , menu_id = 3062 , menu_name = 首页 , meeting.id = 166 , ',3062,NULL),
  ('000000003653ec3f013656e356a00063','2012-03-28 09:20:01','/meeting/portal/pri/meeting/getMeetingById.action',4475,'杜倩',166,'13910007636',NULL,'10.196.2.182','returnType = portal_viewmeeting , menu_id = 3062 , menu_name = 首页 , meeting.id = 166 , ',3062,NULL),
  ('000000003653ec3f013656e369140064','2012-03-28 09:20:05','/meeting/portal/pri/meeting/getMeetingById.action',4475,'杜倩',166,'13910007636',NULL,'10.196.2.182','returnType = portal_viewmeeting , menu_id = 3062 , menu_name = 首页 , meeting.id = 166 , ',3062,NULL),
  ('000000003653ec3f013656e36d450065','2012-03-28 09:20:06','/meeting/portal/pri/meeting/getMeetingById.action',4475,'杜倩',166,'13910007636',NULL,'10.196.2.182','returnType = portal_viewmeeting , menu_id = 3062 , menu_name = 首页 , meeting.id = 166 , ',3062,NULL),
  ('000000003653ec3f013656e410490066','2012-03-28 09:20:48','/meeting/portal/pri/meeting/getMeetingById.action',4475,'杜倩',166,'13910007636',NULL,'10.196.2.182','returnType = portal_viewmeeting , menu_id = 3062 , menu_name = 首页 , meeting.id = 166 , ',3062,NULL),
  ('000000003653ec3f013656e415cd0067','2012-03-28 09:20:50','/meeting/portal/pri/meeting/getMeetingById.action',4475,'杜倩',166,'13910007636',NULL,'10.196.2.182','returnType = portal_viewmeeting , menu_id = 3062 , menu_name = 首页 , meeting.id = 166 , ',3062,NULL),
  ('000000003653ec3f013656e419060068','2012-03-28 09:20:50','/meeting/portal/pri/meeting/getMeetingUsers.action',4475,'杜倩',166,'13910007636',NULL,'10.196.2.182','menu_id = 3069 , menu_name = 通讯录 , meeting.id = 166 , ',3069,NULL),
  ('000000003653ec3f013656e41c7d0069','2012-03-28 09:20:51','/meeting/portal/pri/meeting/getMeetingById.action',4475,'杜倩',166,'13910007636',NULL,'10.196.2.182','returnType = portal_viewmeeting , menu_id = 3062 , menu_name = 首页 , meeting.id = 166 , ',3062,NULL),
  ('000000003653ec3f013656e4217a006a','2012-03-28 09:20:53','/meeting/portal/pri/meeting/getMeetingUsers.action',4475,'杜倩',166,'13910007636',NULL,'10.196.2.182','menu_id = 3069 , menu_name = 通讯录 , meeting.id = 166 , ',3069,NULL),
  ('000000003653ec3f013656e425f4006b','2012-03-28 09:20:54','/meeting/portal/pri/meeting/getMeetingById.action',4475,'杜倩',166,'13910007636',NULL,'10.196.2.182','returnType = portal_viewmeeting , menu_id = 3062 , menu_name = 首页 , meeting.id = 166 , ',3062,NULL),
  ('000000003653ec3f013656e468d7006c','2012-03-28 09:21:11','/meeting/portal/pri/meeting/getMeetingById.action',4475,'杜倩',166,'13910007636',NULL,'10.196.2.182','returnType = portal_viewmeeting , menu_id = 3062 , menu_name = 首页 , meeting.id = 166 , ',3062,NULL),
  ('000000003653ec3f013656e49ffb006d','2012-03-28 09:21:25','/meeting/portal/pri/meeting/getMeetingById.action',4475,'杜倩',166,'13910007636',NULL,'10.196.2.182','returnType = portal_viewmeeting , menu_id = 3062 , menu_name = 首页 , meeting.id = 166 , ',3062,NULL),
  ('000000003653ec3f013656e66e34006e','2012-03-28 09:23:23','/meeting/portal/pri/news/show.action',4475,'杜倩',166,'13910007636',NULL,'10.196.2.182','meetingId = 166 , menu_id = 3100 , ',3100,NULL),
  ('000000003653ec3f013656e678d8006f','2012-03-28 09:23:26','/meeting/portal/pri/news/detail.action',4475,'杜倩',166,'13910007636',NULL,'10.196.2.182','meetingId = 166 , menu_id = 3100 , menu_name =  , id = 28 , ',3100,NULL),
  ('000000003653ec3f013656e680fd0070','2012-03-28 09:23:28','/meeting/portal/pri/meeting/getMeetingById.action',4475,'杜倩',166,'13910007636',NULL,'10.196.2.182','returnType = portal_viewmeeting , menu_id = 3062 , menu_name = 首页 , meeting.id = 166 , ',3062,NULL),
  ('000000003653ec3f013656e930600071','2012-03-28 09:26:24','/meeting/portal/pri/news/show.action',4460,'张国敬',166,'13865960090',NULL,'10.196.138.27','meetingId = 166 , menu_id = 3076 , menu_name = 新闻中心 , ',3076,NULL),
  ('000000003653ec3f013656e940930072','2012-03-28 09:26:28','/meeting/portal/pri/meeting/getMeetingById.action',4460,'张国敬',166,'13865960090',NULL,'10.196.138.27','returnType = portal_viewmeeting , menu_id = 3062 , menu_name = 首页 , meeting.id = 166 , ',3062,NULL),
  ('000000003656ec37013656feb4370001','2012-03-28 09:49:54','/meeting/portal/pri/meeting/getMeetingById.action',4460,'张国敬',166,'13865960090',NULL,'10.196.138.27','returnType = portal_viewmeeting , menu_id = 3062 , menu_name = 首页 , meeting.id = 166 , ',3062,NULL),
  ('000000003656ec37013656fecb3b0002','2012-03-28 09:50:00','/meeting/portal/pri/meeting/getMeetingById.action',4460,'张国敬',166,'13865960090',NULL,'10.196.138.27','returnType = portal_viewmeeting , menu_id = 3062 , menu_name = 首页 , meeting.id = 166 , ',3062,NULL),
  ('000000003656ec3701365700c7e80003','2012-03-28 09:52:10','/meeting/portal/pri/meeting/getMeetingById.action',4460,'张国敬',166,'13865960090',NULL,'10.196.138.27','returnType = portal_viewmeeting , menu_id = 3062 , menu_name = 首页 , meeting.id = 166 , ',3062,NULL),
  ('000000003656ec37013657eadeea0004','2012-03-28 14:07:52','/meeting/portal/pri/meeting/getMeetingById.action',4475,'杜倩',166,'13910007636',NULL,'10.196.2.182','returnType = portal_viewmeeting , menu_id = 3062 , menu_name = 首页 , meeting.id = 166 , ',3062,NULL),
  ('000000003656ec37013657eaecd70005','2012-03-28 14:07:55','/meeting/portal/pri/interaction/postList.action',4475,'杜倩',166,'13910007636',NULL,'10.196.2.182','meetingId = 166 , menu_id = 3065 , menu_name = 互动交流 , ',3065,NULL),
  ('000000003656ec37013657eaf4c60006','2012-03-28 14:07:57','/meeting/portal/pri/meeting/getMeetingFilesPager.action',4475,'杜倩',166,'13910007636',NULL,'10.196.2.182','meetingId = 166 , menu_id = 3064 , menu_name = 会议资料 , from = portal , ',3064,NULL),
  ('000000003656ec37013657eafa210007','2012-03-28 14:07:59','/meeting/portal/pri/agenda/agendaList.action',4475,'杜倩',166,'13910007636',NULL,'10.196.2.182','meetingId = 166 , menu_id = 3063 , menu_name = 会议议程 , ',3063,NULL),
  ('000000003656ec37013657eafe810008','2012-03-28 14:08:00','/meeting/portal/pri/meeting/getMeetingUsers.action',4475,'杜倩',166,'13910007636',NULL,'10.196.2.182','menu_id = 3069 , menu_name = 通讯录 , meeting.id = 166 , ',3069,NULL),
  ('000000003656ec37013657eb035e0009','2012-03-28 14:08:01','/meeting/portal/pri/meeting/getMeetingById.action',4475,'杜倩',166,'13910007636',NULL,'10.196.2.182','returnType = portal_viewmeeting , menu_id = 3062 , menu_name = 首页 , meeting.id = 166 , ',3062,NULL),
  ('000000003656ec37013657f0ff40000a','2012-03-28 14:14:33','/meeting/portal/pri/meeting/getMeetingFilesPager.action',4475,'杜倩',166,'13910007636',NULL,'10.196.2.182','meetingId = 166 , menu_id = 3064 , menu_name = 会议资料 , from = portal , ',3064,NULL),
  ('000000003656ec37013657f10dcd000b','2012-03-28 14:14:37','/meeting/portal/pri/meeting/getMeetingById.action',4475,'杜倩',166,'13910007636',NULL,'10.196.2.182','returnType = portal_viewmeeting , menu_id = 3062 , menu_name = 首页 , meeting.id = 166 , ',3062,NULL),
  ('000000003656ec37013657f11272000c','2012-03-28 14:14:38','/meeting/portal/pri/meeting/getMeetingFilesPager.action',4475,'杜倩',166,'13910007636',NULL,'10.196.2.182','meetingId = 166 , menu_id = 3064 , menu_name = 会议资料 , from = portal , ',3064,NULL),
  ('000000003656ec37013657f117fc000d','2012-03-28 14:14:39','/meeting/portal/pri/interaction/postList.action',4475,'杜倩',166,'13910007636',NULL,'10.196.2.182','meetingId = 166 , menu_id = 3065 , menu_name = 互动交流 , ',3065,NULL),
  ('000000003656ec37013657f12d37000e','2012-03-28 14:14:45','/meeting/portal/pri/meeting/getMeetingById.action',4475,'杜倩',166,'13910007636',NULL,'10.196.2.182','returnType = portal_viewmeeting , menu_id = 3062 , menu_name = 首页 , meeting.id = 166 , ',3062,NULL),
  ('000000003656ec370136584ffa2d000f','2012-03-28 15:58:18','/meeting/portal/pri/meeting/getMeetingById.action',4475,'杜倩',166,'13910007636',NULL,'10.196.2.182','returnType = portal_viewmeeting , menu_id = 3062 , menu_name = 首页 , meeting.id = 166 , ',3062,NULL),
  ('000000003656ec37013658500d290010','2012-03-28 15:58:23','/meeting/portal/pri/meeting/getMeetingById.action',4475,'杜倩',166,'13910007636',NULL,'10.196.2.182','returnType = portal_viewmeeting , menu_id = 3062 , menu_name = 首页 , meeting.id = 166 , ',3062,NULL),
  ('000000003656ec370136585014bb0011','2012-03-28 15:58:24','/meeting/portal/pri/meeting/getMeetingById.action',4475,'杜倩',166,'13910007636',NULL,'10.196.2.182','returnType = portal_viewmeeting , menu_id = 3062 , menu_name = 首页 , meeting.id = 166 , ',3062,NULL),
  ('000000003656ec370136585038990012','2012-03-28 15:58:34','/meeting/portal/pri/meeting/getMeetingById.action',4475,'杜倩',166,'13910007636',NULL,'10.196.2.182','returnType = portal_viewmeeting , menu_id = 3062 , menu_name = 首页 , meeting.id = 166 , ',3062,NULL),
  ('000000003656ec370136585065730013','2012-03-28 15:58:45','/meeting/portal/pri/meeting/getMeetingById.action',4475,'杜倩',166,'13910007636',NULL,'10.196.2.182','returnType = portal_viewmeeting , menu_id = 3062 , menu_name = 首页 , meeting.id = 166 , ',3062,NULL),
  ('000000003656ec3701365c36970f0014','2012-03-29 10:09:03','/meeting/portal/pri/meeting/getMeetingById.action',4548,'刘鸥',166,'13908518578',NULL,'10.196.2.187','returnType = portal_viewmeeting , menu_id = 3062 , menu_name = 首页 , meeting.id = 166 , ',3062,NULL),
  ('000000003656ec3701365c36d88a0015','2012-03-29 10:09:20','/meeting/portal/pri/meeting/getMeetingUsers.action',4548,'刘鸥',166,'13908518578',NULL,'10.196.2.187','menu_id = 3069 , menu_name = 通讯录 , meeting.id = 166 , ',3069,NULL),
  ('000000003656ec3701365c36f96d0016','2012-03-29 10:09:28','/meeting/portal/pri/meeting/getMeetingUsers.action',4548,'刘鸥',166,'13908518578',NULL,'10.196.2.187','menu_id = 3069 , menu_name = 通讯录 , meeting.id = 166 , ',3069,NULL),
  ('000000003656ec3701365c3707bf0017','2012-03-29 10:09:32','/meeting/portal/pri/agenda/agendaList.action',4548,'刘鸥',166,'13908518578',NULL,'10.196.2.187','meetingId = 166 , menu_id = 3063 , menu_name = 会议议程 , ',3063,NULL),
  ('000000003656ec3701365c370bf40018','2012-03-29 10:09:33','/meeting/portal/pri/meeting/getMeetingUsers.action',4548,'刘鸥',166,'13908518578',NULL,'10.196.2.187','menu_id = 3069 , menu_name = 通讯录 , meeting.id = 166 , ',3069,NULL),
  ('000000003656ec3701365c37c2de0019','2012-03-29 10:10:19','/meeting/portal/pri/meeting/getMeetingById.action',4548,'刘鸥',166,'13908518578',NULL,'10.196.2.187','returnType = portal_viewmeeting , menu_id = 3062 , menu_name = 首页 , meeting.id = 166 , ',3062,NULL),
  ('000000003656ec3701365c381e11001a','2012-03-29 10:10:43','/meeting/portal/pri/agenda/agendaList.action',4548,'刘鸥',166,'13908518578',NULL,'10.196.2.187','meetingId = 166 , menu_id = 3063 , menu_name = 会议议程 , ',3063,NULL),
  ('000000003656ec3701365c382d45001b','2012-03-29 10:10:47','/meeting/portal/pri/meeting/getMeetingById.action',4548,'刘鸥',166,'13908518578',NULL,'10.196.2.187','returnType = portal_viewmeeting , menu_id = 3062 , menu_name = 首页 , meeting.id = 166 , ',3062,NULL),
  ('000000003656ec3701365c3902cc001c','2012-03-29 10:11:41','/meeting/portal/pri/meeting/getMeetingUsers.action',4548,'刘鸥',166,'13908518578',NULL,'10.196.2.187','menu_id = 3069 , menu_name = 通讯录 , meeting.id = 166 , ',3069,NULL),
  ('000000003656ec3701365c390ed6001d','2012-03-29 10:11:44','/meeting/portal/pri/agenda/agendaList.action',4548,'刘鸥',166,'13908518578',NULL,'10.196.2.187','meetingId = 166 , menu_id = 3063 , menu_name = 会议议程 , ',3063,NULL),
  ('000000003656ec3701365c39889b001e','2012-03-29 10:12:16','/meeting/portal/pri/meeting/getMeetingById.action',4548,'刘鸥',166,'13908518578',NULL,'10.196.2.187','returnType = portal_viewmeeting , menu_id = 3062 , menu_name = 首页 , meeting.id = 166 , ',3062,NULL),
  ('000000003656ec3701365c3bbed1001f','2012-03-29 10:14:41','/meeting/portal/pri/agenda/agendaList.action',4548,'刘鸥',166,'13908518578',NULL,'10.196.2.187','meetingId = 166 , menu_id = 2729 , ',2729,NULL),
  ('000000003656ec3701365c3bc7b90020','2012-03-29 10:14:43','/meeting/portal/pri/agenda/agendaList.action',4548,'刘鸥',166,'13908518578',NULL,'10.196.2.187','meetingId = 166 , menu_id = 3063 , menu_name = 会议议程 , ',3063,NULL),
  ('000000003656ec3701365c3c04080021','2012-03-29 10:14:58','/meeting/portal/pri/meeting/getMeetingFilesPager.action',4548,'刘鸥',166,'13908518578',NULL,'10.196.2.187','meetingId = 166 , menu_id = 3064 , menu_name = 会议资料 , from = portal , ',3064,NULL),
  ('000000003656ec3701365c3e1e500022','2012-03-29 10:17:16','/meeting/portal/pri/interaction/postList.action',4548,'刘鸥',166,'13908518578',NULL,'10.196.2.187','meetingId = 166 , menu_id = 3065 , menu_name = 互动交流 , ',3065,NULL),
  ('000000003656ec3701365c3e9c7a0023','2012-03-29 10:17:48','/meeting/portal/pri/interaction/commentList.action',4548,'刘鸥',166,'13908518578',NULL,'10.196.2.187','postId = 679 , meetingId = 166 , menu_id = 3065 , ',3065,NULL),
  ('000000003656ec3701365c3eb0570024','2012-03-29 10:17:54','/meeting/portal/pri/news/show.action',4548,'刘鸥',166,'13908518578',NULL,'10.196.2.187','meetingId = 166 , menu_id = 3076 , menu_name = 新闻中心 , ',3076,NULL),
  ('000000003656ec3701365c3ebe7f0025','2012-03-29 10:17:57','/meeting/portal/pri/news/detail.action',4548,'刘鸥',166,'13908518578',NULL,'10.196.2.187','meetingId = 166 , menu_id = 3076 , menu_name = 新闻中心 , id = 28 , ',3076,NULL),
  ('000000003656ec3701365c3ee9de0026','2012-03-29 10:18:08','/meeting/portal/pri/message/list.action',4548,'刘鸥',166,'13908518578',NULL,'10.196.2.187','meetingId = 166 , menu_id = 3070 , menu_name = 站内私信 , ',3070,NULL),
  ('000000003656ec3701365c3efa970027','2012-03-29 10:18:13','/meeting/portal/pri/message/selectUser.action',4548,'刘鸥',166,'13908518578',NULL,'10.196.2.187','meetingId = 166 , menu_id = 3070 , ',3070,NULL),
  ('000000003656ec3701365c3f063d0028','2012-03-29 10:18:15','/meeting/portal/pri/hotel/list.action',4548,'刘鸥',166,'13908518578',NULL,'10.196.2.187','meetingId = 166 , menu_id = 3083 , menu_name = 酒店信息 , ',3083,NULL),
  ('000000003656ec3701365c405d4b0029','2012-03-29 10:19:43','/meeting/portal/pri/hotel/list.action',4548,'刘鸥',166,'13908518578',NULL,'10.196.2.187','meetingId = 166 , menu_id = 3083 , menu_name = 酒店信息 , ',3083,NULL),
  ('000000003656ec3701365c414aa4002a','2012-03-29 10:20:44','/meeting/portal/pri/meeting/getMeetingById.action',4548,'刘鸥',166,'13908518578',NULL,'10.196.2.187','returnType = portal_viewmeeting , menu_id = 3062 , menu_name = 首页 , meeting.id = 166 , ',3062,NULL),
  ('000000003656ec3701365c4186c5002b','2012-03-29 10:20:59','/meeting/portal/pri/meeting/vote_findEnableVote.action',4548,'刘鸥',166,'13908518578',NULL,'10.196.2.187','meetingId = 166 , menu_id = 3072 , menu_name = 投票 , ',3072,NULL),
  ('000000003656ec3701365c41eb51002c','2012-03-29 10:21:25','/meeting/portal/pri/meeting/vote_findEnableVote.action',4548,'刘鸥',166,'13908518578',NULL,'10.196.2.187','meetingId = 166 , menu_id = 3072 , menu_name = 投票 , ',3072,NULL),
  ('000000003656ec3701365c4200c2002d','2012-03-29 10:21:31','/meeting/portal/pri/meeting/vote_processVote.action',4548,'刘鸥',166,'13908518578',NULL,'10.196.2.187','meetingId = 166 , checks = 17 , menu_id = 3072 , voteId = 6 , ',3072,NULL),
  ('00000000365dd7a701365de4d4bb0001','2012-03-29 17:58:59','/meeting/portal/pri/meeting/getMeetingById.action',4460,'张国敬',166,'13865960090',NULL,'10.196.141.95','returnType = portal_viewmeeting , menu_id = 3062 , menu_name = 首页 , meeting.id = 166 , ',3062,NULL),
  ('00000000365dd7a701365de5d84a0002','2012-03-29 18:00:05','/meeting/portal/pri/meeting/getMeetingById.action',4458,'郭旭2',166,'15256560237',NULL,'10.196.141.95','returnType = portal_viewmeeting , menu_id = 3062 , menu_name = 首页 , meeting.id = 166 , ',3062,NULL),
  ('00000000365dd7a701365de605340003','2012-03-29 18:00:17','/meeting/portal/pri/message/list.action',4458,'郭旭2',166,'15256560237',NULL,'10.196.141.95','meetingId = 166 , menu_id = 3070 , menu_name = 站内私信 , ',3070,NULL),
  ('00000000365dd7a701365de6201e0004','2012-03-29 18:00:24','/meeting/portal/pri/meeting/getMeetingUsers.action',4458,'郭旭2',166,'15256560237',NULL,'10.196.141.95','menu_id = 3069 , menu_name = 通讯?? , meeting.id = 166 , ',3069,NULL),
  ('00000000365dd7a701365de659e50005','2012-03-29 18:00:39','/meeting/portal/pri/meeting/getMeetingUsers.action',4458,'郭旭2',166,'15256560237',NULL,'10.196.141.95','mobile = 96 , totalPage = 3 , currentPage = 1 , menu_id = 3069 , username =  , meeting.id = 166 , ',3069,NULL),
  ('00000000365dd7a701365de675560006','2012-03-29 18:00:46','/meeting/portal/pri/meeting/getMeetingUsers.action',4458,'郭旭2',166,'15256560237',NULL,'10.196.141.95','mobile = 6596 , totalPage = 1 , currentPage = 1 , menu_id = 3069 , username =  , meeting.id = 166 , ',3069,NULL),
  ('00000000365dd7a701365de6bc730007','2012-03-29 18:01:04','/meeting/portal/pri/meeting/getMeetingUsers.action',4460,'张国敬',166,'13865960090',NULL,'10.196.141.95','menu_id = 3069 , menu_name = 通讯录 , meeting.id = 166 , ',3069,NULL),
  ('00000000365dd7a701365de6d50d0008','2012-03-29 18:01:10','/meeting/portal/pri/meeting/getMeetingUsers.action',4460,'张国敬',166,'13865960090',NULL,'10.196.141.95','mobile = 5656 , totalPage = 3 , currentPage = 1 , menu_id = 3069 , username =  , meeting.id = 166 , ',3069,NULL),
  ('00000000365dd7a701365de7038b0009','2012-03-29 18:01:22','/meeting/portal/pri/meeting/getMeetingUsers.action',4458,'郭旭2',166,'15256560237',NULL,'10.196.141.95','menu_id = 3069 , menu_name = 通讯?? , meeting.id = 166 , ',3069,NULL),
  ('00000000365dd7a701365de756f1000a','2012-03-29 18:01:43','/meeting/portal/pri/meeting/getMeetingById.action',4460,'张国敬',166,'13865960090',NULL,'10.196.141.95','returnType = portal_viewmeeting , menu_id = 3062 , menu_name = 首页 , meeting.id = 166 , ',3062,NULL),
  ('000000003663022401366668533c0001','2012-03-31 09:39:34','/meeting/client/pri/meeting/analyticsLog.action',4458,'郭旭2',166,'15256560237',NULL,'117.136.20.74','meetingId = 166 , imei = 8283bb68-07b1-4a82-b65e-d8ae5d4e9345 , menu_id = 3121 , ',3121,NULL),
  ('00000000366302240136666873870002','2012-03-31 09:39:43','/meeting/client/pri/meeting/analyticsLog.action',4458,'郭旭2',166,'15256560237',NULL,'117.136.20.74','meetingId = 166 , imei = 8283bb68-07b1-4a82-b65e-d8ae5d4e9345 , menu_id = 3122 , ',3122,NULL),
  ('000000003663022401366668f1f00003','2012-03-31 09:40:15','/meeting/client/pri/meeting/analyticsLog.action',4458,'郭旭2',166,'15256560237',NULL,'117.136.20.82','meetingId = 166 , imei = 8283bb68-07b1-4a82-b65e-d8ae5d4e9345 , menu_id = 3121 , ',3121,NULL),
  ('00000000366302240136666cee6a0004','2012-03-31 09:44:36','/meeting/client/pri/meeting/analyticsLog.action',4458,'郭旭2',166,'15256560237',NULL,'117.136.20.82','meetingId = 166 , imei = 8283bb68-07b1-4a82-b65e-d8ae5d4e9345 , menu_id = 3122 , ',3122,NULL),
  ('00000000366302240136666d541f0005','2012-03-31 09:45:02','/meeting/client/pri/meeting/analyticsLog.action',4458,'郭旭2',166,'15256560237',NULL,'117.136.20.82','meetingId = 166 , imei = 8283bb68-07b1-4a82-b65e-d8ae5d4e9345 , menu_id = 3121 , ',3121,NULL),
  ('00000000366302240136666d54840006','2012-03-31 09:45:02','/meeting/client/pri/meeting/analyticsLog.action',4458,'郭旭2',166,'15256560237',NULL,'117.136.20.82','meetingId = 166 , imei = 8283bb68-07b1-4a82-b65e-d8ae5d4e9345 , menu_id = 3121 , ',3121,NULL),
  ('00000000366302240136666e012d0007','2012-03-31 09:45:47','/meeting/client/pri/meeting/analyticsLog.action',4458,'郭旭2',166,'15256560237',NULL,'117.136.20.82','meetingId = 166 , imei = 8283bb68-07b1-4a82-b65e-d8ae5d4e9345 , menu_id = 3122 , ',3122,NULL),
  ('00000000366302240136666eb4790008','2012-03-31 09:46:32','/meeting/client/pri/meeting/analyticsLog.action',4458,'郭旭2',166,'15256560237',NULL,'117.136.20.82','meetingId = 166 , imei = 8283bb68-07b1-4a82-b65e-d8ae5d4e9345 , menu_id = 3123 , ',3123,NULL),
  ('00000000366302240136666fb92c0009','2012-03-31 09:47:39','/meeting/client/pri/meeting/analyticsLog.action',4458,'郭旭2',166,'15256560237',NULL,'117.136.20.82','meetingId = 166 , imei = 8283bb68-07b1-4a82-b65e-d8ae5d4e9345 , menu_id = 3123 , ',3123,NULL),
  ('00000000366302240136667069f9000a','2012-03-31 09:48:24','/meeting/client/pri/meeting/analyticsLog.action',4458,'郭旭2',166,'15256560237',NULL,'117.136.20.82','meetingId = 166 , imei = 8283bb68-07b1-4a82-b65e-d8ae5d4e9345 , menu_id = 3122 , ',3122,NULL),
  ('0000000036630224013666711a16000b','2012-03-31 09:49:10','/meeting/client/pri/meeting/analyticsLog.action',4458,'郭旭2',166,'15256560237',NULL,'117.136.20.82','meetingId = 166 , imei = 8283bb68-07b1-4a82-b65e-d8ae5d4e9345 , menu_id = 3126 , ',3126,NULL),
  ('0000000036630224013666717ce7000c','2012-03-31 09:49:35','/meeting/client/pri/meeting/analyticsLog.action',4458,'郭旭2',166,'15256560237',NULL,'117.136.20.82','meetingId = 166 , imei = 8283bb68-07b1-4a82-b65e-d8ae5d4e9345 , menu_id = 3127 , ',3127,NULL),
  ('0000000036630224013666720333000d','2012-03-31 09:50:09','/meeting/client/pri/meeting/analyticsLog.action',4458,'郭旭2',166,'15256560237',NULL,'117.136.20.82','meetingId = 166 , imei = 8283bb68-07b1-4a82-b65e-d8ae5d4e9345 , menu_id = 3130 , ',3130,NULL),
  ('000000003663022401366673d58a000e','2012-03-31 09:52:09','/meeting/client/pri/meeting/analyticsLog.action',4458,'郭旭2',166,'15256560237',NULL,'117.136.20.82','meetingId = 166 , imei = 8283bb68-07b1-4a82-b65e-d8ae5d4e9345 , menu_id = 3130 , ',3130,NULL),
  ('0000000036630224013666754316000f','2012-03-31 09:53:42','/meeting/client/pri/meeting/analyticsLog.action',4458,'郭旭2',166,'15256560237',NULL,'117.136.20.82','meetingId = 166 , imei = 8283bb68-07b1-4a82-b65e-d8ae5d4e9345 , menu_id = 3132 , ',3132,NULL),
  ('000000003663022401366675b8340010','2012-03-31 09:54:12','/meeting/client/pri/meeting/analyticsLog.action',4458,'郭旭2',166,'15256560237',NULL,'117.136.20.82','meetingId = 166 , imei = 8283bb68-07b1-4a82-b65e-d8ae5d4e9345 , menu_id = 3130 , ',3130,NULL),
  ('000000003663022401366676ec8c0011','2012-03-31 09:55:31','/meeting/client/pri/meeting/analyticsLog.action',4458,'郭旭2',166,'15256560237',NULL,'117.136.20.82','meetingId = 166 , imei = 8283bb68-07b1-4a82-b65e-d8ae5d4e9345 , menu_id = 3124 , ',3124,NULL),
  ('000000003663022401366677a2080012','2012-03-31 09:56:18','/meeting/client/pri/meeting/analyticsLog.action',4458,'郭旭2',166,'15256560237',NULL,'117.136.20.82','meetingId = 166 , imei = 8283bb68-07b1-4a82-b65e-d8ae5d4e9345 , menu_id = 3130 , ',3130,NULL),
  ('000000003663022401366677b0cc0013','2012-03-31 09:56:21','/meeting/client/pri/meeting/analyticsLog.action',4458,'郭旭2',166,'15256560237',NULL,'117.136.20.82','meetingId = 166 , imei = 8283bb68-07b1-4a82-b65e-d8ae5d4e9345 , menu_id = 3121 , ',3121,NULL),
  ('000000003663022401366677cfe70014','2012-03-31 09:56:29','/meeting/client/pri/meeting/analyticsLog.action',4458,'郭旭2',166,'15256560237',NULL,'117.136.20.82','meetingId = 166 , imei = 8283bb68-07b1-4a82-b65e-d8ae5d4e9345 , menu_id = 3132 , ',3132,NULL),
  ('0000000036630224013666783cbc0015','2012-03-31 09:56:57','/meeting/client/pri/meeting/analyticsLog.action',4458,'郭旭2',166,'15256560237',NULL,'117.136.20.82','meetingId = 166 , imei = 8283bb68-07b1-4a82-b65e-d8ae5d4e9345 , menu_id = 3132 , ',3132,NULL),
  ('00000000366302240136667c33bc0016','2012-03-31 10:01:17','/meeting/client/pri/meeting/analyticsLog.action',4458,'郭旭2',164,'15256560237',NULL,'117.136.20.82','meetingId = 164 , imei = 6037d5f6-2ff6-4c35-bbce-e0631b25b3ca , menu_id = 3169 , ',3169,NULL),
  ('00000000366302240136667cd1860017','2012-03-31 10:01:57','/meeting/client/pri/meeting/analyticsLog.action',4458,'郭旭2',164,'15256560237',NULL,'117.136.20.82','meetingId = 164 , imei = 6037d5f6-2ff6-4c35-bbce-e0631b25b3ca , menu_id = 3175 , ',3175,NULL),
  ('00000000366302240136667dae130018','2012-03-31 10:02:54','/meeting/client/pri/meeting/analyticsLog.action',4458,'郭旭2',164,'15256560237',NULL,'117.136.20.82','meetingId = 164 , imei = 6037d5f6-2ff6-4c35-bbce-e0631b25b3ca , menu_id = 3169 , ',3169,NULL);

COMMIT;

#
# Data for the `analytics_log` table  (LIMIT 1000,500)
#

INSERT INTO `analytics_log` (`id`, `access_time`, `url`, `user_id`, `user_name`, `meeting_id`, `mobile`, `from_type`, `ip`, `params`, `menu_id`, `menu_name`) VALUES 
  ('00000000366302240136667dc5e80019','2012-03-31 10:03:00','/meeting/client/pri/meeting/analyticsLog.action',4458,'郭旭2',164,'15256560237',NULL,'117.136.20.82','meetingId = 164 , imei = 6037d5f6-2ff6-4c35-bbce-e0631b25b3ca , menu_id = 3170 , ',3170,NULL),
  ('00000000366302240136667dd510001a','2012-03-31 10:03:04','/meeting/client/pri/meeting/analyticsLog.action',4458,'郭旭2',164,'15256560237',NULL,'117.136.20.82','meetingId = 164 , imei = 6037d5f6-2ff6-4c35-bbce-e0631b25b3ca , menu_id = 3171 , ',3171,NULL),
  ('00000000366302240136667de2bd001b','2012-03-31 10:03:07','/meeting/client/pri/meeting/analyticsLog.action',4458,'郭旭2',164,'15256560237',NULL,'117.136.20.82','meetingId = 164 , imei = 6037d5f6-2ff6-4c35-bbce-e0631b25b3ca , menu_id = 3172 , ',3172,NULL),
  ('00000000366302240136667e2394001c','2012-03-31 10:03:24','/meeting/client/pri/meeting/analyticsLog.action',4458,'郭旭2',164,'15256560237',NULL,'117.136.20.82','meetingId = 164 , imei = 6037d5f6-2ff6-4c35-bbce-e0631b25b3ca , menu_id = 3172 , ',3172,NULL),
  ('00000000366302240136667e34d8001d','2012-03-31 10:03:28','/meeting/client/pri/meeting/analyticsLog.action',4458,'郭旭2',164,'15256560237',NULL,'117.136.20.82','meetingId = 164 , imei = 6037d5f6-2ff6-4c35-bbce-e0631b25b3ca , menu_id = 3173 , ',3173,NULL),
  ('00000000366302240136667e8c43001e','2012-03-31 10:03:51','/meeting/client/pri/meeting/analyticsLog.action',4458,'郭旭2',164,'15256560237',NULL,'117.136.20.82','meetingId = 164 , imei = 6037d5f6-2ff6-4c35-bbce-e0631b25b3ca , menu_id = 3174 , ',3174,NULL),
  ('00000000366302240136667ece6f001f','2012-03-31 10:04:08','/meeting/client/pri/meeting/analyticsLog.action',4458,'郭旭2',164,'15256560237',NULL,'117.136.20.82','meetingId = 164 , imei = 6037d5f6-2ff6-4c35-bbce-e0631b25b3ca , menu_id = 3175 , ',3175,NULL),
  ('00000000366302240136668003b80020','2012-03-31 10:05:27','/meeting/client/pri/meeting/analyticsLog.action',4458,'郭旭2',164,'15256560237',NULL,'117.136.20.82','meetingId = 164 , imei = 6037d5f6-2ff6-4c35-bbce-e0631b25b3ca , menu_id = 3176 , ',3176,NULL),
  ('0000000036630224013666802d110021','2012-03-31 10:05:37','/meeting/client/pri/meeting/analyticsLog.action',4458,'郭旭2',164,'15256560237',NULL,'117.136.20.82','meetingId = 164 , imei = 6037d5f6-2ff6-4c35-bbce-e0631b25b3ca , menu_id = 3177 , ',3177,NULL),
  ('0000000036630224013666803b720022','2012-03-31 10:05:41','/meeting/client/pri/meeting/analyticsLog.action',4458,'郭旭2',164,'15256560237',NULL,'117.136.20.82','meetingId = 164 , imei = 6037d5f6-2ff6-4c35-bbce-e0631b25b3ca , menu_id = 3178 , ',3178,NULL),
  ('0000000036630224013666808e910023','2012-03-31 10:06:02','/meeting/client/pri/meeting/analyticsLog.action',4458,'郭旭2',164,'15256560237',NULL,'117.136.20.82','meetingId = 164 , imei = 6037d5f6-2ff6-4c35-bbce-e0631b25b3ca , menu_id = 3178 , ',3178,NULL),
  ('000000003663022401366680a0c50024','2012-03-31 10:06:07','/meeting/client/pri/meeting/analyticsLog.action',4458,'郭旭2',164,'15256560237',NULL,'117.136.20.82','meetingId = 164 , imei = 6037d5f6-2ff6-4c35-bbce-e0631b25b3ca , menu_id = 3179 , ',3179,NULL),
  ('000000003663022401366683812e0025','2012-03-31 10:09:16','/meeting/client/pri/meeting/analyticsLog.action',4458,'郭旭2',164,'15256560237',NULL,'117.136.20.82','meetingId = 164 , imei = 6037d5f6-2ff6-4c35-bbce-e0631b25b3ca , menu_id = 3179 , ',3179,NULL),
  ('00000000366302240136668442da0026','2012-03-31 10:10:05','/meeting/client/pri/meeting/analyticsLog.action',4458,'郭旭2',164,'15256560237',NULL,'117.136.20.82','meetingId = 164 , imei = 6037d5f6-2ff6-4c35-bbce-e0631b25b3ca , menu_id = 3180 , ',3180,NULL),
  ('0000000036630224013666846ac60027','2012-03-31 10:10:15','/meeting/client/pri/meeting/analyticsLog.action',4458,'郭旭2',164,'15256560237',NULL,'117.136.20.82','meetingId = 164 , imei = 6037d5f6-2ff6-4c35-bbce-e0631b25b3ca , menu_id = 3181 , ',3181,NULL),
  ('00000000366302240136668482d70028','2012-03-31 10:10:22','/meeting/client/pri/meeting/analyticsLog.action',4458,'郭旭2',164,'15256560237',NULL,'117.136.20.82','meetingId = 164 , imei = 6037d5f6-2ff6-4c35-bbce-e0631b25b3ca , menu_id = 3182 , ',3182,NULL),
  ('0000000036630224013666849a5b0029','2012-03-31 10:10:28','/meeting/client/pri/meeting/analyticsLog.action',4458,'郭旭2',164,'15256560237',NULL,'117.136.20.82','meetingId = 164 , imei = 6037d5f6-2ff6-4c35-bbce-e0631b25b3ca , menu_id = 3183 , ',3183,NULL),
  ('000000003663022401366684b076002a','2012-03-31 10:10:33','/meeting/client/pri/meeting/analyticsLog.action',4458,'郭旭2',164,'15256560237',NULL,'117.136.20.82','meetingId = 164 , imei = 6037d5f6-2ff6-4c35-bbce-e0631b25b3ca , menu_id = 3184 , ',3184,NULL),
  ('000000003663022401366688a0fb002b','2012-03-31 10:14:51','/meeting/client/pri/meeting/analyticsLog.action',4458,'郭旭2',164,'15256560237',NULL,'117.136.20.82','meetingId = 164 , imei = 6037d5f6-2ff6-4c35-bbce-e0631b25b3ca , menu_id = 3183 , ',3183,NULL),
  ('00000000366302240136668a2312002c','2012-03-31 10:16:30','/meeting/client/pri/meeting/analyticsLog.action',4458,'郭旭2',164,'15256560237',NULL,'117.136.20.82','meetingId = 164 , imei = 6037d5f6-2ff6-4c35-bbce-e0631b25b3ca , menu_id = 3183 , ',3183,NULL),
  ('00000000366302240136668de211002d','2012-03-31 10:20:36','/meeting/client/pri/meeting/analyticsLog.action',4458,'郭旭2',164,'15256560237',NULL,'117.136.20.82','meetingId = 164 , imei = 6037d5f6-2ff6-4c35-bbce-e0631b25b3ca , menu_id = 3183 , ',3183,NULL),
  ('00000000366302240136668e1015002e','2012-03-31 10:20:48','/meeting/client/pri/meeting/analyticsLog.action',4458,'郭旭2',164,'15256560237',NULL,'117.136.20.82','meetingId = 164 , imei = 6037d5f6-2ff6-4c35-bbce-e0631b25b3ca , menu_id = 3182 , ',3182,NULL),
  ('0000000036630224013666936dac002f','2012-03-31 10:26:39','/meeting/client/pri/meeting/analyticsLog.action',4458,'郭旭2',164,'15256560237',NULL,'117.136.20.82','meetingId = 164 , imei = 6037d5f6-2ff6-4c35-bbce-e0631b25b3ca , menu_id = 3169 , ',3169,NULL),
  ('000000003663022401366696a2500030','2012-03-31 10:30:09','/meeting/client/pri/meeting/analyticsLog.action',4458,'郭旭2',164,'15256560237',NULL,'117.136.20.82','meetingId = 164 , imei = 6037d5f6-2ff6-4c35-bbce-e0631b25b3ca , menu_id = 3182 , ',3182,NULL),
  ('0000000036630224013666972e130031','2012-03-31 10:30:45','/meeting/client/pri/meeting/analyticsLog.action',4458,'郭旭2',164,'15256560237',NULL,'117.136.20.82','meetingId = 164 , imei = 6037d5f6-2ff6-4c35-bbce-e0631b25b3ca , menu_id = 3182 , ',3182,NULL),
  ('000000003663022401366697cc6f0032','2012-03-31 10:31:26','/meeting/client/pri/meeting/analyticsLog.action',4458,'郭旭2',164,'15256560237',NULL,'117.136.20.82','meetingId = 164 , imei = 6037d5f6-2ff6-4c35-bbce-e0631b25b3ca , menu_id = 3182 , ',3182,NULL),
  ('0000000036630224013666980dfb0033','2012-03-31 10:31:42','/meeting/client/pri/meeting/analyticsLog.action',4458,'郭旭2',164,'15256560237',NULL,'117.136.20.82','meetingId = 164 , imei = 6037d5f6-2ff6-4c35-bbce-e0631b25b3ca , menu_id = 3183 , ',3183,NULL),
  ('00000000366302240136669836ae0034','2012-03-31 10:31:53','/meeting/client/pri/meeting/analyticsLog.action',4458,'郭旭2',164,'15256560237',NULL,'117.136.20.82','meetingId = 164 , imei = 6037d5f6-2ff6-4c35-bbce-e0631b25b3ca , menu_id = 3184 , ',3184,NULL),
  ('000000003663022401366698a3e60035','2012-03-31 10:32:21','/meeting/client/pri/meeting/analyticsLog.action',4458,'郭旭2',164,'15256560237',NULL,'117.136.20.82','meetingId = 164 , imei = 6037d5f6-2ff6-4c35-bbce-e0631b25b3ca , menu_id = 3184 , ',3184,NULL),
  ('00000000366302240136669946670036','2012-03-31 10:33:02','/meeting/client/pri/meeting/analyticsLog.action',4458,'郭旭2',164,'15256560237',NULL,'117.136.20.82','meetingId = 164 , imei = 6037d5f6-2ff6-4c35-bbce-e0631b25b3ca , menu_id = 3184 , ',3184,NULL),
  ('000000003663022401366699ed0a0037','2012-03-31 10:33:45','/meeting/client/pri/meeting/analyticsLog.action',4458,'郭旭2',164,'15256560237',NULL,'117.136.20.82','meetingId = 164 , imei = 6037d5f6-2ff6-4c35-bbce-e0631b25b3ca , menu_id = 3184 , ',3184,NULL),
  ('00000000366302240136669aacc30038','2012-03-31 10:34:34','/meeting/client/pri/meeting/analyticsLog.action',4458,'郭旭',164,'15256560237',NULL,'117.136.20.82','meetingId = 164 , imei = 6037d5f6-2ff6-4c35-bbce-e0631b25b3ca , menu_id = 3184 , ',3184,NULL),
  ('00000000366302240136669b028c0039','2012-03-31 10:34:56','/meeting/client/pri/meeting/analyticsLog.action',4458,'郭旭',164,'15256560237',NULL,'117.136.20.82','meetingId = 164 , imei = 6037d5f6-2ff6-4c35-bbce-e0631b25b3ca , menu_id = 3184 , ',3184,NULL),
  ('00000000366302240136669b2996003a','2012-03-31 10:35:06','/meeting/client/pri/meeting/analyticsLog.action',4458,'郭旭',164,'15256560237',NULL,'117.136.20.82','meetingId = 164 , imei = 6037d5f6-2ff6-4c35-bbce-e0631b25b3ca , menu_id = 3169 , ',3169,NULL),
  ('00000000366302240136669ba73c003b','2012-03-31 10:35:38','/meeting/client/pri/meeting/analyticsLog.action',4458,'郭旭',164,'15256560237',NULL,'117.136.20.82','meetingId = 164 , imei = 5f42646f-7896-4504-bd4b-85ce91de495b , menu_id = 3184 , ',3184,NULL),
  ('00000000366302240136669beecb003c','2012-03-31 10:35:57','/meeting/client/pri/meeting/analyticsLog.action',4458,'郭旭',164,'15256560237',NULL,'117.136.20.82','meetingId = 164 , imei = 5f42646f-7896-4504-bd4b-85ce91de495b , menu_id = 3180 , ',3180,NULL),
  ('00000000366302240136669bf956003d','2012-03-31 10:35:59','/meeting/client/pri/meeting/analyticsLog.action',4458,'郭旭',164,'15256560237',NULL,'117.136.20.82','meetingId = 164 , imei = 5f42646f-7896-4504-bd4b-85ce91de495b , menu_id = 3179 , ',3179,NULL),
  ('00000000366302240136669c176a003e','2012-03-31 10:36:07','/meeting/client/pri/meeting/analyticsLog.action',4458,'郭旭',164,'15256560237',NULL,'117.136.20.82','meetingId = 164 , imei = 5f42646f-7896-4504-bd4b-85ce91de495b , menu_id = 3169 , ',3169,NULL),
  ('00000000366302240136669c6c80003f','2012-03-31 10:36:29','/meeting/client/pri/meeting/analyticsLog.action',4458,'郭旭',164,'15256560237',NULL,'117.136.20.82','meetingId = 164 , imei = 5f42646f-7896-4504-bd4b-85ce91de495b , menu_id = 3172 , ',3172,NULL),
  ('00000000366302240136669d5adb0040','2012-03-31 10:37:30','/meeting/client/pri/meeting/analyticsLog.action',4458,'郭旭',164,'15256560237',NULL,'117.136.20.82','meetingId = 164 , imei = 5f42646f-7896-4504-bd4b-85ce91de495b , menu_id = 3172 , ',3172,NULL),
  ('00000000366302240136669db70b0041','2012-03-31 10:37:53','/meeting/client/pri/meeting/analyticsLog.action',4458,'郭旭',164,'15256560237',NULL,'117.136.20.82','meetingId = 164 , imei = 5f42646f-7896-4504-bd4b-85ce91de495b , menu_id = 3183 , ',3183,NULL),
  ('00000000366302240136669dcbac0042','2012-03-31 10:37:59','/meeting/client/pri/meeting/analyticsLog.action',4458,'郭旭',164,'15256560237',NULL,'117.136.20.82','meetingId = 164 , imei = 5f42646f-7896-4504-bd4b-85ce91de495b , menu_id = 3182 , ',3182,NULL),
  ('00000000366302240136669e14e00043','2012-03-31 10:38:17','/meeting/client/pri/meeting/analyticsLog.action',4458,'郭旭',164,'15256560237',NULL,'117.136.20.82','meetingId = 164 , imei = 5f42646f-7896-4504-bd4b-85ce91de495b , menu_id = 3169 , ',3169,NULL),
  ('00000000366302240136669e6fa90044','2012-03-31 10:38:41','/meeting/client/pri/meeting/analyticsLog.action',4458,'郭旭',164,'15256560237',NULL,'117.136.20.82','meetingId = 164 , imei = 5f42646f-7896-4504-bd4b-85ce91de495b , menu_id = 3171 , ',3171,NULL),
  ('00000000366302240136669f02c40045','2012-03-31 10:39:18','/meeting/client/pri/meeting/analyticsLog.action',4458,'郭旭',164,'15256560237',NULL,'117.136.20.82','meetingId = 164 , imei = 5f42646f-7896-4504-bd4b-85ce91de495b , menu_id = 3171 , ',3171,NULL),
  ('0000000036630224013666ba19570046','2012-03-31 11:08:53','/meeting/client/pri/meeting/analyticsLog.action',4460,'张国敬',166,'13865960090',NULL,'117.136.20.91','meetingId = 166 , imei = 95aefc43-d316-442c-87b1-1788ffafa6ad , menu_id = 3126 , ',3126,NULL),
  ('0000000036630224013666ba368e0047','2012-03-31 11:09:01','/meeting/client/pri/meeting/analyticsLog.action',4460,'张国敬',166,'13865960090',NULL,'117.136.20.91','meetingId = 166 , imei = 95aefc43-d316-442c-87b1-1788ffafa6ad , menu_id = 3121 , ',3121,NULL),
  ('0000000036630224013666ba643f0048','2012-03-31 11:09:13','/meeting/client/pri/meeting/analyticsLog.action',4458,'郭旭',164,'15256560237',NULL,'117.136.20.82','meetingId = 164 , imei = 59318916-d9e8-4e88-9051-4a54cfe8b829 , menu_id = 3180 , ',3180,NULL),
  ('0000000036630224013666bd78620049','2012-03-31 11:12:34','/meeting/client/pri/meeting/analyticsLog.action',4460,'张国敬',166,'13865960090',NULL,'117.136.20.91','meetingId = 166 , imei = 95aefc43-d316-442c-87b1-1788ffafa6ad , menu_id = 3130 , ',3130,NULL),
  ('0000000036630224013666d21586004a','2012-03-31 11:35:05','/meeting/client/pri/meeting/analyticsLog.action',4460,'张国敬',166,'13865960090',NULL,'117.136.20.91','meetingId = 166 , imei = 08f8e6f5-20bd-4179-8e61-51391dc653be , menu_id = 3121 , ',3121,NULL),
  ('0000000036630224013666d22396004b','2012-03-31 11:35:09','/meeting/client/pri/meeting/analyticsLog.action',4460,'张国敬',166,'13865960090',NULL,'117.136.20.91','meetingId = 166 , imei = 08f8e6f5-20bd-4179-8e61-51391dc653be , menu_id = 3121 , ',3121,NULL),
  ('0000000036630224013667319453004c','2012-03-31 13:19:24','/meeting/client/pri/meeting/analyticsLog.action',4458,'郭旭',166,'15256560237',NULL,'117.136.20.71','meetingId = 166 , imei = 035d6357-2204-4f61-a225-c9cd54a0e662 , menu_id = 3130 , ',3130,NULL),
  ('000000003663022401366731fc39004d','2012-03-31 13:19:50','/meeting/client/pri/meeting/analyticsLog.action',4458,'郭旭',166,'15256560237',NULL,'117.136.20.71','meetingId = 166 , imei = 035d6357-2204-4f61-a225-c9cd54a0e662 , menu_id = 3130 , ',3130,NULL),
  ('0000000036630224013667326cf6004e','2012-03-31 13:20:19','/meeting/client/pri/meeting/analyticsLog.action',4458,'郭旭',166,'15256560237',NULL,'117.136.20.71','meetingId = 166 , imei = 035d6357-2204-4f61-a225-c9cd54a0e662 , menu_id = 3130 , ',3130,NULL),
  ('0000000036630224013667329558004f','2012-03-31 13:20:30','/meeting/client/pri/meeting/analyticsLog.action',4458,'郭旭',166,'15256560237',NULL,'117.136.20.71','meetingId = 166 , imei = 035d6357-2204-4f61-a225-c9cd54a0e662 , menu_id = 3132 , ',3132,NULL),
  ('00000000366302240136673314110050','2012-03-31 13:21:02','/meeting/client/pri/meeting/analyticsLog.action',4458,'郭旭',166,'15256560237',NULL,'117.136.20.71','meetingId = 166 , imei = 035d6357-2204-4f61-a225-c9cd54a0e662 , menu_id = 3124 , ',3124,NULL),
  ('0000000036630224013667367aee0051','2012-03-31 13:24:45','/meeting/client/pri/meeting/analyticsLog.action',4458,'郭旭',166,'15256560237',NULL,'117.136.20.71','meetingId = 166 , imei = 6faf7d60-a710-450a-89be-ff54cf2ccd4a , menu_id = 3132 , ',3132,NULL),
  ('000000003663022401366746bbbc0052','2012-03-31 13:42:30','/meeting/client/pri/meeting/analyticsLog.action',4458,'郭旭',164,'15256560237',NULL,'117.136.20.89','meetingId = 164 , imei = ef23978a-c978-41d2-8cda-fa865106adf8 , menu_id = 3183 , ',3183,NULL),
  ('000000003663022401366746ecdf0053','2012-03-31 13:42:43','/meeting/client/pri/meeting/analyticsLog.action',4458,'郭旭',164,'15256560237',NULL,'117.136.20.89','meetingId = 164 , imei = ef23978a-c978-41d2-8cda-fa865106adf8 , menu_id = 3175 , ',3175,NULL),
  ('00000000366302240136674d02610054','2012-03-31 13:49:21','/meeting/client/pri/meeting/analyticsLog.action',4458,'郭旭',164,'15256560237',NULL,'117.136.20.89','meetingId = 164 , imei = ef23978a-c978-41d2-8cda-fa865106adf8 , menu_id = 3183 , ',3183,NULL),
  ('00000000366302240136675341370055','2012-03-31 13:56:11','/meeting/client/pri/meeting/analyticsLog.action',4458,'郭旭',166,'15256560237',NULL,'117.136.20.89','meetingId = 166 , imei = 3b437ae1-c18c-4612-acab-99f8db612043 , menu_id = 3127 , ',3127,NULL),
  ('00000000366302240136675353420056','2012-03-31 13:56:15','/meeting/client/pri/meeting/analyticsLog.action',4458,'郭旭',166,'15256560237',NULL,'117.136.20.89','meetingId = 166 , imei = 3b437ae1-c18c-4612-acab-99f8db612043 , menu_id = 3123 , ',3123,NULL),
  ('0000000036630224013667536a3b0057','2012-03-31 13:56:21','/meeting/client/pri/meeting/analyticsLog.action',4458,'郭旭',166,'15256560237',NULL,'117.136.20.89','meetingId = 166 , imei = 3b437ae1-c18c-4612-acab-99f8db612043 , menu_id = 3126 , ',3126,NULL),
  ('0000000036630224013667537b7e0058','2012-03-31 13:56:26','/meeting/client/pri/meeting/analyticsLog.action',4458,'郭旭',166,'15256560237',NULL,'117.136.20.89','meetingId = 166 , imei = 3b437ae1-c18c-4612-acab-99f8db612043 , menu_id = 3130 , ',3130,NULL),
  ('0000000036630224013667539f0a0059','2012-03-31 13:56:35','/meeting/client/pri/meeting/analyticsLog.action',4458,'郭旭',166,'15256560237',NULL,'117.136.20.89','meetingId = 166 , imei = 3b437ae1-c18c-4612-acab-99f8db612043 , menu_id = 3132 , ',3132,NULL),
  ('000000003663022401366753cadf005a','2012-03-31 13:56:46','/meeting/client/pri/meeting/analyticsLog.action',4458,'郭旭',164,'15256560237',NULL,'117.136.20.89','meetingId = 164 , imei = 3b437ae1-c18c-4612-acab-99f8db612043 , menu_id = 3169 , ',3169,NULL),
  ('000000003663022401366753dfcd005b','2012-03-31 13:56:51','/meeting/client/pri/meeting/analyticsLog.action',4458,'郭旭',164,'15256560237',NULL,'117.136.20.89','meetingId = 164 , imei = 3b437ae1-c18c-4612-acab-99f8db612043 , menu_id = 3170 , ',3170,NULL),
  ('000000003663022401366753ecb1005c','2012-03-31 13:56:55','/meeting/client/pri/meeting/analyticsLog.action',4458,'郭旭',164,'15256560237',NULL,'117.136.20.89','meetingId = 164 , imei = 3b437ae1-c18c-4612-acab-99f8db612043 , menu_id = 3171 , ',3171,NULL),
  ('000000003663022401366753fa4b005d','2012-03-31 13:56:58','/meeting/client/pri/meeting/analyticsLog.action',4458,'郭旭',164,'15256560237',NULL,'117.136.20.89','meetingId = 164 , imei = 3b437ae1-c18c-4612-acab-99f8db612043 , menu_id = 3172 , ',3172,NULL),
  ('000000003663022401366754081e005e','2012-03-31 13:57:02','/meeting/client/pri/meeting/analyticsLog.action',4458,'郭旭',164,'15256560237',NULL,'117.136.20.89','meetingId = 164 , imei = 3b437ae1-c18c-4612-acab-99f8db612043 , menu_id = 3178 , ',3178,NULL),
  ('00000000366302240136675426fb005f','2012-03-31 13:57:10','/meeting/client/pri/meeting/analyticsLog.action',4458,'郭旭',164,'15256560237',NULL,'117.136.20.89','meetingId = 164 , imei = 3b437ae1-c18c-4612-acab-99f8db612043 , menu_id = 3178 , ',3178,NULL),
  ('0000000036630224013667565d500060','2012-03-31 13:59:34','/meeting/client/pri/meeting/analyticsLog.action',4458,'郭旭',164,'15256560237',NULL,'117.136.20.89','meetingId = 164 , imei = 3b437ae1-c18c-4612-acab-99f8db612043 , menu_id = 3175 , ',3175,NULL),
  ('0000000036630224013667566d8f0061','2012-03-31 13:59:39','/meeting/client/pri/meeting/analyticsLog.action',4458,'郭旭',164,'15256560237',NULL,'117.136.20.89','meetingId = 164 , imei = 3b437ae1-c18c-4612-acab-99f8db612043 , menu_id = 3173 , ',3173,NULL),
  ('000000003663022401366756894c0062','2012-03-31 13:59:46','/meeting/client/pri/meeting/analyticsLog.action',4458,'郭旭',164,'15256560237',NULL,'117.136.20.89','meetingId = 164 , imei = 3b437ae1-c18c-4612-acab-99f8db612043 , menu_id = 3171 , ',3171,NULL),
  ('000000003663022401366756aa1c0063','2012-03-31 13:59:54','/meeting/client/pri/meeting/analyticsLog.action',4458,'郭旭',164,'15256560237',NULL,'117.136.20.89','meetingId = 164 , imei = 3b437ae1-c18c-4612-acab-99f8db612043 , menu_id = 3182 , ',3182,NULL),
  ('00000000366302240136675aba120064','2012-03-31 14:04:20','/meeting/client/pri/meeting/analyticsLog.action',4458,'郭旭',164,'15256560237',NULL,'117.136.20.89','meetingId = 164 , imei = 3b437ae1-c18c-4612-acab-99f8db612043 , menu_id = 3179 , ',3179,NULL),
  ('00000000366302240136675b38780065','2012-03-31 14:04:53','/meeting/client/pri/meeting/analyticsLog.action',4458,'郭旭',164,'15256560237',NULL,'117.136.20.89','meetingId = 164 , imei = 3b437ae1-c18c-4612-acab-99f8db612043 , menu_id = 3175 , ',3175,NULL),
  ('00000000366302240136675c028d0066','2012-03-31 14:05:44','/meeting/client/pri/meeting/analyticsLog.action',4458,'郭旭',164,'15256560237',NULL,'117.136.20.89','meetingId = 164 , imei = 3b437ae1-c18c-4612-acab-99f8db612043 , menu_id = 3183 , ',3183,NULL),
  ('000000003667cf50013667dc99d10001','2012-03-31 16:26:12','/meeting/portal/pri/meeting/getMeetingById.action',4449,'jinzhuhua',164,'15375296623',NULL,'10.196.138.148','returnType = portal_viewmeeting , menu_id = 2991 , menu_name = 首页 , meeting.id = 164 , ',2991,NULL),
  ('000000003667cf50013667dcf5160002','2012-03-31 16:26:35','/meeting/portal/pri/meeting/getCustomeMenu.action',4449,'jinzhuhua',164,'15375296623',NULL,'10.196.138.148','content.id = 127 , meetingId = 164 , returnType = portal , menu_id = 3016 , menu_name = 天气情况 , ',3016,NULL),
  ('000000003667cf50013667dcff9c0003','2012-03-31 16:26:38','/meeting/portal/pri/meeting/getMeetingById.action',4449,'jinzhuhua',164,'15375296623',NULL,'10.196.138.148','returnType = portal_viewmeeting , menu_id = 2991 , menu_name = 首页 , meeting.id = 164 , ',2991,NULL),
  ('000000003667cf50013667dd059e0004','2012-03-31 16:26:39','/meeting/portal/pri/agenda/agendaList.action',4449,'jinzhuhua',164,'15375296623',NULL,'10.196.138.148','meetingId = 164 , menu_id = 2992 , menu_name = 会议议程 , ',2992,NULL),
  ('000000003667cf50013667dd0e0f0005','2012-03-31 16:26:42','/meeting/portal/pri/meeting/getMeetingFilesPager.action',4449,'jinzhuhua',164,'15375296623',NULL,'10.196.138.148','meetingId = 164 , menu_id = 2993 , menu_name = 会议资料 , from = portal , ',2993,NULL),
  ('000000003667cf50013667dd21c40006','2012-03-31 16:26:47','/meeting/portal/pri/interaction/postList.action',4449,'jinzhuhua',164,'15375296623',NULL,'10.196.138.148','meetingId = 164 , menu_id = 2994 , menu_name = 互动交流 , ',2994,NULL),
  ('000000003667cf50013667dd3ca00007','2012-03-31 16:26:53','/meeting/portal/pri/interaction/postCreate.action',4449,'jinzhuhua',164,'15375296623',NULL,'10.196.138.148','content = test , menu_id = 2994 , doUploadVideo = false , meetingId = 164 , menu_name = 互动交流 , doUploadImage = false , type = portal , ',2994,NULL),
  ('000000003667cf50013667ddfb1a0008','2012-03-31 16:27:42','/meeting/portal/pri/news/show.action',4449,'jinzhuhua',164,'15375296623',NULL,'10.196.138.148','meetingId = 164 , menu_id = 3005 , menu_name = 新闻中心 , ',3005,NULL),
  ('000000003667cf50013667de054e0009','2012-03-31 16:27:45','/meeting/portal/pri/meeting/getDinnerInfo.action',4449,'jinzhuhua',164,'15375296623',NULL,'10.196.138.148','meetingId = 164 , menu_id = 2995 , menu_name = 餐饮安排 , ',2995,NULL),
  ('000000003667cf50013667de11e0000a','2012-03-31 16:27:48','/meeting/portal/pri/news/show.action',4449,'jinzhuhua',164,'15375296623',NULL,'10.196.138.148','meetingId = 164 , menu_id = 3005 , menu_name = 新闻中心 , ',3005,NULL),
  ('000000003667cf50013667de1c16000b','2012-03-31 16:27:51','/meeting/portal/pri/meeting/getMeetingById.action',4449,'jinzhuhua',164,'15375296623',NULL,'10.196.138.148','returnType = portal_map , menu_id = 2997 , menu_name = 会场位置 , meeting.id = 164 , ',2997,NULL),
  ('000000003667cf50013667de26f0000c','2012-03-31 16:27:53','/meeting/portal/pri/meeting/paper_findEnablePaper.action',4449,'jinzhuhua',164,'15375296623',NULL,'10.196.138.148','meetingId = 164 , menu_id = 3002 , menu_name = 会场建议 , ',3002,NULL),
  ('000000003667cf50013667de313a000d','2012-03-31 16:27:56','/meeting/portal/pri/meeting/lucky_findLuckyHistory.action',4449,'jinzhuhua',164,'15375296623',NULL,'10.196.138.148','meetingId = 164 , menu_id = 3007 , menu_name = 抽奖信息 , ',3007,NULL),
  ('000000003667cf50013667de3ae3000e','2012-03-31 16:27:59','/meeting/portal/pri/meeting/guest_findAllGuest.action',4449,'jinzhuhua',164,'15375296623',NULL,'10.196.138.148','meetingId = 164 , menu_id = 3010 , menu_name = 嘉宾信息 , ',3010,NULL),
  ('000000003667cf50013667de5f92000f','2012-03-31 16:28:08','/meeting/portal/pri/meeting/getMeetingById.action',4449,'jinzhuhua',164,'15375296623',NULL,'10.196.138.148','returnType = portal_viewmeeting , menu_id = 2991 , menu_name = 首页 , meeting.id = 164 , ',2991,NULL),
  ('000000003667cf50013667de78940010','2012-03-31 16:28:14','/meeting/portal/pri/agenda/agendaList.action',4449,'jinzhuhua',164,'15375296623',NULL,'10.196.138.148','meetingId = 164 , menu_id = 2729 , ',2729,NULL),
  ('000000003667cf50013667dea2910011','2012-03-31 16:28:25','/meeting/portal/pri/meeting/getMeetingById.action',4449,'jinzhuhua',164,'15375296623',NULL,'10.196.138.148','returnType = portal_viewmeeting , menu_id = 2991 , menu_name = 首页 , meeting.id = 164 , ',2991,NULL),
  ('000000003667cf50013667df37310012','2012-03-31 16:29:03','/meeting/portal/pri/meeting/getCustomeMenu.action',4449,'jinzhuhua',164,'15375296623',NULL,'10.196.138.148','content.id = 127 , meetingId = 164 , returnType = portal , menu_id = 3016 , menu_name = 天气情况 , ',3016,NULL),
  ('000000003667cf50013667df3e230013','2012-03-31 16:29:05','/meeting/portal/pri/agenda/agendaList.action',4449,'jinzhuhua',164,'15375296623',NULL,'10.196.138.148','meetingId = 164 , menu_id = 2992 , menu_name = 会议议程 , ',2992,NULL),
  ('000000003667cf50013667df45080014','2012-03-31 16:29:07','/meeting/portal/pri/meeting/getMeetingFilesPager.action',4449,'jinzhuhua',164,'15375296623',NULL,'10.196.138.148','meetingId = 164 , menu_id = 2993 , menu_name = 会议资料 , from = portal , ',2993,NULL),
  ('000000003667cf50013667e11df90015','2012-03-31 16:31:08','/meeting/wap/pri/meeting/getMeetingById.action',4449,'jinzhuhua',164,'15375296623',NULL,'10.196.138.148','returnType = wap , menu_id = 2980 , menu_name = 首页 , meeting.id = 164 , ',2980,NULL),
  ('000000003667cf50013667e73d950016','2012-03-31 16:37:49','/meeting/wap/pri/meeting/getMeetingById.action',4458,'郭旭',166,'15256560237',NULL,'117.136.20.70','returnType = wap , menu_id = 3051 , menu_name = 首页 , meeting.id = 166 , ',3051,NULL),
  ('000000003667cf50013667e7c9440017','2012-03-31 16:38:25','/meeting/wap/pri/meeting/getMeetingById.action',4458,'郭旭',166,'15256560237',NULL,'117.136.20.70','returnType = wap , menu_id = 3051 , menu_name = 首页 , meeting.id = 166 , ',3051,NULL),
  ('000000003667cf50013667ea79430018','2012-03-31 16:41:21','/meeting/wap/pri/agenda/view.action',4449,'jinzhuhua',164,'15375296623',NULL,'10.196.138.148','meetingId = 164 , menu_id = 2982 , menu_name = 会议议程 , ',2982,NULL),
  ('000000003667cf50013667ff94b60019','2012-03-31 17:04:24','/meeting/wap/pri/meeting/getMeetingById.action',4458,'郭旭',166,'15256560237',NULL,'183.213.18.84','returnType = wap , menu_id = 3051 , menu_name = 首页 , meeting.id = 166 , ',3051,NULL),
  ('000000003667cf5001366802ff85001a','2012-03-31 17:08:08','/meeting/client/pri/meeting/analyticsLog.action',4458,'郭旭',166,'15256560237',NULL,'117.136.20.66','meetingId = 166 , imei = 74116b9c-ef5c-493a-b576-a20247722449 , menu_id = 3121 , ',3121,NULL),
  ('000000003667cf500136680313f2001b','2012-03-31 17:08:13','/meeting/client/pri/meeting/analyticsLog.action',4458,'郭旭',166,'15256560237',NULL,'117.136.20.66','meetingId = 166 , imei = 74116b9c-ef5c-493a-b576-a20247722449 , menu_id = 3124 , ',3124,NULL),
  ('000000003667cf500136680359f1001c','2012-03-31 17:08:31','/meeting/client/pri/meeting/analyticsLog.action',4458,'郭旭',166,'15256560237',NULL,'117.136.20.66','meetingId = 166 , imei = 74116b9c-ef5c-493a-b576-a20247722449 , menu_id = 3132 , ',3132,NULL),
  ('000000003667cf500136680387e0001d','2012-03-31 17:08:43','/meeting/client/pri/meeting/analyticsLog.action',4458,'郭旭',164,'15256560237',NULL,'117.136.20.66','meetingId = 164 , imei = 74116b9c-ef5c-493a-b576-a20247722449 , menu_id = 3169 , ',3169,NULL),
  ('000000003667cf5001366803a3da001e','2012-03-31 17:08:50','/meeting/client/pri/meeting/analyticsLog.action',4458,'郭旭',164,'15256560237',NULL,'117.136.20.66','meetingId = 164 , imei = 74116b9c-ef5c-493a-b576-a20247722449 , menu_id = 3171 , ',3171,NULL),
  ('000000003667cf5001366803a401001f','2012-03-31 17:08:50','/meeting/client/pri/meeting/analyticsLog.action',4458,'郭旭',164,'15256560237',NULL,'117.136.20.66','meetingId = 164 , imei = 74116b9c-ef5c-493a-b576-a20247722449 , menu_id = 3170 , ',3170,NULL),
  ('000000003667cf5001366803b8150020','2012-03-31 17:08:55','/meeting/client/pri/meeting/analyticsLog.action',4458,'郭旭',164,'15256560237',NULL,'117.136.20.66','meetingId = 164 , imei = 74116b9c-ef5c-493a-b576-a20247722449 , menu_id = 3172 , ',3172,NULL),
  ('000000003667cf5001366803c3a30021','2012-03-31 17:08:58','/meeting/client/pri/meeting/analyticsLog.action',4458,'郭旭',164,'15256560237',NULL,'117.136.20.66','meetingId = 164 , imei = 74116b9c-ef5c-493a-b576-a20247722449 , menu_id = 3173 , ',3173,NULL),
  ('000000003667cf5001366803dab10022','2012-03-31 17:09:04','/meeting/client/pri/meeting/analyticsLog.action',4458,'郭旭',164,'15256560237',NULL,'117.136.20.66','meetingId = 164 , imei = 74116b9c-ef5c-493a-b576-a20247722449 , menu_id = 3174 , ',3174,NULL),
  ('000000003667cf5001366803e5000023','2012-03-31 17:09:07','/meeting/client/pri/meeting/analyticsLog.action',4458,'郭旭',164,'15256560237',NULL,'117.136.20.66','meetingId = 164 , imei = 74116b9c-ef5c-493a-b576-a20247722449 , menu_id = 3175 , ',3175,NULL),
  ('000000003667cf5001366803f0680024','2012-03-31 17:09:10','/meeting/client/pri/meeting/analyticsLog.action',4458,'郭旭',164,'15256560237',NULL,'117.136.20.66','meetingId = 164 , imei = 74116b9c-ef5c-493a-b576-a20247722449 , menu_id = 3176 , ',3176,NULL),
  ('000000003667cf50013668040a020025','2012-03-31 17:09:16','/meeting/client/pri/meeting/analyticsLog.action',4458,'郭旭',164,'15256560237',NULL,'117.136.20.66','meetingId = 164 , imei = 74116b9c-ef5c-493a-b576-a20247722449 , menu_id = 3177 , ',3177,NULL),
  ('000000003667cf500136680419450026','2012-03-31 17:09:20','/meeting/client/pri/meeting/analyticsLog.action',4458,'郭旭',164,'15256560237',NULL,'117.136.20.66','meetingId = 164 , imei = 74116b9c-ef5c-493a-b576-a20247722449 , menu_id = 3178 , ',3178,NULL),
  ('000000003667cf50013668045d640027','2012-03-31 17:09:38','/meeting/client/pri/meeting/analyticsLog.action',4458,'郭旭',164,'15256560237',NULL,'117.136.20.66','meetingId = 164 , imei = 74116b9c-ef5c-493a-b576-a20247722449 , menu_id = 3178 , ',3178,NULL),
  ('000000003667cf5001366804f8b60028','2012-03-31 17:10:18','/meeting/client/pri/meeting/analyticsLog.action',4458,'郭旭',164,'15256560237',NULL,'117.136.20.66','meetingId = 164 , imei = 74116b9c-ef5c-493a-b576-a20247722449 , menu_id = 3183 , ',3183,NULL),
  ('000000003667cf500136680512a50029','2012-03-31 17:10:24','/meeting/client/pri/meeting/analyticsLog.action',4458,'郭旭',164,'15256560237',NULL,'117.136.20.66','meetingId = 164 , imei = 74116b9c-ef5c-493a-b576-a20247722449 , menu_id = 3184 , ',3184,NULL),
  ('000000003667cf50013668054d66002a','2012-03-31 17:10:39','/meeting/client/pri/meeting/analyticsLog.action',4458,'郭旭',164,'15256560237',NULL,'117.136.20.66','meetingId = 164 , imei = 74116b9c-ef5c-493a-b576-a20247722449 , menu_id = 3182 , ',3182,NULL),
  ('000000003667cf500136680580a6002b','2012-03-31 17:10:52','/meeting/client/pri/meeting/analyticsLog.action',4458,'郭旭',164,'15256560237',NULL,'117.136.20.66','meetingId = 164 , imei = 74116b9c-ef5c-493a-b576-a20247722449 , menu_id = 3179 , ',3179,NULL),
  ('000000003667cf50013668059db6002c','2012-03-31 17:11:00','/meeting/client/pri/meeting/analyticsLog.action',4458,'郭旭',164,'15256560237',NULL,'117.136.20.66','meetingId = 164 , imei = 74116b9c-ef5c-493a-b576-a20247722449 , menu_id = 3178 , ',3178,NULL),
  ('000000003667cf5001366805a82e002d','2012-03-31 17:11:02','/meeting/client/pri/meeting/analyticsLog.action',4458,'郭旭',164,'15256560237',NULL,'117.136.20.66','meetingId = 164 , imei = 74116b9c-ef5c-493a-b576-a20247722449 , menu_id = 3177 , ',3177,NULL),
  ('000000003667cf5001366805be21002e','2012-03-31 17:11:08','/meeting/client/pri/meeting/analyticsLog.action',4458,'郭旭',164,'15256560237',NULL,'117.136.20.66','meetingId = 164 , imei = 74116b9c-ef5c-493a-b576-a20247722449 , menu_id = 3176 , ',3176,NULL),
  ('000000003667cf5001366805ce38002f','2012-03-31 17:11:12','/meeting/client/pri/meeting/analyticsLog.action',4458,'郭旭',164,'15256560237',NULL,'117.136.20.66','meetingId = 164 , imei = 74116b9c-ef5c-493a-b576-a20247722449 , menu_id = 3171 , ',3171,NULL),
  ('000000003667cf5001366805ea590030','2012-03-31 17:11:19','/meeting/client/pri/meeting/analyticsLog.action',4458,'郭旭',164,'15256560237',NULL,'117.136.20.66','meetingId = 164 , imei = 74116b9c-ef5c-493a-b576-a20247722449 , menu_id = 3169 , ',3169,NULL),
  ('000000003667cf5001366823ba2b0031','2012-03-31 17:43:53','/meeting/portal/pri/meeting/getMeetingById.action',4458,'郭旭',166,'15256560237',NULL,'10.196.138.148','returnType = portal_viewmeeting , menu_id = 3062 , menu_name = 首页 , meeting.id = 166 , ',3062,NULL),
  ('000000003667cf5001366823e5880032','2012-03-31 17:44:04','/meeting/portal/pri/meeting/getMeetingUsers.action',4458,'郭旭',166,'15256560237',NULL,'10.196.138.148','menu_id = 3069 , menu_name = 通讯录 , meeting.id = 166 , ',3069,NULL),
  ('000000003667cf500136682418030033','2012-03-31 17:44:17','/meeting/portal/pri/message/list.action',4458,'郭旭',166,'15256560237',NULL,'10.196.138.148','meetingId = 166 , menu_id = 3070 , menu_name = 站内私信 , ',3070,NULL),
  ('000000003667cf50013668242c130034','2012-03-31 17:44:22','/meeting/portal/pri/meeting/getMeetingById.action',4458,'郭旭',164,'15256560237',NULL,'10.196.138.148','returnType = portal_viewmeeting , menu_id = 2991 , menu_name = 首页 , meeting.id = 164 , ',2991,NULL),
  ('000000003667cf50013668246cf20035','2012-03-31 17:44:39','/meeting/portal/pri/meeting/getMeetingById.action',4458,'郭旭',166,'15256560237',NULL,'10.196.138.148','returnType = portal_viewmeeting , menu_id = 3062 , menu_name = 首页 , meeting.id = 166 , ',3062,NULL),
  ('000000003667cf500136682523880036','2012-03-31 17:45:26','/meeting/wap/pri/meeting/getMeetingById.action',4458,'郭旭',166,'15256560237',NULL,'10.196.138.148','returnType = wap , menu_id = 3051 , menu_name = 首页 , meeting.id = 166 , ',3051,NULL),
  ('000000003667cf500136803b09aa0037','2012-04-05 10:00:14','/meeting/wap/pri/meeting/getMeetingById.action',4449,'jinzhuhua',164,'15375296623',NULL,'117.136.20.75','returnType = wap , menu_id = 2980 , menu_name = 首页 , meeting.id = 164 , ',2980,NULL),
  ('000000003667cf500136807709dd0038','2012-04-05 11:05:46','/meeting/client/pri/meeting/analyticsLog.action',4449,'jinzhuhua',164,'15375296623',NULL,'10.92.141.185','meetingId = 164 , imei = e8d23405-9d66-4e6c-afab-565a7fed471d , menu_id = 3169 , ',3169,NULL),
  ('000000003667cf500136807727e60039','2012-04-05 11:05:54','/meeting/client/pri/meeting/analyticsLog.action',4449,'jinzhuhua',164,'15375296623',NULL,'10.92.141.185','meetingId = 164 , imei = e8d23405-9d66-4e6c-afab-565a7fed471d , menu_id = 3170 , ',3170,NULL),
  ('000000003667cf50013680774ec4003a','2012-04-05 11:06:04','/meeting/client/pri/meeting/analyticsLog.action',4449,'jinzhuhua',164,'15375296623',NULL,'10.92.141.185','meetingId = 164 , imei = e8d23405-9d66-4e6c-afab-565a7fed471d , menu_id = 3180 , ',3180,NULL),
  ('000000003667cf50013680779778003b','2012-04-05 11:06:22','/meeting/client/pri/meeting/analyticsLog.action',4449,'jinzhuhua',164,'15375296623',NULL,'10.92.141.185','meetingId = 164 , imei = e8d23405-9d66-4e6c-afab-565a7fed471d , menu_id = 3169 , ',3169,NULL),
  ('000000003667cf5001368077c304003c','2012-04-05 11:06:34','/meeting/client/pri/meeting/analyticsLog.action',4449,'jinzhuhua',164,'15375296623',NULL,'10.92.141.185','meetingId = 164 , imei = e8d23405-9d66-4e6c-afab-565a7fed471d , menu_id = 3183 , ',3183,NULL),
  ('000000003667cf5001368077d42f003d','2012-04-05 11:06:38','/meeting/client/pri/meeting/analyticsLog.action',4449,'jinzhuhua',164,'15375296623',NULL,'10.92.141.185','meetingId = 164 , imei = e8d23405-9d66-4e6c-afab-565a7fed471d , menu_id = 3180 , ',3180,NULL),
  ('000000003667cf5001368111d2f9003e','2012-04-05 13:54:50','/meeting/client/pri/meeting/analyticsLog.action',4449,'jinzhuhua',164,'15375296623',NULL,'117.136.20.72','meetingId = 164 , imei = 131aaac9-9878-4258-9c62-952ee89bc54e , menu_id = 3176 , ',3176,NULL),
  ('000000003667cf50013681141e8b003f','2012-04-05 13:57:21','/meeting/client/pri/meeting/analyticsLog.action',4449,'jinzhuhua',164,'15375296623',NULL,'117.136.20.72','meetingId = 164 , imei = 131aaac9-9878-4258-9c62-952ee89bc54e , menu_id = 3176 , ',3176,NULL),
  ('000000003667cf5001368114f1a30040','2012-04-05 13:58:15','/meeting/client/pri/meeting/analyticsLog.action',4449,'jinzhuhua',164,'15375296623',NULL,'117.136.20.72','meetingId = 164 , imei = 131aaac9-9878-4258-9c62-952ee89bc54e , menu_id = 3180 , ',3180,NULL),
  ('000000003667cf500136811513900041','2012-04-05 13:58:23','/meeting/client/pri/meeting/analyticsLog.action',4449,'jinzhuhua',164,'15375296623',NULL,'117.136.20.72','meetingId = 164 , imei = 131aaac9-9878-4258-9c62-952ee89bc54e , menu_id = 3176 , ',3176,NULL),
  ('000000003667cf500136814396ef0042','2012-04-05 14:49:12','/meeting/client/pri/meeting/analyticsLog.action',4449,'jinzhuhua',164,'15375296623',NULL,'117.136.20.86','meetingId = 164 , imei = c7f14db4-1e50-4696-b3d9-996ee7faff7f , menu_id = 3179 , ',3179,NULL),
  ('000000003667cf5001368143b61b0043','2012-04-05 14:49:20','/meeting/client/pri/meeting/analyticsLog.action',4449,'jinzhuhua',164,'15375296623',NULL,'117.136.20.86','meetingId = 164 , imei = c7f14db4-1e50-4696-b3d9-996ee7faff7f , menu_id = 3177 , ',3177,NULL),
  ('000000003667cf500136814521280044','2012-04-05 14:50:53','/meeting/client/pri/meeting/analyticsLog.action',4449,'jinzhuhua',164,'15375296623',NULL,'117.136.20.86','meetingId = 164 , imei = c7f14db4-1e50-4696-b3d9-996ee7faff7f , menu_id = 3176 , ',3176,NULL),
  ('000000003667cf500136854720aa0045','2012-04-06 09:31:32','/meeting/client/pri/meeting/analyticsLog.action',4449,'jinzhuhua',164,'15375296623',NULL,'117.136.20.88','meetingId = 164 , imei = 67b14674-bcd8-458d-9fd7-3eec39748ab8 , menu_id = 3177 , ',3177,NULL),
  ('000000003667cf500136854725980046','2012-04-06 09:31:34','/meeting/client/pri/meeting/analyticsLog.action',4449,'jinzhuhua',164,'15375296623',NULL,'117.136.20.88','meetingId = 164 , imei = 67b14674-bcd8-458d-9fd7-3eec39748ab8 , menu_id = 3184 , ',3184,NULL),
  ('000000003667cf500136854746b90047','2012-04-06 09:31:42','/meeting/client/pri/meeting/analyticsLog.action',4449,'jinzhuhua',164,'15375296623',NULL,'117.136.20.88','meetingId = 164 , imei = 67b14674-bcd8-458d-9fd7-3eec39748ab8 , menu_id = 3178 , ',3178,NULL),
  ('000000003667cf5001369b7bab870048','2012-04-10 17:00:35','/meeting/client/pri/meeting/analyticsLog.action',4449,'jinzhuhua',164,'15375296623',NULL,'117.136.20.94','meetingId = 164 , imei = 1afeff6d-ad40-4bdf-a4e2-ee2299f3d356 , menu_id = 3170 , ',3170,NULL),
  ('000000003667cf5001369b7be9660049','2012-04-10 17:00:50','/meeting/client/pri/meeting/analyticsLog.action',4449,'jinzhuhua',164,'15375296623',NULL,'117.136.20.94','meetingId = 164 , imei = 1afeff6d-ad40-4bdf-a4e2-ee2299f3d356 , menu_id = 3171 , ',3171,NULL),
  ('000000003667cf5001369b7c16a3004a','2012-04-10 17:01:02','/meeting/client/pri/meeting/analyticsLog.action',4449,'jinzhuhua',164,'15375296623',NULL,'117.136.20.94','meetingId = 164 , imei = 1afeff6d-ad40-4bdf-a4e2-ee2299f3d356 , menu_id = 3173 , ',3173,NULL),
  ('000000003667cf5001369b7c4e1b004b','2012-04-10 17:01:16','/meeting/client/pri/meeting/analyticsLog.action',4449,'jinzhuhua',164,'15375296623',NULL,'117.136.20.94','meetingId = 164 , imei = 1afeff6d-ad40-4bdf-a4e2-ee2299f3d356 , menu_id = 3174 , ',3174,NULL),
  ('000000003667cf5001369b7d3250004c','2012-04-10 17:02:15','/meeting/client/pri/meeting/analyticsLog.action',4449,'jinzhuhua',164,'15375296623',NULL,'117.136.20.94','meetingId = 164 , imei = 1afeff6d-ad40-4bdf-a4e2-ee2299f3d356 , menu_id = 3170 , ',3170,NULL),
  ('000000003667cf5001369b7d4d10004d','2012-04-10 17:02:21','/meeting/client/pri/meeting/analyticsLog.action',4449,'jinzhuhua',164,'15375296623',NULL,'117.136.20.94','meetingId = 164 , imei = 1afeff6d-ad40-4bdf-a4e2-ee2299f3d356 , menu_id = 3170 , ',3170,NULL),
  ('000000003667cf5001369b7f9e14004e','2012-04-10 17:04:53','/meeting/client/pri/meeting/analyticsLog.action',4449,'jinzhuhua',164,'15375296623',NULL,'117.136.20.94','meetingId = 164 , imei = 1afeff6d-ad40-4bdf-a4e2-ee2299f3d356 , menu_id = 3172 , ',3172,NULL),
  ('000000003667cf5001369b80e1d3004f','2012-04-10 17:06:16','/meeting/client/pri/meeting/analyticsLog.action',4449,'jinzhuhua',164,'15375296623',NULL,'117.136.20.94','meetingId = 164 , imei = 1afeff6d-ad40-4bdf-a4e2-ee2299f3d356 , menu_id = 3184 , ',3184,NULL),
  ('000000003667cf5001369b81e4480050','2012-04-10 17:07:22','/meeting/client/pri/meeting/analyticsLog.action',4449,'jinzhuhua',164,'15375296623',NULL,'117.136.20.94','meetingId = 164 , imei = 1afeff6d-ad40-4bdf-a4e2-ee2299f3d356 , menu_id = 3183 , ',3183,NULL),
  ('000000003667cf5001369b896cc70051','2012-04-10 17:15:36','/meeting/client/pri/meeting/analyticsLog.action',4449,'jinzhuhua',164,'15375296623',NULL,'117.136.20.94','meetingId = 164 , imei = 1afeff6d-ad40-4bdf-a4e2-ee2299f3d356 , menu_id = 3183 , ',3183,NULL),
  ('000000003667cf5001369b89f6590052','2012-04-10 17:16:11','/meeting/client/pri/meeting/analyticsLog.action',4449,'jinzhuhua',164,'15375296623',NULL,'117.136.20.94','meetingId = 164 , imei = 1afeff6d-ad40-4bdf-a4e2-ee2299f3d356 , menu_id = 3182 , ',3182,NULL),
  ('000000003667cf5001369b8a18bd0053','2012-04-10 17:16:20','/meeting/client/pri/meeting/analyticsLog.action',4449,'jinzhuhua',164,'15375296623',NULL,'117.136.20.94','meetingId = 164 , imei = 1afeff6d-ad40-4bdf-a4e2-ee2299f3d356 , menu_id = 3170 , ',3170,NULL),
  ('00000000369bd7090136a1ffb5660001','2012-04-11 23:22:31','/meeting/portal/pri/meeting/getMeetingById.action',4460,'张国敬',166,'13865960090',NULL,'221.13.21.214','returnType = portal_viewmeeting , menu_id = 3062 , menu_name = 首页 , meeting.id = 166 , ',3062,NULL),
  ('00000000369bd7090136a44c19c70002','2012-04-12 10:05:12','/meeting/portal/pri/meeting/getMeetingById.action',4460,'张国敬',166,'13865960090',NULL,'218.201.251.79','returnType = portal_viewmeeting , menu_id = 3062 , menu_name = 首页 , meeting.id = 166 , ',3062,NULL),
  ('0000000036a46e9a0136a470ba910001','2012-04-12 10:45:12','/meeting/portal/pri/meeting/getMeetingById.action',4460,'张国敬',166,'13865960090',NULL,'218.201.251.79','returnType = portal_viewmeeting , menu_id = 3062 , menu_name = 首页 , meeting.id = 166 , ',3062,NULL),
  ('0000000036a46e9a0136a4738d670002','2012-04-12 10:48:18','/meeting/portal/pri/meeting/getMeetingById.action',4460,'张国敬',164,'13865960090',NULL,'218.201.251.79','returnType = portal_viewmeeting , menu_id = 2991 , menu_name = 首页 , meeting.id = 164 , ',2991,NULL),
  ('0000000036a46e9a0136a473975d0003','2012-04-12 10:48:20','/meeting/portal/pri/meeting/getMeetingById.action',4460,'张国敬',166,'13865960090',NULL,'218.201.251.79','returnType = portal_viewmeeting , menu_id = 3062 , menu_name = 首页 , meeting.id = 166 , ',3062,NULL),
  ('0000000036a46e9a0136a477422a0004','2012-04-12 10:52:20','/meeting/client/pri/meeting/analyticsLog.action',4460,'张国敬',166,'13865960090',NULL,'117.136.17.55','meetingId = 166 , imei = a1e3c3f8-d113-4488-bd69-b79283acb00f , menu_id = 3121 , ',3121,NULL),
  ('0000000036a46e9a0136a47755ad0005','2012-04-12 10:52:25','/meeting/client/pri/meeting/analyticsLog.action',4460,'张国敬',166,'13865960090',NULL,'117.136.17.55','meetingId = 166 , imei = a1e3c3f8-d113-4488-bd69-b79283acb00f , menu_id = 3122 , ',3122,NULL),
  ('0000000036a46e9a0136a47766010006','2012-04-12 10:52:30','/meeting/client/pri/meeting/analyticsLog.action',4460,'张国敬',166,'13865960090',NULL,'117.136.17.55','meetingId = 166 , imei = a1e3c3f8-d113-4488-bd69-b79283acb00f , menu_id = 3123 , ',3123,NULL),
  ('0000000036a46e9a0136a4777e890007','2012-04-12 10:52:36','/meeting/client/pri/meeting/analyticsLog.action',4460,'张国敬',166,'13865960090',NULL,'117.136.17.55','meetingId = 166 , imei = a1e3c3f8-d113-4488-bd69-b79283acb00f , menu_id = 3123 , ',3123,NULL),
  ('0000000036a46e9a0136a47791be0008','2012-04-12 10:52:41','/meeting/client/pri/meeting/analyticsLog.action',4460,'张国敬',166,'13865960090',NULL,'117.136.17.55','meetingId = 166 , imei = a1e3c3f8-d113-4488-bd69-b79283acb00f , menu_id = 3126 , ',3126,NULL),
  ('0000000036a46e9a0136a4779fbb0009','2012-04-12 10:52:44','/meeting/client/pri/meeting/analyticsLog.action',4460,'张国敬',166,'13865960090',NULL,'117.136.17.55','meetingId = 166 , imei = a1e3c3f8-d113-4488-bd69-b79283acb00f , menu_id = 3127 , ',3127,NULL),
  ('0000000036a46e9a0136a479d8a5000a','2012-04-12 10:55:10','/meeting/client/pri/meeting/analyticsLog.action',4460,'张国敬',166,'13865960090',NULL,'117.136.17.55','meetingId = 166 , imei = fb877f87-43c4-44b6-bc3f-f569af629769 , menu_id = 3136 , ',3136,NULL),
  ('0000000036a46e9a0136a47a22dd000b','2012-04-12 10:55:29','/meeting/client/pri/meeting/analyticsLog.action',4460,'张国敬',166,'13865960090',NULL,'117.136.17.55','meetingId = 166 , imei = fb877f87-43c4-44b6-bc3f-f569af629769 , menu_id = 3135 , ',3135,NULL),
  ('0000000036a46e9a0136a47a4385000c','2012-04-12 10:55:37','/meeting/client/pri/meeting/analyticsLog.action',4460,'张国敬',166,'13865960090',NULL,'117.136.17.55','meetingId = 166 , imei = fb877f87-43c4-44b6-bc3f-f569af629769 , menu_id = 3134 , ',3134,NULL),
  ('0000000036a46e9a0136a47aa08f000d','2012-04-12 10:56:01','/meeting/client/pri/meeting/analyticsLog.action',4460,'张国敬',166,'13865960090',NULL,'117.136.17.55','meetingId = 166 , imei = fb877f87-43c4-44b6-bc3f-f569af629769 , menu_id = 3129 , ',3129,NULL),
  ('0000000036a46e9a0136a47aaaf4000e','2012-04-12 10:56:04','/meeting/client/pri/meeting/analyticsLog.action',4460,'张国敬',166,'13865960090',NULL,'117.136.17.55','meetingId = 166 , imei = fb877f87-43c4-44b6-bc3f-f569af629769 , menu_id = 3129 , ',3129,NULL),
  ('0000000036a46e9a0136a47ab670000f','2012-04-12 10:56:07','/meeting/client/pri/meeting/analyticsLog.action',4460,'张国敬',166,'13865960090',NULL,'117.136.17.55','meetingId = 166 , imei = fb877f87-43c4-44b6-bc3f-f569af629769 , menu_id = 3128 , ',3128,NULL),
  ('0000000036a46e9a0136a47ad9700010','2012-04-12 10:56:16','/meeting/client/pri/meeting/analyticsLog.action',4460,'张国敬',166,'13865960090',NULL,'117.136.17.55','meetingId = 166 , imei = fb877f87-43c4-44b6-bc3f-f569af629769 , menu_id = 3128 , ',3128,NULL),
  ('0000000036a46e9a0136a47ae7440011','2012-04-12 10:56:19','/meeting/client/pri/meeting/analyticsLog.action',4460,'张国敬',166,'13865960090',NULL,'117.136.17.55','meetingId = 166 , imei = fb877f87-43c4-44b6-bc3f-f569af629769 , menu_id = 3125 , ',3125,NULL),
  ('0000000036a46e9a0136a47bed870012','2012-04-12 10:57:26','/meeting/client/pri/meeting/analyticsLog.action',4460,'张国敬',166,'13865960090',NULL,'117.136.17.55','meetingId = 166 , imei = fb877f87-43c4-44b6-bc3f-f569af629769 , menu_id = 3127 , ',3127,NULL),
  ('0000000036a46e9a0136a47c0c2c0013','2012-04-12 10:57:34','/meeting/client/pri/meeting/analyticsLog.action',4460,'张国敬',166,'13865960090',NULL,'117.136.17.55','meetingId = 166 , imei = fb877f87-43c4-44b6-bc3f-f569af629769 , menu_id = 3124 , ',3124,NULL),
  ('0000000036a46e9a0136a47c35e00014','2012-04-12 10:57:45','/meeting/client/pri/meeting/analyticsLog.action',4460,'张国敬',166,'13865960090',NULL,'117.136.17.55','meetingId = 166 , imei = fb877f87-43c4-44b6-bc3f-f569af629769 , menu_id = 3132 , ',3132,NULL),
  ('0000000036a46e9a0136a47c55060015','2012-04-12 10:57:53','/meeting/client/pri/meeting/analyticsLog.action',4460,'张国敬',166,'13865960090',NULL,'117.136.17.55','meetingId = 166 , imei = fb877f87-43c4-44b6-bc3f-f569af629769 , menu_id = 3130 , ',3130,NULL),
  ('0000000036a46e9a0136a47c63aa0016','2012-04-12 10:57:57','/meeting/client/pri/meeting/analyticsLog.action',4460,'张国敬',166,'13865960090',NULL,'117.136.17.55','meetingId = 166 , imei = fb877f87-43c4-44b6-bc3f-f569af629769 , menu_id = 3127 , ',3127,NULL),
  ('0000000036a46e9a0136a47c6e720017','2012-04-12 10:57:59','/meeting/client/pri/meeting/analyticsLog.action',4460,'张国敬',166,'13865960090',NULL,'117.136.17.55','meetingId = 166 , imei = fb877f87-43c4-44b6-bc3f-f569af629769 , menu_id = 3126 , ',3126,NULL),
  ('0000000036a46e9a0136a47c7ca80018','2012-04-12 10:58:03','/meeting/client/pri/meeting/analyticsLog.action',4460,'张国敬',166,'13865960090',NULL,'117.136.17.55','meetingId = 166 , imei = fb877f87-43c4-44b6-bc3f-f569af629769 , menu_id = 3123 , ',3123,NULL),
  ('0000000036a46e9a0136a480957d0019','2012-04-12 11:02:32','/meeting/portal/pri/meeting/getMeetingById.action',4460,'张国敬',166,'13865960090',NULL,'218.201.251.79','returnType = portal_viewmeeting , menu_id = 3062 , menu_name = 首页 , meeting.id = 166 , ',3062,NULL),
  ('0000000036a46e9a0136a480b530001a','2012-04-12 11:02:40','/meeting/portal/pri/meeting/getMeetingById.action',4460,'张国敬',166,'13865960090',NULL,'218.201.251.79','returnType = portal_viewmeeting , menu_id = 3062 , menu_name = 首页 , meeting.id = 166 , ',3062,NULL),
  ('0000000036a46e9a0136a481968d001b','2012-04-12 11:03:37','/meeting/portal/pri/news/detail.action',4460,'张国敬',166,'13865960090',NULL,'218.201.251.79','meetingId = 166 , menu_id = 3062 , menu_name = 首页 , id = 28 , ',3062,NULL),
  ('0000000036a46e9a0136a48b065e001c','2012-04-12 11:13:56','/meeting/portal/pri/meeting/getMeetingById.action',4460,'张国敬',166,'13865960090',NULL,'218.201.251.79','returnType = portal_viewmeeting , menu_id = 3062 , menu_name = 首页 , meeting.id = 166 , ',3062,NULL),
  ('0000000036a46e9a0136a48b12ae001d','2012-04-12 11:13:59','/meeting/portal/pri/news/detail.action',4460,'张国敬',166,'13865960090',NULL,'218.201.251.79','meetingId = 166 , menu_id = 3062 , menu_name = 首页 , id = 30 , ',3062,NULL),
  ('0000000036a46e9a0136a48c2ced001e','2012-04-12 11:15:11','/meeting/portal/pri/meeting/getMeetingUsers.action',4460,'张国敬',166,'13865960090',NULL,'218.201.251.79','menu_id = 3069 , menu_name = 通讯录 , meeting.id = 166 , ',3069,NULL),
  ('0000000036a46e9a0136a48c313a001f','2012-04-12 11:15:12','/meeting/portal/pri/meeting/getMeetingById.action',4460,'张国敬',166,'13865960090',NULL,'218.201.251.79','returnType = portal_viewmeeting , menu_id = 3062 , menu_name = 首页 , meeting.id = 166 , ',3062,NULL),
  ('0000000036a46e9a0136a48c406d0020','2012-04-12 11:15:16','/meeting/portal/pri/meeting/getMeetingUsers.action',4460,'张国敬',166,'13865960090',NULL,'218.201.251.79','menu_id = 3069 , menu_name = 通讯录 , meeting.id = 166 , ',3069,NULL),
  ('0000000036a46e9a0136a48c491b0021','2012-04-12 11:15:18','/meeting/portal/pri/agenda/agendaList.action',4460,'张国敬',166,'13865960090',NULL,'218.201.251.79','meetingId = 166 , menu_id = 3063 , menu_name = 会议议程 , ',3063,NULL),
  ('0000000036a46e9a0136a48c52fe0022','2012-04-12 11:15:21','/meeting/portal/pri/meeting/getMeetingFilesPager.action',4460,'张国敬',166,'13865960090',NULL,'218.201.251.79','meetingId = 166 , menu_id = 3064 , menu_name = 会议资料 , from = portal , ',3064,NULL),
  ('0000000036a46e9a0136a48c66ca0023','2012-04-12 11:15:26','/meeting/portal/pri/news/show.action',4460,'张国敬',166,'13865960090',NULL,'218.201.251.79','meetingId = 166 , menu_id = 3076 , menu_name = 新闻中心 , ',3076,NULL),
  ('0000000036a46e9a0136a48c71050024','2012-04-12 11:15:29','/meeting/portal/pri/news/detail.action',4460,'张国敬',166,'13865960090',NULL,'218.201.251.79','meetingId = 166 , menu_id = 3076 , menu_name = 新闻中心 , id = 29 , ',3076,NULL),
  ('0000000036a46e9a0136a48c816d0025','2012-04-12 11:15:33','/meeting/portal/pri/interaction/postList.action',4460,'张国敬',166,'13865960090',NULL,'218.201.251.79','meetingId = 166 , menu_id = 3065 , menu_name = 互动交流 , ',3065,NULL),
  ('0000000036a46e9a0136a48c9c890026','2012-04-12 11:15:40','/meeting/portal/pri/message/list.action',4460,'张国敬',166,'13865960090',NULL,'218.201.251.79','meetingId = 166 , menu_id = 3070 , menu_name = 站内私信 , ',3070,NULL),
  ('0000000036a46e9a0136a48ca2810027','2012-04-12 11:15:41','/meeting/portal/pri/hotel/list.action',4460,'张国敬',166,'13865960090',NULL,'218.201.251.79','meetingId = 166 , menu_id = 3083 , menu_name = 酒店信息 , ',3083,NULL),
  ('0000000036a46e9a0136a48ca8700028','2012-04-12 11:15:43','/meeting/portal/pri/meeting/vote_findEnableVote.action',4460,'张国敬',166,'13865960090',NULL,'218.201.251.79','meetingId = 166 , menu_id = 3072 , menu_name = 投票 , ',3072,NULL),
  ('0000000036a46e9a0136a48cb1470029','2012-04-12 11:15:45','/meeting/portal/pri/meeting/getMeetingById.action',4460,'张国敬',166,'13865960090',NULL,'218.201.251.79','returnType = portal_viewmeeting , menu_id = 3062 , menu_name = 首页 , meeting.id = 166 , ',3062,NULL),
  ('0000000036a49f9f0136a4a0b3040001','2012-04-12 11:37:36','/meeting/portal/pri/meeting/getMeetingById.action',4460,'张国敬',166,'13865960090',NULL,'218.201.251.79','returnType = portal_viewmeeting , menu_id = 3062 , menu_name = 首页 , meeting.id = 166 , ',3062,NULL),
  ('0000000036a49f9f0136a4a680e80002','2012-04-12 11:43:57','/meeting/client/pri/meeting/analyticsLog.action',4474,'李炯',166,'13585940845',NULL,'117.136.17.55','meetingId = 166 , imei = 35ea4245-70e1-44d6-8052-61b01f7bf553 , menu_id = 3121 , ',3121,NULL),
  ('0000000036a49f9f0136a4a776570003','2012-04-12 11:44:59','/meeting/client/pri/meeting/analyticsLog.action',4474,'李炯',166,'13585940845',NULL,'117.136.17.55','meetingId = 166 , imei = 9d7d0693-ca32-420c-90c4-83d8084a9871 , menu_id = 3121 , ',3121,NULL),
  ('0000000036a49f9f0136a4a7982a0004','2012-04-12 11:45:08','/meeting/client/pri/meeting/analyticsLog.action',4474,'李炯',166,'13585940845',NULL,'117.136.17.55','meetingId = 166 , imei = 9d7d0693-ca32-420c-90c4-83d8084a9871 , menu_id = 3122 , ',3122,NULL),
  ('0000000036a49f9f0136a4a7afaf0005','2012-04-12 11:45:14','/meeting/client/pri/meeting/analyticsLog.action',4474,'李炯',166,'13585940845',NULL,'117.136.17.55','meetingId = 166 , imei = 9d7d0693-ca32-420c-90c4-83d8084a9871 , menu_id = 3123 , ',3123,NULL),
  ('0000000036a49f9f0136a4a7cc0e0006','2012-04-12 11:45:21','/meeting/client/pri/meeting/analyticsLog.action',4474,'李炯',166,'13585940845',NULL,'117.136.17.55','meetingId = 166 , imei = 9d7d0693-ca32-420c-90c4-83d8084a9871 , menu_id = 3126 , ',3126,NULL),
  ('0000000036a49f9f0136a4a7de780007','2012-04-12 11:45:26','/meeting/client/pri/meeting/analyticsLog.action',4474,'李炯',166,'13585940845',NULL,'117.136.17.55','meetingId = 166 , imei = 9d7d0693-ca32-420c-90c4-83d8084a9871 , menu_id = 3127 , ',3127,NULL),
  ('0000000036a49f9f0136a4a7f22c0008','2012-04-12 11:45:31','/meeting/client/pri/meeting/analyticsLog.action',4474,'李炯',166,'13585940845',NULL,'117.136.17.55','meetingId = 166 , imei = 9d7d0693-ca32-420c-90c4-83d8084a9871 , menu_id = 3130 , ',3130,NULL),
  ('0000000036a49f9f0136a4a801670009','2012-04-12 11:45:35','/meeting/client/pri/meeting/analyticsLog.action',4474,'李炯',166,'13585940845',NULL,'117.136.17.55','meetingId = 166 , imei = 9d7d0693-ca32-420c-90c4-83d8084a9871 , menu_id = 3132 , ',3132,NULL),
  ('0000000036a49f9f0136a4a809ae000a','2012-04-12 11:45:37','/meeting/client/pri/meeting/analyticsLog.action',4474,'李炯',166,'13585940845',NULL,'117.136.17.55','meetingId = 166 , imei = 9d7d0693-ca32-420c-90c4-83d8084a9871 , menu_id = 3124 , ',3124,NULL),
  ('0000000036a49f9f0136a4a82c60000b','2012-04-12 11:45:46','/meeting/client/pri/meeting/analyticsLog.action',4474,'李炯',166,'13585940845',NULL,'117.136.17.55','meetingId = 166 , imei = 9d7d0693-ca32-420c-90c4-83d8084a9871 , menu_id = 3134 , ',3134,NULL),
  ('0000000036a49f9f0136a4ad4aa3000c','2012-04-12 11:51:22','/meeting/wap/pri/meeting/getMeetingById.action',4474,'李炯',166,'13585940845',NULL,'183.213.18.73','returnType = wap , menu_id = 3051 , menu_name = 首页 , meeting.id = 166 , ',3051,NULL),
  ('0000000036a49f9f0136a53da763000d','2012-04-12 14:29:02','/meeting/client/pri/meeting/analyticsLog.action',4460,'张国敬',166,'13865960090',NULL,'117.136.17.56','meetingId = 166 , imei = d040a08b-cb3d-49e4-a527-83cd0012aca1 , menu_id = 3121 , ',3121,NULL),
  ('0000000036a49f9f0136a53e8d12000e','2012-04-12 14:30:01','/meeting/client/pri/meeting/analyticsLog.action',4460,'张国敬',166,'13865960090',NULL,'117.136.17.56','meetingId = 166 , imei = d040a08b-cb3d-49e4-a527-83cd0012aca1 , menu_id = 3123 , ',3123,NULL),
  ('0000000036a49f9f0136a53e95fa000f','2012-04-12 14:30:04','/meeting/client/pri/meeting/analyticsLog.action',4460,'张国敬',166,'13865960090',NULL,'117.136.17.56','meetingId = 166 , imei = d040a08b-cb3d-49e4-a527-83cd0012aca1 , menu_id = 3123 , ',3123,NULL),
  ('0000000036a49f9f0136a53e9ffa0010','2012-04-12 14:30:06','/meeting/client/pri/meeting/analyticsLog.action',4460,'张国敬',166,'13865960090',NULL,'117.136.17.56','meetingId = 166 , imei = d040a08b-cb3d-49e4-a527-83cd0012aca1 , menu_id = 3123 , ',3123,NULL),
  ('0000000036a49f9f0136a53eb9380011','2012-04-12 14:30:13','/meeting/client/pri/meeting/analyticsLog.action',4460,'张国敬',166,'13865960090',NULL,'117.136.17.56','meetingId = 166 , imei = d040a08b-cb3d-49e4-a527-83cd0012aca1 , menu_id = 3122 , ',3122,NULL),
  ('0000000036a49f9f0136a53ebf9f0012','2012-04-12 14:30:14','/meeting/client/pri/meeting/analyticsLog.action',4460,'张国敬',166,'13865960090',NULL,'117.136.17.56','meetingId = 166 , imei = d040a08b-cb3d-49e4-a527-83cd0012aca1 , menu_id = 3126 , ',3126,NULL),
  ('0000000036a49f9f0136a53ec6f70013','2012-04-12 14:30:16','/meeting/client/pri/meeting/analyticsLog.action',4460,'张国敬',166,'13865960090',NULL,'117.136.17.56','meetingId = 166 , imei = d040a08b-cb3d-49e4-a527-83cd0012aca1 , menu_id = 3129 , ',3129,NULL),
  ('0000000036a49f9f0136a53ecce90014','2012-04-12 14:30:18','/meeting/client/pri/meeting/analyticsLog.action',4460,'张国敬',166,'13865960090',NULL,'117.136.17.56','meetingId = 166 , imei = d040a08b-cb3d-49e4-a527-83cd0012aca1 , menu_id = 3121 , ',3121,NULL),
  ('0000000036a49f9f0136a53edb0f0015','2012-04-12 14:30:21','/meeting/client/pri/meeting/analyticsLog.action',4460,'张国敬',166,'13865960090',NULL,'117.136.17.56','meetingId = 166 , imei = d040a08b-cb3d-49e4-a527-83cd0012aca1 , menu_id = 3122 , ',3122,NULL),
  ('0000000036a49f9f0136a53ee14a0016','2012-04-12 14:30:23','/meeting/client/pri/meeting/analyticsLog.action',4460,'张国敬',166,'13865960090',NULL,'117.136.17.56','meetingId = 166 , imei = d040a08b-cb3d-49e4-a527-83cd0012aca1 , menu_id = 3123 , ',3123,NULL),
  ('0000000036a49f9f0136a53ee9cd0017','2012-04-12 14:30:25','/meeting/client/pri/meeting/analyticsLog.action',4460,'张国敬',166,'13865960090',NULL,'117.136.17.56','meetingId = 166 , imei = d040a08b-cb3d-49e4-a527-83cd0012aca1 , menu_id = 3126 , ',3126,NULL),
  ('0000000036a49f9f0136a53f5d470018','2012-04-12 14:30:55','/meeting/client/pri/meeting/analyticsLog.action',4460,'张国敬',166,'13865960090',NULL,'117.136.17.56','meetingId = 166 , imei = d040a08b-cb3d-49e4-a527-83cd0012aca1 , menu_id = 3135 , ',3135,NULL),
  ('0000000036a49f9f0136a53f62d30019','2012-04-12 14:30:56','/meeting/client/pri/meeting/analyticsLog.action',4460,'张国敬',166,'13865960090',NULL,'117.136.17.56','meetingId = 166 , imei = d040a08b-cb3d-49e4-a527-83cd0012aca1 , menu_id = 3128 , ',3128,NULL),
  ('0000000036a49f9f0136a53f6835001a','2012-04-12 14:30:57','/meeting/client/pri/meeting/analyticsLog.action',4460,'张国敬',166,'13865960090',NULL,'117.136.17.56','meetingId = 166 , imei = d040a08b-cb3d-49e4-a527-83cd0012aca1 , menu_id = 3135 , ',3135,NULL),
  ('0000000036a49f9f0136a53f75e2001b','2012-04-12 14:31:01','/meeting/client/pri/meeting/analyticsLog.action',4460,'张国敬',166,'13865960090',NULL,'117.136.17.56','meetingId = 166 , imei = d040a08b-cb3d-49e4-a527-83cd0012aca1 , menu_id = 3136 , ',3136,NULL),
  ('0000000036a49f9f0136a53faa12001c','2012-04-12 14:31:14','/meeting/client/pri/meeting/analyticsLog.action',4460,'张国敬',166,'13865960090',NULL,'117.136.17.56','meetingId = 166 , imei = d040a08b-cb3d-49e4-a527-83cd0012aca1 , menu_id = 3134 , ',3134,NULL),
  ('0000000036a49f9f0136a53fb03f001d','2012-04-12 14:31:16','/meeting/client/pri/meeting/analyticsLog.action',4460,'张国敬',166,'13865960090',NULL,'117.136.17.56','meetingId = 166 , imei = d040a08b-cb3d-49e4-a527-83cd0012aca1 , menu_id = 3129 , ',3129,NULL),
  ('0000000036a49f9f0136a53fe2cb001e','2012-04-12 14:31:29','/meeting/client/pri/meeting/analyticsLog.action',4460,'张国敬',166,'13865960090',NULL,'117.136.17.56','meetingId = 166 , imei = d040a08b-cb3d-49e4-a527-83cd0012aca1 , menu_id = 3128 , ',3128,NULL),
  ('0000000036a49f9f0136a5406b83001f','2012-04-12 14:32:04','/meeting/client/pri/meeting/analyticsLog.action',4460,'张国敬',166,'13865960090',NULL,'117.136.17.56','meetingId = 166 , imei = d040a08b-cb3d-49e4-a527-83cd0012aca1 , menu_id = 3122 , ',3122,NULL),
  ('0000000036a49f9f0136a5406f6b0020','2012-04-12 14:32:05','/meeting/client/pri/meeting/analyticsLog.action',4460,'张国敬',166,'13865960090',NULL,'117.136.17.56','meetingId = 166 , imei = d040a08b-cb3d-49e4-a527-83cd0012aca1 , menu_id = 3123 , ',3123,NULL),
  ('0000000036a49f9f0136a540756f0021','2012-04-12 14:32:06','/meeting/client/pri/meeting/analyticsLog.action',4460,'张国敬',166,'13865960090',NULL,'117.136.17.56','meetingId = 166 , imei = d040a08b-cb3d-49e4-a527-83cd0012aca1 , menu_id = 3126 , ',3126,NULL),
  ('0000000036a49f9f0136a5407b880022','2012-04-12 14:32:08','/meeting/client/pri/meeting/analyticsLog.action',4460,'张国敬',166,'13865960090',NULL,'117.136.17.56','meetingId = 166 , imei = d040a08b-cb3d-49e4-a527-83cd0012aca1 , menu_id = 3127 , ',3127,NULL),
  ('0000000036a49f9f0136a54080d80023','2012-04-12 14:32:09','/meeting/client/pri/meeting/analyticsLog.action',4460,'张国敬',166,'13865960090',NULL,'117.136.17.56','meetingId = 166 , imei = d040a08b-cb3d-49e4-a527-83cd0012aca1 , menu_id = 3130 , ',3130,NULL),
  ('0000000036a49f9f0136a54085890024','2012-04-12 14:32:10','/meeting/client/pri/meeting/analyticsLog.action',4460,'张国敬',166,'13865960090',NULL,'117.136.17.56','meetingId = 166 , imei = d040a08b-cb3d-49e4-a527-83cd0012aca1 , menu_id = 3132 , ',3132,NULL),
  ('0000000036a49f9f0136a5408b3a0025','2012-04-12 14:32:12','/meeting/client/pri/meeting/analyticsLog.action',4460,'张国敬',166,'13865960090',NULL,'117.136.17.56','meetingId = 166 , imei = d040a08b-cb3d-49e4-a527-83cd0012aca1 , menu_id = 3124 , ',3124,NULL),
  ('0000000036a49f9f0136a54090db0026','2012-04-12 14:32:13','/meeting/client/pri/meeting/analyticsLog.action',4460,'张国敬',166,'13865960090',NULL,'117.136.17.56','meetingId = 166 , imei = d040a08b-cb3d-49e4-a527-83cd0012aca1 , menu_id = 3125 , ',3125,NULL),
  ('0000000036a49f9f0136a54095db0027','2012-04-12 14:32:15','/meeting/client/pri/meeting/analyticsLog.action',4460,'张国敬',166,'13865960090',NULL,'117.136.17.56','meetingId = 166 , imei = d040a08b-cb3d-49e4-a527-83cd0012aca1 , menu_id = 3128 , ',3128,NULL),
  ('0000000036a49f9f0136a5409ada0028','2012-04-12 14:32:16','/meeting/client/pri/meeting/analyticsLog.action',4460,'张国敬',166,'13865960090',NULL,'117.136.17.56','meetingId = 166 , imei = d040a08b-cb3d-49e4-a527-83cd0012aca1 , menu_id = 3129 , ',3129,NULL),
  ('0000000036a49f9f0136a5409fde0029','2012-04-12 14:32:17','/meeting/client/pri/meeting/analyticsLog.action',4460,'张国敬',166,'13865960090',NULL,'117.136.17.56','meetingId = 166 , imei = d040a08b-cb3d-49e4-a527-83cd0012aca1 , menu_id = 3134 , ',3134,NULL),
  ('0000000036a49f9f0136a540b2b0002a','2012-04-12 14:32:22','/meeting/client/pri/meeting/analyticsLog.action',4460,'张国敬',166,'13865960090',NULL,'117.136.17.56','meetingId = 166 , imei = d040a08b-cb3d-49e4-a527-83cd0012aca1 , menu_id = 3135 , ',3135,NULL),
  ('0000000036a49f9f0136a540bcff002b','2012-04-12 14:32:25','/meeting/client/pri/meeting/analyticsLog.action',4460,'张国敬',166,'13865960090',NULL,'117.136.17.56','meetingId = 166 , imei = d040a08b-cb3d-49e4-a527-83cd0012aca1 , menu_id = 3136 , ',3136,NULL),
  ('0000000036a49f9f0136a5463281002c','2012-04-12 14:38:22','/meeting/client/pri/meeting/analyticsLog.action',4460,'张国敬',166,'13865960090',NULL,'117.136.17.56','meetingId = 166 , imei = d040a08b-cb3d-49e4-a527-83cd0012aca1 , menu_id = 3122 , ',3122,NULL),
  ('0000000036a49f9f0136a580ea82002d','2012-04-12 15:42:31','/meeting/client/pri/meeting/analyticsLog.action',4460,'张国敬',166,'13865960090',NULL,'117.136.17.56','meetingId = 166 , imei = 275a1c70-70e4-45b3-9688-2fa9e6adbd48 , menu_id = 3121 , ',3121,NULL),
  ('0000000036a49f9f0136a580f9ab002e','2012-04-12 15:42:34','/meeting/client/pri/meeting/analyticsLog.action',4460,'张国敬',166,'13865960090',NULL,'117.136.17.56','meetingId = 166 , imei = 275a1c70-70e4-45b3-9688-2fa9e6adbd48 , menu_id = 3122 , ',3122,NULL),
  ('0000000036a49f9f0136a581099b002f','2012-04-12 15:42:39','/meeting/client/pri/meeting/analyticsLog.action',4460,'张国敬',166,'13865960090',NULL,'117.136.17.56','meetingId = 166 , imei = 275a1c70-70e4-45b3-9688-2fa9e6adbd48 , menu_id = 3126 , ',3126,NULL),
  ('0000000036a49f9f0136a58112470030','2012-04-12 15:42:41','/meeting/client/pri/meeting/analyticsLog.action',4460,'张国敬',166,'13865960090',NULL,'117.136.17.56','meetingId = 166 , imei = 275a1c70-70e4-45b3-9688-2fa9e6adbd48 , menu_id = 3123 , ',3123,NULL),
  ('0000000036a49f9f0136a58121d20031','2012-04-12 15:42:45','/meeting/client/pri/meeting/analyticsLog.action',4460,'张国敬',166,'13865960090',NULL,'117.136.17.56','meetingId = 166 , imei = 275a1c70-70e4-45b3-9688-2fa9e6adbd48 , menu_id = 3126 , ',3126,NULL),
  ('0000000036a49f9f0136a58140850032','2012-04-12 15:42:53','/meeting/client/pri/meeting/analyticsLog.action',4460,'张国敬',166,'13865960090',NULL,'117.136.17.56','meetingId = 166 , imei = 275a1c70-70e4-45b3-9688-2fa9e6adbd48 , menu_id = 3127 , ',3127,NULL),
  ('0000000036a49f9f0136a581928f0033','2012-04-12 15:43:14','/meeting/client/pri/meeting/analyticsLog.action',4460,'张国敬',166,'13865960090',NULL,'117.136.17.56','meetingId = 166 , imei = 275a1c70-70e4-45b3-9688-2fa9e6adbd48 , menu_id = 3130 , ',3130,NULL),
  ('0000000036a49f9f0136a5819de20034','2012-04-12 15:43:16','/meeting/client/pri/meeting/analyticsLog.action',4460,'张国敬',166,'13865960090',NULL,'117.136.17.56','meetingId = 166 , imei = 275a1c70-70e4-45b3-9688-2fa9e6adbd48 , menu_id = 3132 , ',3132,NULL),
  ('0000000036a49f9f0136a581c66e0035','2012-04-12 15:43:27','/meeting/client/pri/meeting/analyticsLog.action',4460,'张国敬',166,'13865960090',NULL,'117.136.17.56','meetingId = 166 , imei = 275a1c70-70e4-45b3-9688-2fa9e6adbd48 , menu_id = 3124 , ',3124,NULL),
  ('0000000036a49f9f0136a581dc4d0036','2012-04-12 15:43:32','/meeting/client/pri/meeting/analyticsLog.action',4460,'张国敬',166,'13865960090',NULL,'117.136.17.56','meetingId = 166 , imei = 275a1c70-70e4-45b3-9688-2fa9e6adbd48 , menu_id = 3125 , ',3125,NULL),
  ('0000000036a49f9f0136a581ff770037','2012-04-12 15:43:41','/meeting/client/pri/meeting/analyticsLog.action',4460,'张国敬',166,'13865960090',NULL,'117.136.17.56','meetingId = 166 , imei = 275a1c70-70e4-45b3-9688-2fa9e6adbd48 , menu_id = 3128 , ',3128,NULL),
  ('0000000036a49f9f0136a5820e8c0038','2012-04-12 15:43:45','/meeting/client/pri/meeting/analyticsLog.action',4460,'张国敬',166,'13865960090',NULL,'117.136.17.56','meetingId = 166 , imei = 275a1c70-70e4-45b3-9688-2fa9e6adbd48 , menu_id = 3129 , ',3129,NULL),
  ('0000000036a49f9f0136a582148f0039','2012-04-12 15:43:47','/meeting/client/pri/meeting/analyticsLog.action',4460,'张国敬',166,'13865960090',NULL,'117.136.17.56','meetingId = 166 , imei = 275a1c70-70e4-45b3-9688-2fa9e6adbd48 , menu_id = 3134 , ',3134,NULL),
  ('0000000036a49f9f0136a5824707003a','2012-04-12 15:44:00','/meeting/client/pri/meeting/analyticsLog.action',4460,'张国敬',166,'13865960090',NULL,'117.136.17.56','meetingId = 166 , imei = 275a1c70-70e4-45b3-9688-2fa9e6adbd48 , menu_id = 3135 , ',3135,NULL),
  ('0000000036a49f9f0136a58264f2003b','2012-04-12 15:44:07','/meeting/client/pri/meeting/analyticsLog.action',4460,'张国敬',166,'13865960090',NULL,'117.136.17.56','meetingId = 166 , imei = 275a1c70-70e4-45b3-9688-2fa9e6adbd48 , menu_id = 3136 , ',3136,NULL),
  ('0000000036a49f9f0136a5893aa5003c','2012-04-12 15:51:35','/meeting/client/pri/meeting/analyticsLog.action',4460,'张国敬',166,'13865960090',NULL,'117.136.17.56','meetingId = 166 , imei = 275a1c70-70e4-45b3-9688-2fa9e6adbd48 , menu_id = 3135 , ',3135,NULL),
  ('0000000036a49f9f0136a5894e67003d','2012-04-12 15:51:40','/meeting/client/pri/meeting/analyticsLog.action',4460,'张国敬',166,'13865960090',NULL,'117.136.17.56','meetingId = 166 , imei = 275a1c70-70e4-45b3-9688-2fa9e6adbd48 , menu_id = 3136 , ',3136,NULL),
  ('0000000036a49f9f0136a59155e3003e','2012-04-12 16:00:27','/meeting/client/pri/meeting/analyticsLog.action',4460,'张国敬',166,'13865960090',NULL,'117.136.17.56','meetingId = 166 , imei = 275a1c70-70e4-45b3-9688-2fa9e6adbd48 , menu_id = 3136 , ',3136,NULL),
  ('0000000036a49f9f0136a593f086003f','2012-04-12 16:03:17','/meeting/client/pri/meeting/analyticsLog.action',4460,'张国敬',166,'13865960090',NULL,'117.136.17.56','meetingId = 166 , imei = 275a1c70-70e4-45b3-9688-2fa9e6adbd48 , menu_id = 3136 , ',3136,NULL),
  ('0000000036a49f9f0136a59444970040','2012-04-12 16:03:39','/meeting/client/pri/meeting/analyticsLog.action',4460,'张国敬',166,'13865960090',NULL,'117.136.17.56','meetingId = 166 , imei = 275a1c70-70e4-45b3-9688-2fa9e6adbd48 , menu_id = 3136 , ',3136,NULL),
  ('0000000036a49f9f0136a594805b0041','2012-04-12 16:03:54','/meeting/client/pri/meeting/analyticsLog.action',4460,'张国敬',166,'13865960090',NULL,'117.136.17.56','meetingId = 166 , imei = 275a1c70-70e4-45b3-9688-2fa9e6adbd48 , menu_id = 3136 , ',3136,NULL),
  ('0000000036a49f9f0136a594fdd30042','2012-04-12 16:04:26','/meeting/client/pri/meeting/analyticsLog.action',4460,'张国敬',166,'13865960090',NULL,'117.136.17.56','meetingId = 166 , imei = 275a1c70-70e4-45b3-9688-2fa9e6adbd48 , menu_id = 3134 , ',3134,NULL),
  ('0000000036a49f9f0136a597e4f30043','2012-04-12 16:07:36','/meeting/client/pri/meeting/analyticsLog.action',4460,'张国敬',166,'13865960090',NULL,'117.136.17.56','meetingId = 166 , imei = 275a1c70-70e4-45b3-9688-2fa9e6adbd48 , menu_id = 3134 , ',3134,NULL),
  ('0000000036a49f9f0136a5986b680044','2012-04-12 16:08:11','/meeting/client/pri/meeting/analyticsLog.action',4460,'张国敬',166,'13865960090',NULL,'117.136.17.56','meetingId = 166 , imei = 275a1c70-70e4-45b3-9688-2fa9e6adbd48 , menu_id = 3129 , ',3129,NULL),
  ('0000000036a49f9f0136a948ff270045','2012-04-13 09:19:55','/meeting/client/pri/meeting/analyticsLog.action',4455,'刘媛',166,'13608529590',NULL,'117.136.17.56','meetingId = 166 , imei = 565860f7-97d3-4c58-89ac-ff625d5b8bbf , menu_id = 3121 , ',3121,NULL),
  ('0000000036a49f9f0136a949248f0046','2012-04-13 09:20:04','/meeting/client/pri/meeting/analyticsLog.action',4455,'刘媛',166,'13608529590',NULL,'117.136.17.56','meetingId = 166 , imei = 565860f7-97d3-4c58-89ac-ff625d5b8bbf , menu_id = 3122 , ',3122,NULL),
  ('0000000036a49f9f0136a9495c070047','2012-04-13 09:20:18','/meeting/client/pri/meeting/analyticsLog.action',4455,'刘媛',166,'13608529590',NULL,'117.136.17.56','meetingId = 166 , imei = 565860f7-97d3-4c58-89ac-ff625d5b8bbf , menu_id = 3123 , ',3123,NULL),
  ('0000000036b153880136b9d539b10001','2012-04-16 14:27:00','/meeting/portal/pri/meeting/getMeetingById.action',4455,'刘媛',170,'13608529590',NULL,'10.196.2.139','returnType = portal_viewmeeting , menu_id = 3294 , menu_name = 首页 , meeting.id = 170 , ',3294,NULL),
  ('0000000036b153880136b9d56c1a0002','2012-04-16 14:27:13','/meeting/portal/pri/agenda/agendaList.action',4455,'刘媛',170,'13608529590',NULL,'10.196.2.139','meetingId = 170 , menu_id = 3295 , menu_name = 会议议程 , ',3295,NULL),
  ('0000000036b153880136b9d599300003','2012-04-16 14:27:25','/meeting/portal/pri/meeting/getMeetingFilesPager.action',4455,'刘媛',170,'13608529590',NULL,'10.196.2.139','meetingId = 170 , menu_id = 3296 , menu_name = 会议资料 , from = portal , ',3296,NULL),
  ('0000000036b153880136b9d5a0aa0004','2012-04-16 14:27:27','/meeting/portal/pri/interaction/postList.action',4455,'刘媛',170,'13608529590',NULL,'10.196.2.139','meetingId = 170 , menu_id = 3297 , menu_name = 互动交流 , ',3297,NULL),
  ('0000000036b153880136b9d5a7470005','2012-04-16 14:27:28','/meeting/portal/pri/news/show.action',4455,'刘媛',170,'13608529590',NULL,'10.196.2.139','meetingId = 170 , menu_id = 3308 , menu_name = 新闻中心 , ',3308,NULL),
  ('0000000036b153880136b9d5ab3f0006','2012-04-16 14:27:29','/meeting/portal/pri/meeting/getMeetingById.action',4455,'刘媛',170,'13608529590',NULL,'10.196.2.139','returnType = portal_map , menu_id = 3300 , menu_name = 会场位置 , meeting.id = 170 , ',3300,NULL),
  ('0000000036b153880136b9d5b4100007','2012-04-16 14:27:31','/meeting/portal/pri/meeting/getMeetingById.action',4455,'刘媛',170,'13608529590',NULL,'10.196.2.139','returnType = portal_viewmeeting , menu_id = 3294 , menu_name = 首页 , meeting.id = 170 , ',3294,NULL),
  ('0000000036b153880136b9d6094d0008','2012-04-16 14:27:53','/meeting/portal/pri/meeting/getMeetingById.action',4455,'刘媛',170,'13608529590',NULL,'10.196.2.139','returnType = portal_map , menu_id = 3300 , menu_name = 会场位置 , meeting.id = 170 , ',3300,NULL),
  ('0000000036b153880136b9d630030009','2012-04-16 14:28:03','/meeting/portal/pri/meeting/getMeetingById.action',4455,'刘媛',170,'13608529590',NULL,'10.196.2.139','returnType = portal_viewmeeting , menu_id = 3294 , menu_name = 首页 , meeting.id = 170 , ',3294,NULL),
  ('0000000036b153880136b9ff671a000a','2012-04-16 15:13:04','/meeting/wap/pri/meeting/getMeetingById.action',4548,'刘鸥',170,'13908518578',NULL,'117.136.17.56','returnType = wap , menu_id = 3283 , menu_name = 首页 , meeting.id = 170 , ',3283,NULL),
  ('0000000036b153880136b9ffc0a0000b','2012-04-16 15:13:27','/meeting/wap/pri/meeting/getMeetingById.action',4549,'周澍',170,'13984086789',NULL,'218.201.194.76','returnType = wap , menu_id = 3283 , menu_name = 首页 , meeting.id = 170 , ',3283,NULL),
  ('0000000036b153880136ba01f768000c','2012-04-16 15:15:52','/meeting/portal/pri/meeting/getMeetingById.action',4548,'刘鸥',170,'13908518578',NULL,'10.196.2.139','returnType = portal_viewmeeting , menu_id = 3294 , menu_name = 首页 , meeting.id = 170 , ',3294,NULL),
  ('0000000036b153880136ba023c37000d','2012-04-16 15:16:10','/meeting/portal/pri/agenda/agendaList.action',4548,'刘鸥',170,'13908518578',NULL,'10.196.2.139','meetingId = 170 , menu_id = 3295 , menu_name = 会议议程 , ',3295,NULL),
  ('0000000036b153880136ba027c3d000e','2012-04-16 15:16:26','/meeting/portal/pri/meeting/getMeetingFilesPager.action',4548,'刘鸥',170,'13908518578',NULL,'10.196.2.139','meetingId = 170 , menu_id = 3296 , menu_name = 会议资料 , from = portal , ',3296,NULL),
  ('0000000036b153880136ba028011000f','2012-04-16 15:16:27','/meeting/portal/pri/interaction/postList.action',4548,'刘鸥',170,'13908518578',NULL,'10.196.2.139','meetingId = 170 , menu_id = 3297 , menu_name = 互动交流 , ',3297,NULL),
  ('0000000036b153880136ba0284290010','2012-04-16 15:16:28','/meeting/portal/pri/news/show.action',4548,'刘鸥',170,'13908518578',NULL,'10.196.2.139','meetingId = 170 , menu_id = 3308 , menu_name = 新闻中心 , ',3308,NULL),
  ('0000000036b153880136ba02885a0011','2012-04-16 15:16:29','/meeting/portal/pri/meeting/getMeetingById.action',4548,'刘鸥',170,'13908518578',NULL,'10.196.2.139','returnType = portal_map , menu_id = 3300 , menu_name = 会场位置 , meeting.id = 170 , ',3300,NULL),
  ('0000000036b153880136ba02ad580012','2012-04-16 15:16:39','/meeting/portal/pri/meeting/getMeetingById.action',4548,'刘鸥',170,'13908518578',NULL,'10.196.2.139','returnType = portal_viewmeeting , menu_id = 3294 , menu_name = 首页 , meeting.id = 170 , ',3294,NULL),
  ('0000000036b153880136ba02fb5a0013','2012-04-16 15:16:59','/meeting/portal/pri/agenda/agendaList.action',4548,'刘鸥',170,'13908518578',NULL,'10.196.2.139','meetingId = 170 , menu_id = 3295 , menu_name = 会议议程 , ',3295,NULL),
  ('0000000036b153880136ba02fe720014','2012-04-16 15:17:00','/meeting/portal/pri/meeting/getMeetingFilesPager.action',4548,'刘鸥',170,'13908518578',NULL,'10.196.2.139','meetingId = 170 , menu_id = 3296 , menu_name = 会议资料 , from = portal , ',3296,NULL),
  ('0000000036b153880136ba0301d10015','2012-04-16 15:17:01','/meeting/portal/pri/interaction/postList.action',4548,'刘鸥',170,'13908518578',NULL,'10.196.2.139','meetingId = 170 , menu_id = 3297 , menu_name = 互动交流 , ',3297,NULL),
  ('0000000036b153880136ba0305120016','2012-04-16 15:17:01','/meeting/portal/pri/news/show.action',4548,'刘鸥',170,'13908518578',NULL,'10.196.2.139','meetingId = 170 , menu_id = 3308 , menu_name = 新闻中心 , ',3308,NULL),
  ('0000000036b153880136ba0307a00017','2012-04-16 15:17:02','/meeting/portal/pri/meeting/getMeetingById.action',4548,'刘鸥',170,'13908518578',NULL,'10.196.2.139','returnType = portal_map , menu_id = 3300 , menu_name = 会场位置 , meeting.id = 170 , ',3300,NULL),
  ('0000000036b153880136ba030e710018','2012-04-16 15:17:04','/meeting/portal/pri/meeting/getMeetingUsers.action',4548,'刘鸥',170,'13908518578',NULL,'10.196.2.139','menu_id = 3301 , menu_name = 通讯录 , meeting.id = 170 , ',3301,NULL),
  ('0000000036b153880136ba031f2c0019','2012-04-16 15:17:08','/meeting/portal/pri/message/list.action',4548,'刘鸥',170,'13908518578',NULL,'10.196.2.139','meetingId = 170 , menu_id = 3302 , menu_name = 站内私信 , ',3302,NULL),
  ('0000000036b153880136ba033262001a','2012-04-16 15:17:13','/meeting/portal/pri/meeting/getMeetingUsers.action',4548,'刘鸥',170,'13908518578',NULL,'10.196.2.139','menu_id = 3301 , menu_name = 通讯录 , meeting.id = 170 , ',3301,NULL),
  ('0000000036b153880136ba034c90001b','2012-04-16 15:17:20','/meeting/portal/pri/meeting/getMeetingById.action',4548,'刘鸥',170,'13908518578',NULL,'10.196.2.139','returnType = portal_viewmeeting , menu_id = 3294 , menu_name = 首页 , meeting.id = 170 , ',3294,NULL),
  ('0000000036b153880136ba0352f9001c','2012-04-16 15:17:21','/meeting/portal/pri/agenda/agendaList.action',4548,'刘鸥',170,'13908518578',NULL,'10.196.2.139','meetingId = 170 , menu_id = 3295 , menu_name = 会议议程 , ',3295,NULL),
  ('0000000036b153880136ba0355c6001d','2012-04-16 15:17:22','/meeting/portal/pri/meeting/getMeetingFilesPager.action',4548,'刘鸥',170,'13908518578',NULL,'10.196.2.139','meetingId = 170 , menu_id = 3296 , menu_name = 会议资料 , from = portal , ',3296,NULL),
  ('0000000036b153880136ba035878001e','2012-04-16 15:17:23','/meeting/portal/pri/interaction/postList.action',4548,'刘鸥',170,'13908518578',NULL,'10.196.2.139','meetingId = 170 , menu_id = 3297 , menu_name = 互动交流 , ',3297,NULL),
  ('0000000036b153880136ba035c91001f','2012-04-16 15:17:24','/meeting/portal/pri/news/show.action',4548,'刘鸥',170,'13908518578',NULL,'10.196.2.139','meetingId = 170 , menu_id = 3308 , menu_name = 新闻中心 , ',3308,NULL),
  ('0000000036b153880136ba0360290020','2012-04-16 15:17:25','/meeting/portal/pri/meeting/getMeetingById.action',4548,'刘鸥',170,'13908518578',NULL,'10.196.2.139','returnType = portal_map , menu_id = 3300 , menu_name = 会场位置 , meeting.id = 170 , ',3300,NULL),
  ('0000000036b153880136ba036d240021','2012-04-16 15:17:28','/meeting/portal/pri/meeting/getMeetingById.action',4548,'刘鸥',170,'13908518578',NULL,'10.196.2.139','returnType = portal_viewmeeting , menu_id = 3294 , menu_name = 首页 , meeting.id = 170 , ',3294,NULL),
  ('0000000036b153880136ba078f7f0022','2012-04-16 15:21:59','/meeting/portal/pri/meeting/getMeetingById.action',4452,'陈旭毅',170,'13985005350',NULL,'183.243.230.218','returnType = portal_viewmeeting , menu_id = 3294 , menu_name = 首页 , meeting.id = 170 , ',3294,NULL),
  ('0000000036b153880136ba07ec8d0023','2012-04-16 15:22:23','/meeting/portal/pri/meeting/getMeetingFilesPager.action',4452,'陈旭毅',170,'13985005350',NULL,'183.243.230.218','meetingId = 170 , menu_id = 3296 , menu_name = 会议资料 , from = portal , ',3296,NULL),
  ('0000000036b153880136ba07ffd90024','2012-04-16 15:22:28','/meeting/portal/pri/interaction/postList.action',4452,'陈旭毅',170,'13985005350',NULL,'183.243.230.218','meetingId = 170 , menu_id = 3297 , menu_name = 互动交流 , ',3297,NULL),
  ('0000000036b153880136ba080c9b0025','2012-04-16 15:22:31','/meeting/portal/pri/agenda/agendaList.action',4452,'陈旭毅',170,'13985005350',NULL,'183.243.230.218','meetingId = 170 , menu_id = 3295 , menu_name = 会议议程 , ',3295,NULL),
  ('0000000036b153880136ba0813640026','2012-04-16 15:22:33','/meeting/portal/pri/news/show.action',4452,'陈旭毅',170,'13985005350',NULL,'183.243.230.218','meetingId = 170 , menu_id = 3308 , menu_name = 新闻中心 , ',3308,NULL),
  ('0000000036b153880136ba08211e0027','2012-04-16 15:22:36','/meeting/portal/pri/meeting/getMeetingFilesPager.action',4452,'陈旭毅',170,'13985005350',NULL,'183.243.230.218','meetingId = 170 , menu_id = 3296 , menu_name = 会议资料 , from = portal , ',3296,NULL),
  ('0000000036b153880136ba0827270028','2012-04-16 15:22:38','/meeting/portal/pri/agenda/agendaList.action',4452,'陈旭毅',170,'13985005350',NULL,'183.243.230.218','meetingId = 170 , menu_id = 3295 , menu_name = 会议议程 , ',3295,NULL),
  ('0000000036b153880136ba084a070029','2012-04-16 15:22:47','/meeting/portal/pri/meeting/getMeetingById.action',4452,'陈旭毅',170,'13985005350',NULL,'183.243.230.218','returnType = portal_viewmeeting , menu_id = 3294 , menu_name = 首页 , meeting.id = 170 , ',3294,NULL),
  ('0000000036b153880136ba0859f6002a','2012-04-16 15:22:51','/meeting/portal/pri/meeting/getMeetingById.action',4452,'陈旭毅',170,'13985005350',NULL,'183.243.230.218','returnType = portal_map , menu_id = 3300 , menu_name = 会场位置 , meeting.id = 170 , ',3300,NULL),
  ('0000000036b153880136ba087dc5002b','2012-04-16 15:23:00','/meeting/portal/pri/meeting/getMeetingUsers.action',4452,'陈旭毅',170,'13985005350',NULL,'183.243.230.218','menu_id = 3301 , menu_name = 通讯录 , meeting.id = 170 , ',3301,NULL),
  ('0000000036b153880136ba08acda002c','2012-04-16 15:23:12','/meeting/portal/pri/meeting/getMeetingById.action',4452,'陈旭毅',170,'13985005350',NULL,'183.243.230.218','returnType = portal_viewmeeting , menu_id = 3294 , menu_name = 首页 , meeting.id = 170 , ',3294,NULL),
  ('0000000036b153880136ba2450be002d','2012-04-16 15:53:23','/meeting/portal/pri/meeting/getMeetingById.action',4460,'张国敬',166,'13865960090',NULL,'218.201.251.73','returnType = portal_viewmeeting , menu_id = 3062 , menu_name = 首页 , meeting.id = 166 , ',3062,NULL),
  ('0000000036b153880136ba2707f1002e','2012-04-16 15:56:21','/meeting/portal/pri/agenda/agendaList.action',4460,'张国敬',166,'13865960090',NULL,'218.201.251.73','meetingId = 166 , menu_id = 3063 , menu_name = 会议议程 , ',3063,NULL),
  ('0000000036ba42240136ba6ba9a70001','2012-04-16 17:11:19','/meeting/wap/pri/meeting/getMeetingById.action',4553,'袁云涛',170,'13985105717',NULL,'218.201.194.81','returnType = wap , menu_id = 3283 , menu_name = 首页 , meeting.id = 170 , ',3283,NULL),
  ('0000000036ba42240136ba6c1ed90002','2012-04-16 17:11:49','/meeting/wap/pri/meeting/getMeetingById.action',4553,'袁云涛',170,'13985105717',NULL,'218.201.194.81','returnType = wap , menu_id = 3283 , menu_name = 首页 , meeting.id = 170 , ',3283,NULL),
  ('0000000036ba42240136ba6e7e2c0003','2012-04-16 17:14:25','/meeting/wap/pri/meeting/getMeetingById.action',4549,'周澍',170,'13984086789',NULL,'218.201.194.76','returnType = wap , menu_id = 3283 , menu_name = 首页 , meeting.id = 170 , ',3283,NULL),
  ('0000000036ba42240136bab7e0140004','2012-04-16 18:34:34','/meeting/client/pri/meeting/analyticsLog.action',4460,'张国敬',166,'13865960090',NULL,'117.136.17.56','meetingId = 166 , imei = e3b11575-b549-4b9d-97d7-fa94a37154ab , menu_id = 3128 , ',3128,NULL),
  ('0000000036ba42240136babce7130005','2012-04-16 18:40:03','/meeting/client/pri/meeting/analyticsLog.action',4460,'张国敬',166,'13865960090',NULL,'117.136.17.56','meetingId = 166 , imei = 022a6f54-5bcc-48f0-b40f-31947c6fc449 , menu_id = 3129 , ',3129,NULL),
  ('0000000036ba42240136babd64f00006','2012-04-16 18:40:36','/meeting/client/pri/meeting/analyticsLog.action',4460,'张国敬',166,'13865960090',NULL,'117.136.17.56','meetingId = 166 , imei = 022a6f54-5bcc-48f0-b40f-31947c6fc449 , menu_id = 3128 , ',3128,NULL),
  ('0000000036ba42240136bedb9c350007','2012-04-17 13:52:05','/meeting/wap/pri/meeting/getMeetingById.action',4460,'张国敬',166,'13865960090',NULL,'218.201.251.76','returnType = wap , menu_id = 3051 , menu_name = 首页 , meeting.id = 166 , ',3051,NULL),
  ('0000000036ba42240136bedee8e20008','2012-04-17 13:55:41','/meeting/client/pri/meeting/analyticsLog.action',4460,'张国敬',166,'13865960090',NULL,'117.136.17.55','meetingId = 166 , imei = 6e7fabbe-d800-4d8a-83ad-9a45d95a9ec8 , menu_id = 3129 , ',3129,NULL),
  ('0000000036ba42240136bedf0a290009','2012-04-17 13:55:49','/meeting/client/pri/meeting/analyticsLog.action',4460,'张国敬',166,'13865960090',NULL,'117.136.17.55','meetingId = 166 , imei = 6e7fabbe-d800-4d8a-83ad-9a45d95a9ec8 , menu_id = 3128 , ',3128,NULL),
  ('0000000036ba42240136bee0dec1000a','2012-04-17 13:57:49','/meeting/client/pri/meeting/analyticsLog.action',4460,'张国敬',166,'13865960090',NULL,'117.136.17.55','meetingId = 166 , imei = 6e7fabbe-d800-4d8a-83ad-9a45d95a9ec8 , menu_id = 3129 , ',3129,NULL),
  ('0000000036ba42240136bf198262000b','2012-04-17 14:59:41','/meeting/portal/pri/meeting/getMeetingById.action',4548,'刘鸥',170,'13908518578',NULL,'10.196.2.139','returnType = portal_viewmeeting , menu_id = 3294 , menu_name = 首页 , meeting.id = 170 , ',3294,NULL),
  ('0000000036ba42240136bf2b6dcf000c','2012-04-17 15:19:16','/meeting/portal/pri/agenda/agendaList.action',4548,'刘鸥',170,'13908518578',NULL,'10.196.2.139','meetingId = 170 , menu_id = 3295 , menu_name = 会议议程 , ',3295,NULL),
  ('0000000036ba42240136bf2b728f000d','2012-04-17 15:19:17','/meeting/portal/pri/meeting/getMeetingById.action',4548,'刘鸥',170,'13908518578',NULL,'10.196.2.139','returnType = portal_viewmeeting , menu_id = 3294 , menu_name = 首页 , meeting.id = 170 , ',3294,NULL),
  ('0000000036ba42240136bf2d3d34000e','2012-04-17 15:21:14','/meeting/portal/pri/meeting/getMeetingFilesPager.action',4548,'刘鸥',170,'13908518578',NULL,'10.196.2.139','meetingId = 170 , menu_id = 3296 , menu_name = 会议资料 , from = portal , ',3296,NULL),
  ('0000000036ba42240136bf2fc44d000f','2012-04-17 15:24:00','/meeting/wap/pri/meeting/getMeetingById.action',4554,'胡钢',170,'13908535808',NULL,'183.213.18.87','returnType = wap , menu_id = 3283 , menu_name = 首页 , meeting.id = 170 , ',3283,NULL),
  ('0000000036ba42240136bf366e5c0010','2012-04-17 15:31:17','/meeting/client/pri/meeting/analyticsLog.action',4554,'胡钢',170,'13908535808',NULL,'117.136.17.22','meetingId = 170 , imei = 01ad2393-023b-490a-b901-37241b196cef , menu_id = 3317 , ',3317,NULL),
  ('0000000036ba42240136bf36b2910011','2012-04-17 15:31:34','/meeting/client/pri/meeting/analyticsLog.action',4554,'胡钢',170,'13908535808',NULL,'117.136.17.22','meetingId = 170 , imei = 01ad2393-023b-490a-b901-37241b196cef , menu_id = 3318 , ',3318,NULL),
  ('0000000036ba42240136bf370db20012','2012-04-17 15:31:58','/meeting/client/pri/meeting/analyticsLog.action',4554,'胡钢',170,'13908535808',NULL,'117.136.17.22','meetingId = 170 , imei = 01ad2393-023b-490a-b901-37241b196cef , menu_id = 3319 , ',3319,NULL),
  ('0000000036ba42240136bf37289d0013','2012-04-17 15:32:04','/meeting/client/pri/meeting/analyticsLog.action',4554,'胡钢',170,'13908535808',NULL,'117.136.17.22','meetingId = 170 , imei = 01ad2393-023b-490a-b901-37241b196cef , menu_id = 3320 , ',3320,NULL),
  ('0000000036ba42240136bf3758bd0014','2012-04-17 15:32:17','/meeting/client/pri/meeting/analyticsLog.action',4554,'胡钢',170,'13908535808',NULL,'117.136.17.22','meetingId = 170 , imei = 01ad2393-023b-490a-b901-37241b196cef , menu_id = 3321 , ',3321,NULL),
  ('0000000036ba42240136bf37a6290015','2012-04-17 15:32:37','/meeting/client/pri/meeting/analyticsLog.action',4554,'胡钢',170,'13908535808',NULL,'117.136.17.22','meetingId = 170 , imei = 01ad2393-023b-490a-b901-37241b196cef , menu_id = 3322 , ',3322,NULL),
  ('0000000036ba42240136bf37b8350016','2012-04-17 15:32:41','/meeting/client/pri/meeting/analyticsLog.action',4554,'胡钢',170,'13908535808',NULL,'117.136.17.22','meetingId = 170 , imei = 01ad2393-023b-490a-b901-37241b196cef , menu_id = 3323 , ',3323,NULL),
  ('0000000036ba42240136bf380d210017','2012-04-17 15:33:03','/meeting/client/pri/meeting/analyticsLog.action',4554,'胡钢',170,'13908535808',NULL,'117.136.17.22','meetingId = 170 , imei = 01ad2393-023b-490a-b901-37241b196cef , menu_id = 3325 , ',3325,NULL),
  ('0000000036ba42240136bf38251d0018','2012-04-17 15:33:09','/meeting/client/pri/meeting/analyticsLog.action',4554,'胡钢',170,'13908535808',NULL,'117.136.17.22','meetingId = 170 , imei = 01ad2393-023b-490a-b901-37241b196cef , menu_id = 3326 , ',3326,NULL),
  ('0000000036ba42240136bf3862c30019','2012-04-17 15:33:25','/meeting/client/pri/meeting/analyticsLog.action',4554,'胡钢',170,'13908535808',NULL,'117.136.17.22','meetingId = 170 , imei = 01ad2393-023b-490a-b901-37241b196cef , menu_id = 3328 , ',3328,NULL),
  ('0000000036ba42240136bf387dde001a','2012-04-17 15:33:32','/meeting/client/pri/meeting/analyticsLog.action',4554,'胡钢',170,'13908535808',NULL,'117.136.17.22','meetingId = 170 , imei = 01ad2393-023b-490a-b901-37241b196cef , menu_id = 3329 , ',3329,NULL),
  ('0000000036ba42240136bf38d446001b','2012-04-17 15:33:54','/meeting/client/pri/meeting/analyticsLog.action',4554,'胡钢',170,'13908535808',NULL,'117.136.17.22','meetingId = 170 , imei = 01ad2393-023b-490a-b901-37241b196cef , menu_id = 3331 , ',3331,NULL),
  ('0000000036ba42240136bf38fe26001c','2012-04-17 15:34:05','/meeting/client/pri/meeting/analyticsLog.action',4554,'胡钢',170,'13908535808',NULL,'117.136.17.22','meetingId = 170 , imei = 01ad2393-023b-490a-b901-37241b196cef , menu_id = 3319 , ',3319,NULL),
  ('0000000036bf68930136bf6c32c20001','2012-04-17 16:30:00','/meeting/client/pri/meeting/analyticsLog.action',4460,'张国敬',166,'13865960090',NULL,'117.136.17.55','meetingId = 166 , imei = d0d40985-22c8-4eeb-a5ad-6372dd64ab12 , menu_id = 3128 , ',3128,NULL),
  ('0000000036bf68930136bf6c84810002','2012-04-17 16:30:21','/meeting/client/pri/meeting/analyticsLog.action',4460,'张国敬',166,'13865960090',NULL,'117.136.17.55','meetingId = 166 , imei = d0d40985-22c8-4eeb-a5ad-6372dd64ab12 , menu_id = 3128 , ',3128,NULL),
  ('0000000036bf68930136bf8780940003','2012-04-17 16:59:50','/meeting/client/pri/meeting/analyticsLog.action',4460,'张国敬',166,'13865960090',NULL,'117.136.17.55','meetingId = 166 , imei = f0261683-ef91-422b-b299-f5d2c46d6d67 , menu_id = 3128 , ',3128,NULL),
  ('0000000036bf68930136bfaa61a30004','2012-04-17 17:37:56','/meeting/portal/pri/meeting/getMeetingById.action',4554,'胡钢',170,'13908535808',NULL,'218.201.251.78','returnType = portal_viewmeeting , menu_id = 3294 , menu_name = 首页 , meeting.id = 170 , ',3294,NULL),
  ('0000000036bf68930136bfaa77cc0005','2012-04-17 17:38:01','/meeting/portal/pri/agenda/agendaList.action',4554,'胡钢',170,'13908535808',NULL,'218.201.251.78','meetingId = 170 , menu_id = 3295 , menu_name = 会议议程 , ',3295,NULL),
  ('0000000036bf68930136bfaa8b710006','2012-04-17 17:38:06','/meeting/portal/pri/meeting/getMeetingFilesPager.action',4554,'胡钢',170,'13908535808',NULL,'218.201.251.78','meetingId = 170 , menu_id = 3296 , menu_name = 会议资料 , from = portal , ',3296,NULL),
  ('0000000036bf68930136bfaaa13f0007','2012-04-17 17:38:12','/meeting/portal/pri/interaction/postList.action',4554,'胡钢',170,'13908535808',NULL,'218.201.251.78','meetingId = 170 , menu_id = 3297 , menu_name = 互动交流 , ',3297,NULL),
  ('0000000036bf68930136bfaaa7560008','2012-04-17 17:38:13','/meeting/portal/pri/news/show.action',4554,'胡钢',170,'13908535808',NULL,'218.201.251.78','meetingId = 170 , menu_id = 3308 , menu_name = 新闻中心 , ',3308,NULL),
  ('0000000036bf68930136bfaaacfb0009','2012-04-17 17:38:15','/meeting/portal/pri/meeting/getMeetingById.action',4554,'胡钢',170,'13908535808',NULL,'218.201.251.78','returnType = portal_map , menu_id = 3300 , menu_name = 会场位置 , meeting.id = 170 , ',3300,NULL),
  ('0000000036bf68930136bfaac6df000a','2012-04-17 17:38:22','/meeting/portal/pri/interaction/postList.action',4554,'胡钢',170,'13908535808',NULL,'218.201.251.78','meetingId = 170 , menu_id = 3297 , menu_name = 互动交流 , ',3297,NULL),
  ('0000000036bf68930136bfaace95000b','2012-04-17 17:38:24','/meeting/portal/pri/meeting/getMeetingFilesPager.action',4554,'胡钢',170,'13908535808',NULL,'218.201.251.78','meetingId = 170 , menu_id = 3296 , menu_name = 会议资料 , from = portal , ',3296,NULL),
  ('0000000036bf68930136bfaad6cb000c','2012-04-17 17:38:26','/meeting/portal/pri/agenda/agendaList.action',4554,'胡钢',170,'13908535808',NULL,'218.201.251.78','meetingId = 170 , menu_id = 3295 , menu_name = 会议议程 , ',3295,NULL),
  ('0000000036bf68930136bfaae040000d','2012-04-17 17:38:28','/meeting/portal/pri/meeting/getMeetingById.action',4554,'胡钢',170,'13908535808',NULL,'218.201.251.78','returnType = portal_viewmeeting , menu_id = 3294 , menu_name = 首页 , meeting.id = 170 , ',3294,NULL),
  ('0000000036bf68930136bfaaf79c000e','2012-04-17 17:38:34','/meeting/portal/pri/agenda/agendaList.action',4554,'胡钢',170,'13908535808',NULL,'218.201.251.78','meetingId = 170 , menu_id = 3295 , menu_name = 会议议程 , ',3295,NULL),
  ('0000000036bf68930136bfaaff55000f','2012-04-17 17:38:36','/meeting/portal/pri/meeting/getMeetingFilesPager.action',4554,'胡钢',170,'13908535808',NULL,'218.201.251.78','meetingId = 170 , menu_id = 3296 , menu_name = 会议资料 , from = portal , ',3296,NULL),
  ('0000000036bf68930136bfab05da0010','2012-04-17 17:38:38','/meeting/portal/pri/interaction/postList.action',4554,'胡钢',170,'13908535808',NULL,'218.201.251.78','meetingId = 170 , menu_id = 3297 , menu_name = 互动交流 , ',3297,NULL),
  ('0000000036bf68930136bfab0b610011','2012-04-17 17:38:39','/meeting/portal/pri/news/show.action',4554,'胡钢',170,'13908535808',NULL,'218.201.251.78','meetingId = 170 , menu_id = 3308 , menu_name = 新闻中心 , ',3308,NULL),
  ('0000000036bf68930136bfab0f5b0012','2012-04-17 17:38:40','/meeting/portal/pri/meeting/getMeetingById.action',4554,'胡钢',170,'13908535808',NULL,'218.201.251.78','returnType = portal_map , menu_id = 3300 , menu_name = 会场位置 , meeting.id = 170 , ',3300,NULL),
  ('0000000036bf68930136bfb082670013','2012-04-17 17:44:37','/meeting/portal/pri/meeting/getMeetingById.action',4449,'jin',164,'15375296623',NULL,'10.196.142.130','returnType = portal_viewmeeting , menu_id = 2991 , menu_name = 首页 , meeting.id = 164 , ',2991,NULL),
  ('0000000036bf68930136bfbeb8750014','2012-04-17 18:00:09','/meeting/client/pri/meeting/analyticsLog.action',4458,'郭旭',166,'15256560237',NULL,'117.136.20.93','meetingId = 166 , imei = 8835c832-8bc5-4547-9061-3d987a5a9655 , menu_id = 3128 , ',3128,NULL),
  ('0000000036bf68930136bfc5604a0015','2012-04-17 18:07:25','/meeting/client/pri/meeting/analyticsLog.action',4458,'guo',166,'15256560237',NULL,'117.136.20.93','meetingId = 166 , imei = 8835c832-8bc5-4547-9061-3d987a5a9655 , menu_id = 3132 , ',3132,NULL),
  ('0000000036bf68930136bfc6a0220016','2012-04-17 18:08:47','/meeting/client/pri/meeting/analyticsLog.action',4458,'guo',170,'15256560237',NULL,'117.136.20.93','meetingId = 170 , imei = 8835c832-8bc5-4547-9061-3d987a5a9655 , menu_id = 3328 , ',3328,NULL),
  ('0000000036bf68930136bfc6c6f80017','2012-04-17 18:08:57','/meeting/client/pri/meeting/analyticsLog.action',4458,'guo',170,'15256560237',NULL,'117.136.20.93','meetingId = 170 , imei = 8835c832-8bc5-4547-9061-3d987a5a9655 , menu_id = 3324 , ',3324,NULL),
  ('0000000036bf68930136bfc7b2200018','2012-04-17 18:09:57','/meeting/client/pri/meeting/analyticsLog.action',4458,'guo',170,'15256560237',NULL,'117.136.20.93','meetingId = 170 , imei = 8835c832-8bc5-4547-9061-3d987a5a9655 , menu_id = 3324 , ',3324,NULL),
  ('0000000036bf68930136bfc7cbfc0019','2012-04-17 18:10:03','/meeting/client/pri/meeting/analyticsLog.action',4458,'guo',170,'15256560237',NULL,'117.136.20.93','meetingId = 170 , imei = 8835c832-8bc5-4547-9061-3d987a5a9655 , menu_id = 3328 , ',3328,NULL),
  ('0000000036bf68930136bfc8265f001a','2012-04-17 18:10:27','/meeting/client/pri/meeting/analyticsLog.action',4458,'guo',170,'15256560237',NULL,'117.136.20.93','meetingId = 170 , imei = 8835c832-8bc5-4547-9061-3d987a5a9655 , menu_id = 3324 , ',3324,NULL),
  ('0000000036bf68930136bfc97163001b','2012-04-17 18:11:51','/meeting/client/pri/meeting/analyticsLog.action',4458,'guo',170,'15256560237',NULL,'117.136.20.93','meetingId = 170 , imei = 8835c832-8bc5-4547-9061-3d987a5a9655 , menu_id = 3324 , ',3324,NULL),
  ('0000000036bf68930136bfcb8aab001c','2012-04-17 18:14:09','/meeting/client/pri/meeting/analyticsLog.action',4458,'guo',170,'15256560237',NULL,'117.136.20.93','meetingId = 170 , imei = 8835c832-8bc5-4547-9061-3d987a5a9655 , menu_id = 3328 , ',3328,NULL),
  ('0000000036bf68930136bfcbc054001d','2012-04-17 18:14:23','/meeting/client/pri/meeting/analyticsLog.action',4458,'guo',170,'15256560237',NULL,'117.136.20.93','meetingId = 170 , imei = 8835c832-8bc5-4547-9061-3d987a5a9655 , menu_id = 3324 , ',3324,NULL),
  ('0000000036bf68930136bfd786bb001e','2012-04-17 18:27:14','/meeting/client/pri/meeting/analyticsLog.action',4460,'zhangguojing',170,'13865960090',NULL,'117.136.17.55','meetingId = 170 , imei = dd4b8eac-9973-45c9-99f4-7a191aa06338 , menu_id = 3328 , ',3328,NULL),
  ('0000000036bf68930136bfd7c4af001f','2012-04-17 18:27:30','/meeting/client/pri/meeting/analyticsLog.action',4460,'zhangguojing',170,'13865960090',NULL,'117.136.17.55','meetingId = 170 , imei = dd4b8eac-9973-45c9-99f4-7a191aa06338 , menu_id = 3324 , ',3324,NULL),
  ('0000000036bf68930136c33b3a930020','2012-04-18 10:15:00','/meeting/portal/pri/meeting/getMeetingById.action',4460,'zhangguojing',166,'13865960090',NULL,'218.201.251.77','returnType = portal_viewmeeting , menu_id = 3062 , menu_name = 首页 , meeting.id = 166 , ',3062,NULL),
  ('0000000036c389670136c38ed8580001','2012-04-18 11:46:20','/meeting/client/pri/meeting/analyticsLog.action',4458,'guo',166,'15256560237',NULL,'117.136.20.72','meetingId = 166 , imei = 0c9bc215-1f5a-4cc7-afdd-93baa2f3ee49 , menu_id = 3121 , ',3121,NULL),
  ('0000000036c389670136c38ef77a0002','2012-04-18 11:46:28','/meeting/client/pri/meeting/analyticsLog.action',4458,'guo',166,'15256560237',NULL,'117.136.20.72','meetingId = 166 , imei = 0c9bc215-1f5a-4cc7-afdd-93baa2f3ee49 , menu_id = 3122 , ',3122,NULL),
  ('0000000036c393100136c39381d10001','2012-04-18 11:51:25','/meeting/client/pri/meeting/analyticsLog.action',4458,'guo',170,'15256560237',NULL,'117.136.20.72','meetingId = 170 , imei = 05d34a5e-20c0-41df-b15a-ed2abf549d56 , menu_id = 3328 , ',3328,NULL),
  ('0000000036c393100136c3b3294b0002','2012-04-18 12:26:00','/meeting/client/pri/meeting/analyticsLog.action',4458,'guo',170,'15256560237',NULL,'117.136.20.72','meetingId = 170 , imei = dd8e0d45-0a47-4075-820f-be306fb7d40a , menu_id = 3331 , ',3331,NULL),
  ('0000000036c393100136c3b34e030003','2012-04-18 12:26:09','/meeting/client/pri/meeting/analyticsLog.action',4458,'guo',170,'15256560237',NULL,'117.136.20.72','meetingId = 170 , imei = dd8e0d45-0a47-4075-820f-be306fb7d40a , menu_id = 3323 , ',3323,NULL),
  ('0000000036c393100136c3b4428c0004','2012-04-18 12:27:12','/meeting/client/pri/meeting/analyticsLog.action',4458,'guo',170,'15256560237',NULL,'117.136.20.72','meetingId = 170 , imei = dd8e0d45-0a47-4075-820f-be306fb7d40a , menu_id = 3325 , ',3325,NULL),
  ('0000000036c393100136c3b4fdd00005','2012-04-18 12:28:00','/meeting/client/pri/meeting/analyticsLog.action',4458,'guo',166,'15256560237',NULL,'117.136.20.72','meetingId = 166 , imei = 0455899b-1340-41f3-b63d-ddbb481ee6c3 , menu_id = 3121 , ',3121,NULL),
  ('0000000036c393100136c3b512d40006','2012-04-18 12:28:05','/meeting/client/pri/meeting/analyticsLog.action',4458,'guo',166,'15256560237',NULL,'117.136.20.72','meetingId = 166 , imei = 0455899b-1340-41f3-b63d-ddbb481ee6c3 , menu_id = 3122 , ',3122,NULL),
  ('0000000036c3b92b0136c3ba03130001','2012-04-18 12:33:29','/meeting/client/pri/meeting/analyticsLog.action',4458,'guo',166,'15256560237',NULL,'117.136.20.72','meetingId = 166 , imei = 0455899b-1340-41f3-b63d-ddbb481ee6c3 , menu_id = 3132 , ',3132,NULL),
  ('0000000036c3b92b0136c3bb2cde0002','2012-04-18 12:34:45','/meeting/client/pri/meeting/analyticsLog.action',4458,'guo',164,'15256560237',NULL,'117.136.20.72','meetingId = 164 , imei = 0455899b-1340-41f3-b63d-ddbb481ee6c3 , menu_id = 3178 , ',3178,NULL),
  ('0000000036c3b92b0136c3bee0190003','2012-04-18 12:38:48','/meeting/client/pri/meeting/analyticsLog.action',4458,'guo',164,'15256560237',NULL,'117.136.20.72','meetingId = 164 , imei = 0455899b-1340-41f3-b63d-ddbb481ee6c3 , menu_id = 3179 , ',3179,NULL),
  ('0000000036c3b92b0136c3bf02c00004','2012-04-18 12:38:56','/meeting/client/pri/meeting/analyticsLog.action',4458,'guo',164,'15256560237',NULL,'117.136.20.72','meetingId = 164 , imei = 0455899b-1340-41f3-b63d-ddbb481ee6c3 , menu_id = 3180 , ',3180,NULL),
  ('0000000036c3b92b0136c3bf2e580005','2012-04-18 12:39:08','/meeting/client/pri/meeting/analyticsLog.action',4458,'guo',166,'15256560237',NULL,'117.136.20.72','meetingId = 166 , imei = 0455899b-1340-41f3-b63d-ddbb481ee6c3 , menu_id = 3135 , ',3135,NULL),
  ('0000000036c3b92b0136c3bf5c6f0006','2012-04-18 12:39:19','/meeting/client/pri/meeting/analyticsLog.action',4458,'guo',166,'15256560237',NULL,'117.136.20.72','meetingId = 166 , imei = 0455899b-1340-41f3-b63d-ddbb481ee6c3 , menu_id = 3122 , ',3122,NULL),
  ('0000000036c3b92b0136c3da5afc0007','2012-04-18 13:08:49','/meeting/portal/pri/meeting/getMeetingById.action',4460,'zhangguojing',166,'13865960090',NULL,'218.201.251.77','returnType = portal_viewmeeting , menu_id = 3062 , menu_name = 首页 , meeting.id = 166 , ',3062,NULL),
  ('0000000036c3b92b0136c3da8fc10008','2012-04-18 13:09:02','/meeting/portal/pri/news/detail.action',4460,'zhangguojing',166,'13865960090',NULL,'218.201.251.77','meetingId = 166 , menu_id = 3062 , menu_name = 首页 , id = 29 , ',3062,NULL),
  ('0000000036c3b92b0136c3da9cd30009','2012-04-18 13:09:05','/meeting/portal/pri/meeting/getMeetingUsers.action',4460,'zhangguojing',166,'13865960090',NULL,'218.201.251.77','menu_id = 3069 , menu_name = 通讯录 , meeting.id = 166 , ',3069,NULL),
  ('0000000036c3b92b0136c3dabb3e000a','2012-04-18 13:09:13','/meeting/portal/pri/export/exportUserBook.action',4460,'zhangguojing',166,'13865960090',NULL,'218.201.251.77','mobile =  , meetingId = 166 , totalPage = 3 , currentPage = 1 , menu_id = 3069 , username =  , meeting.id = 166 , ',3069,NULL),
  ('0000000036c3b92b0136c3db244c000b','2012-04-18 13:09:40','/meeting/portal/pri/agenda/agendaList.action',4460,'zhangguojing',166,'13865960090',NULL,'218.201.251.77','meetingId = 166 , menu_id = 3063 , menu_name = 会议议程 , ',3063,NULL),
  ('0000000036c3b92b0136c3db3943000c','2012-04-18 13:09:45','/meeting/portal/pri/meeting/getMeetingById.action',4460,'zhangguojing',166,'13865960090',NULL,'218.201.251.77','returnType = portal_viewmeeting , menu_id = 3062 , menu_name = 首页 , meeting.id = 166 , ',3062,NULL),
  ('0000000036c3b92b0136c3db5763000d','2012-04-18 13:09:53','/meeting/portal/pri/agenda/agendaList.action',4460,'zhangguojing',166,'13865960090',NULL,'218.201.251.77','meetingId = 166 , menu_id = 3063 , menu_name = 会议议程 , ',3063,NULL),
  ('0000000036c3b92b0136c3db59ba000e','2012-04-18 13:09:54','/meeting/portal/pri/agenda/agendaList.action',4460,'zhangguojing',166,'13865960090',NULL,'218.201.251.77','meetingId = 166 , menu_id = 3063 , menu_name = 会议议程 , ',3063,NULL),
  ('0000000036c3b92b0136c3db5ef4000f','2012-04-18 13:09:55','/meeting/portal/pri/meeting/getMeetingFilesPager.action',4460,'zhangguojing',166,'13865960090',NULL,'218.201.251.77','meetingId = 166 , menu_id = 3064 , menu_name = 会议资料 , from = portal , ',3064,NULL),
  ('0000000036c3b92b0136c3db79e20010','2012-04-18 13:10:02','/meeting/portal/pri/interaction/postList.action',4460,'zhangguojing',166,'13865960090',NULL,'218.201.251.77','meetingId = 166 , menu_id = 3065 , menu_name = 互动交流 , ',3065,NULL),
  ('0000000036c3b92b0136c3db81c50011','2012-04-18 13:10:04','/meeting/portal/pri/news/show.action',4460,'zhangguojing',166,'13865960090',NULL,'218.201.251.77','meetingId = 166 , menu_id = 3076 , menu_name = 新闻中心 , ',3076,NULL),
  ('0000000036c3b92b0136c3db8c660012','2012-04-18 13:10:07','/meeting/portal/pri/message/list.action',4460,'zhangguojing',166,'13865960090',NULL,'218.201.251.77','meetingId = 166 , menu_id = 3070 , menu_name = 站内私信 , ',3070,NULL),
  ('0000000036c3b92b0136c3db91840013','2012-04-18 13:10:08','/meeting/portal/pri/hotel/list.action',4460,'zhangguojing',166,'13865960090',NULL,'218.201.251.77','meetingId = 166 , menu_id = 3083 , menu_name = 酒店信息 , ',3083,NULL),
  ('0000000036c3b92b0136c3dba0440014','2012-04-18 13:10:12','/meeting/portal/pri/meeting/vote_findEnableVote.action',4460,'zhangguojing',166,'13865960090',NULL,'218.201.251.77','meetingId = 166 , menu_id = 3072 , menu_name = 投票 , ',3072,NULL),
  ('0000000036c3b92b0136c418e3250015','2012-04-18 14:17:07','/meeting/client/pri/meeting/analyticsLog.action',4460,'zhangguojing',166,'13865960090',NULL,'117.136.17.55','meetingId = 166 , imei = 6516d1ab-96ae-464b-b6d3-9f32853fbeeb , menu_id = 3129 , ',3129,NULL),
  ('0000000036c3b92b0136c419144a0016','2012-04-18 14:17:19','/meeting/client/pri/meeting/analyticsLog.action',4460,'zhangguojing',166,'13865960090',NULL,'117.136.17.55','meetingId = 166 , imei = 6516d1ab-96ae-464b-b6d3-9f32853fbeeb , menu_id = 3129 , ',3129,NULL),
  ('0000000036c3b92b0136c42043fe0017','2012-04-18 14:25:10','/meeting/portal/pri/meeting/getMeetingById.action',4548,'刘鸥',166,'13908518578',NULL,'218.201.251.77','returnType = portal_viewmeeting , menu_id = 3062 , menu_name = 首页 , meeting.id = 166 , ',3062,NULL),
  ('0000000036c3b92b0136c42c6c0b0018','2012-04-18 14:38:27','/meeting/portal/pri/meeting/getMeetingById.action',4548,'刘鸥',172,'13908518578',NULL,'218.201.251.77','returnType = portal_viewmeeting , menu_id = 3465 , menu_name = 首页 , meeting.id = 172 , ',3465,NULL),
  ('0000000036c3b92b0136c42cef470019','2012-04-18 14:39:00','/meeting/portal/pri/meeting/getMeetingById.action',4548,'刘鸥',172,'13908518578',NULL,'218.201.251.77','returnType = portal_viewmeeting , menu_id = 3465 , menu_name = 首页 , meeting.id = 172 , ',3465,NULL),
  ('0000000036c3b92b0136c42df140001a','2012-04-18 14:40:06','/meeting/portal/pri/meeting/getMeetingById.action',4548,'刘鸥',172,'13908518578',NULL,'218.201.251.77','returnType = portal_viewmeeting , menu_id = 3465 , menu_name = 首页 , meeting.id = 172 , ',3465,NULL),
  ('0000000036c3b92b0136c42e705b001b','2012-04-18 14:40:39','/meeting/portal/pri/agenda/agendaList.action',4548,'刘鸥',172,'13908518578',NULL,'218.201.251.77','meetingId = 172 , menu_id = 3466 , menu_name = 会议议程 , ',3466,NULL),
  ('0000000036c3b92b0136c42e7a34001c','2012-04-18 14:40:42','/meeting/portal/pri/meeting/getMeetingFilesPager.action',4548,'刘鸥',172,'13908518578',NULL,'218.201.251.77','meetingId = 172 , menu_id = 3467 , menu_name = 会议资料 , from = portal , ',3467,NULL),
  ('0000000036c3b92b0136c42e7f7e001d','2012-04-18 14:40:43','/meeting/portal/pri/interaction/postList.action',4548,'刘鸥',172,'13908518578',NULL,'218.201.251.77','meetingId = 172 , menu_id = 3468 , menu_name = 互动交流 , ',3468,NULL),
  ('0000000036c3b92b0136c42e8528001e','2012-04-18 14:40:44','/meeting/portal/pri/news/show.action',4548,'刘鸥',172,'13908518578',NULL,'218.201.251.77','meetingId = 172 , menu_id = 3479 , menu_name = 新闻中心 , ',3479,NULL),
  ('0000000036c3b92b0136c42e88fc001f','2012-04-18 14:40:45','/meeting/portal/pri/meeting/getMeetingById.action',4548,'刘鸥',172,'13908518578',NULL,'218.201.251.77','returnType = portal_map , menu_id = 3471 , menu_name = 会场位置 , meeting.id = 172 , ',3471,NULL),
  ('0000000036c3b92b0136c42e91d20020','2012-04-18 14:40:48','/meeting/portal/pri/agenda/agendaList.action',4548,'刘鸥',172,'13908518578',NULL,'218.201.251.77','meetingId = 172 , menu_id = 3466 , menu_name = 会议议程 , ',3466,NULL),
  ('0000000036c3b92b0136c42f842f0021','2012-04-18 14:41:50','/meeting/portal/pri/meeting/getMeetingFilesPager.action',4548,'刘鸥',166,'13908518578',NULL,'218.201.251.77','meetingId = 166 , menu_id = 3064 , menu_name = 会议资料 , from = portal , ',3064,NULL),
  ('0000000036c3b92b0136c43384f00022','2012-04-18 14:46:12','/meeting/portal/pri/meeting/getMeetingById.action',4548,'刘鸥',172,'13908518578',NULL,'218.201.194.103','returnType = portal_viewmeeting , menu_id = 3465 , menu_name = 首页 , meeting.id = 172 , ',3465,NULL),
  ('0000000036c3b92b0136c4342fb90023','2012-04-18 14:46:56','/meeting/portal/pri/meeting/getMeetingById.action',4548,'刘鸥',172,'13908518578',NULL,'218.201.251.77','returnType = portal_viewmeeting , menu_id = 3465 , menu_name = 首页 , meeting.id = 172 , ',3465,NULL),
  ('0000000036c3b92b0136c436f9930024','2012-04-18 14:49:58','/meeting/portal/pri/agenda/agendaList.action',4548,'刘鸥',172,'13908518578',NULL,'218.201.251.77','meetingId = 172 , menu_id = 3466 , menu_name = 会议议程 , ',3466,NULL),
  ('0000000036c3b92b0136c436fe750025','2012-04-18 14:50:00','/meeting/portal/pri/meeting/getMeetingById.action',4548,'刘鸥',172,'13908518578',NULL,'218.201.251.77','returnType = portal_viewmeeting , menu_id = 3465 , menu_name = 首页 , meeting.id = 172 , ',3465,NULL),
  ('0000000036c3b92b0136c4377e1c0026','2012-04-18 14:50:32','/meeting/portal/pri/meeting/getMeetingById.action',4548,'刘鸥',166,'13908518578',NULL,'218.201.194.103','returnType = portal_viewmeeting , menu_id = 3062 , menu_name = 首页 , meeting.id = 166 , ',3062,NULL),
  ('0000000036c3b92b0136c437f9230027','2012-04-18 14:51:04','/meeting/portal/pri/meeting/getMeetingUsers.action',4548,'刘鸥',166,'13908518578',NULL,'218.201.194.103','menu_id = 3069 , menu_name = 通讯录 , meeting.id = 166 , ',3069,NULL),
  ('0000000036c3b92b0136c4380c3d0028','2012-04-18 14:51:09','/meeting/portal/pri/agenda/agendaList.action',4548,'刘鸥',166,'13908518578',NULL,'218.201.194.103','meetingId = 166 , menu_id = 3063 , menu_name = 会议议程 , ',3063,NULL),
  ('0000000036c3b92b0136c43824b20029','2012-04-18 14:51:15','/meeting/portal/pri/meeting/getMeetingFilesPager.action',4548,'刘鸥',166,'13908518578',NULL,'218.201.194.103','meetingId = 166 , menu_id = 3064 , menu_name = 会议资料 , from = portal , ',3064,NULL),
  ('0000000036c3b92b0136c43839fa002a','2012-04-18 14:51:20','/meeting/portal/pri/interaction/postList.action',4548,'刘鸥',166,'13908518578',NULL,'218.201.194.103','meetingId = 166 , menu_id = 3065 , menu_name = 互动交流 , ',3065,NULL),
  ('0000000036c3b92b0136c4384bdc002b','2012-04-18 14:51:25','/meeting/portal/pri/news/show.action',4548,'刘鸥',166,'13908518578',NULL,'218.201.194.103','meetingId = 166 , menu_id = 3076 , menu_name = 新闻中心 , ',3076,NULL),
  ('0000000036c3b92b0136c4386340002c','2012-04-18 14:51:31','/meeting/portal/pri/meeting/getMeetingById.action',4548,'刘鸥',166,'13908518578',NULL,'218.201.194.103','returnType = portal_viewmeeting , menu_id = 3062 , menu_name = 首页 , meeting.id = 166 , ',3062,NULL),
  ('0000000036c3b92b0136c43dd7f7002d','2012-04-18 14:57:29','/meeting/portal/pri/agenda/agendaList.action',4548,'刘鸥',166,'13908518578',NULL,'218.201.194.103','meetingId = 166 , menu_id = 2729 , ',2729,NULL),
  ('0000000036c3b92b0136c43dee04002e','2012-04-18 14:57:34','/meeting/portal/pri/meeting/getMeetingById.action',4548,'刘鸥',166,'13908518578',NULL,'218.201.194.103','returnType = portal_viewmeeting , menu_id = 3062 , menu_name = 首页 , meeting.id = 166 , ',3062,NULL),
  ('0000000036c3b92b0136c4423880002f','2012-04-18 15:02:15','/meeting/portal/pri/interaction/postList.action',4548,'刘鸥',166,'13908518578',NULL,'218.201.194.103','meetingId = 166 , menu_id = 3065 , menu_name = 互动交流 , ',3065,NULL),
  ('0000000036c3b92b0136c44261330030','2012-04-18 15:02:26','/meeting/portal/pri/interaction/postCreate.action',4548,'刘鸥',166,'13908518578',NULL,'218.201.194.103','content = fdfddfd , menu_id = 3065 , doUploadVideo = false , meetingId = 166 , menu_name = 互动交流 , doUploadImage = false , type = portal , ',3065,NULL),
  ('0000000036c3b92b0136c44705ca0031','2012-04-18 15:07:30','/meeting/portal/pri/agenda/agendaList.action',4548,'刘鸥',172,'13908518578',NULL,'218.201.251.77','meetingId = 172 , menu_id = 3466 , menu_name = 会议议程 , ',3466,NULL),
  ('0000000036c3b92b0136c4470a2b0032','2012-04-18 15:07:31','/meeting/portal/pri/meeting/getMeetingById.action',4548,'刘鸥',172,'13908518578',NULL,'218.201.251.77','returnType = portal_viewmeeting , menu_id = 3465 , menu_name = 首页 , meeting.id = 172 , ',3465,NULL),
  ('0000000036c3b92b0136c44b9d6b0033','2012-04-18 15:12:31','/meeting/portal/pri/meeting/getMeetingById.action',4548,'刘鸥',172,'13908518578',NULL,'218.201.251.77','returnType = portal_viewmeeting , menu_id = 3465 , menu_name = 首页 , meeting.id = 172 , ',3465,NULL),
  ('0000000036c3b92b0136c44baaa10034','2012-04-18 15:12:34','/meeting/portal/pri/agenda/agendaList.action',4548,'刘鸥',172,'13908518578',NULL,'218.201.251.77','meetingId = 172 , menu_id = 3466 , menu_name = 会议议程 , ',3466,NULL),
  ('0000000036c3b92b0136c44bb0da0035','2012-04-18 15:12:36','/meeting/portal/pri/meeting/getMeetingFilesPager.action',4548,'刘鸥',172,'13908518578',NULL,'218.201.251.77','meetingId = 172 , menu_id = 3467 , menu_name = 会议资料 , from = portal , ',3467,NULL),
  ('0000000036c3b92b0136c44bb5a90036','2012-04-18 15:12:37','/meeting/portal/pri/interaction/postList.action',4548,'刘鸥',172,'13908518578',NULL,'218.201.251.77','meetingId = 172 , menu_id = 3468 , menu_name = 互动交流 , ',3468,NULL),
  ('0000000036c3b92b0136c44bca5a0037','2012-04-18 15:12:43','/meeting/portal/pri/news/show.action',4548,'刘鸥',172,'13908518578',NULL,'218.201.251.77','meetingId = 172 , menu_id = 3479 , menu_name = 新闻中心 , ',3479,NULL),
  ('0000000036c3b92b0136c44bce350038','2012-04-18 15:12:44','/meeting/portal/pri/interaction/postList.action',4548,'刘鸥',172,'13908518578',NULL,'218.201.251.77','meetingId = 172 , menu_id = 3468 , menu_name = 互动交流 , ',3468,NULL),
  ('0000000036c3b92b0136c44be2a70039','2012-04-18 15:12:49','/meeting/portal/pri/meeting/getMeetingById.action',4548,'刘鸥',172,'13908518578',NULL,'218.201.251.77','returnType = portal_viewmeeting , menu_id = 3465 , menu_name = 首页 , meeting.id = 172 , ',3465,NULL),
  ('0000000036c3b92b0136c44d01e5003a','2012-04-18 15:14:02','/meeting/portal/pri/interaction/postList.action',4548,'刘鸥',172,'13908518578',NULL,'218.201.251.77','meetingId = 172 , menu_id = 3468 , menu_name = 互动交流 , ',3468,NULL),
  ('0000000036c3b92b0136c44e1e2c003b','2012-04-18 15:15:15','/meeting/portal/pri/meeting/getMeetingFilesPager.action',4548,'刘鸥',166,'13908518578',NULL,'218.201.194.103','meetingId = 166 , menu_id = 3064 , menu_name = 会议资料 , from = portal , ',3064,NULL),
  ('0000000036c3b92b0136c44e2acc003c','2012-04-18 15:15:18','/meeting/portal/pri/agenda/agendaList.action',4548,'刘鸥',166,'13908518578',NULL,'218.201.194.103','meetingId = 166 , menu_id = 3063 , menu_name = 会议议程 , ',3063,NULL),
  ('0000000036c3b92b0136c44e380f003d','2012-04-18 15:15:22','/meeting/portal/pri/meeting/getMeetingUsers.action',4548,'刘鸥',166,'13908518578',NULL,'218.201.194.103','menu_id = 3069 , menu_name = 通讯录 , meeting.id = 166 , ',3069,NULL),
  ('0000000036c3b92b0136c44e40a7003e','2012-04-18 15:15:24','/meeting/portal/pri/meeting/getMeetingById.action',4548,'刘鸥',166,'13908518578',NULL,'218.201.194.103','returnType = portal_viewmeeting , menu_id = 3062 , menu_name = 首页 , meeting.id = 166 , ',3062,NULL),
  ('0000000036c3b92b0136c44e474b003f','2012-04-18 15:15:26','/meeting/portal/pri/message/list.action',4548,'刘鸥',172,'13908518578',NULL,'218.201.251.77','meetingId = 172 , menu_id = 3473 , menu_name = 站内私信 , ',3473,NULL),
  ('0000000036c3b92b0136c44e4ef50040','2012-04-18 15:15:28','/meeting/portal/pri/meeting/getMeetingUsers.action',4548,'刘鸥',172,'13908518578',NULL,'218.201.251.77','menu_id = 3472 , menu_name = 通讯录 , meeting.id = 172 , ',3472,NULL),
  ('0000000036c3b92b0136c44e60850041','2012-04-18 15:15:32','/meeting/portal/pri/meeting/getMeetingById.action',4548,'刘鸥',172,'13908518578',NULL,'218.201.251.77','returnType = portal_viewmeeting , menu_id = 3465 , menu_name = 首页 , meeting.id = 172 , ',3465,NULL),
  ('0000000036c3b92b0136c44f802f0042','2012-04-18 15:16:46','/meeting/portal/pri/meeting/getMeetingUsers.action',4548,'刘鸥',166,'13908518578',NULL,'218.201.194.103','menu_id = 3069 , menu_name = 通讯录 , meeting.id = 166 , ',3069,NULL),
  ('0000000036c3b92b0136c44f860b0043','2012-04-18 15:16:47','/meeting/portal/pri/meeting/getMeetingById.action',4460,'zhangguojing',166,'13865960090',NULL,'218.201.251.77','returnType = portal_viewmeeting , menu_id = 3062 , menu_name = 首页 , meeting.id = 166 , ',3062,NULL),
  ('0000000036c3b92b0136c44f99390044','2012-04-18 15:16:52','/meeting/portal/pri/agenda/agendaList.action',4548,'刘鸥',166,'13908518578',NULL,'218.201.194.103','meetingId = 166 , menu_id = 3063 , menu_name = 会议议程 , ',3063,NULL),
  ('0000000036c3b92b0136c44f9fc50045','2012-04-18 15:16:54','/meeting/portal/pri/meeting/getMeetingFilesPager.action',4548,'刘鸥',166,'13908518578',NULL,'218.201.194.103','meetingId = 166 , menu_id = 3064 , menu_name = 会议资料 , from = portal , ',3064,NULL),
  ('0000000036c3b92b0136c44fa6e50046','2012-04-18 15:16:56','/meeting/portal/pri/interaction/postList.action',4548,'刘鸥',166,'13908518578',NULL,'218.201.194.103','meetingId = 166 , menu_id = 3065 , menu_name = 互动交流 , ',3065,NULL),
  ('0000000036c3b92b0136c44fadaf0047','2012-04-18 15:16:57','/meeting/portal/pri/news/show.action',4548,'刘鸥',166,'13908518578',NULL,'218.201.194.103','meetingId = 166 , menu_id = 3076 , menu_name = 新闻中心 , ',3076,NULL),
  ('0000000036c3b92b0136c44fbc300048','2012-04-18 15:17:01','/meeting/portal/pri/interaction/postList.action',4548,'刘鸥',166,'13908518578',NULL,'218.201.194.103','meetingId = 166 , menu_id = 3065 , menu_name = 互动交流 , ',3065,NULL),
  ('0000000036c3b92b0136c44fd6470049','2012-04-18 15:17:08','/meeting/portal/pri/meeting/getMeetingFilesPager.action',4548,'刘鸥',166,'13908518578',NULL,'218.201.194.103','meetingId = 166 , menu_id = 3064 , menu_name = 会议资料 , from = portal , ',3064,NULL),
  ('0000000036c3b92b0136c44fe1f0004a','2012-04-18 15:17:11','/meeting/portal/pri/agenda/agendaList.action',4548,'刘鸥',166,'13908518578',NULL,'218.201.194.103','meetingId = 166 , menu_id = 3063 , menu_name = 会议议程 , ',3063,NULL),
  ('0000000036c3b92b0136c44fed62004b','2012-04-18 15:17:14','/meeting/portal/pri/meeting/getMeetingUsers.action',4548,'刘鸥',166,'13908518578',NULL,'218.201.194.103','menu_id = 3069 , menu_name = 通讯录 , meeting.id = 166 , ',3069,NULL),
  ('0000000036c3b92b0136c44fff4d004c','2012-04-18 15:17:18','/meeting/portal/pri/meeting/getMeetingFilesPager.action',4460,'zhangguojing',166,'13865960090',NULL,'218.201.251.77','meetingId = 166 , menu_id = 3270 , from = portal , ',3270,NULL),
  ('0000000036c3b92b0136c450d9b2004d','2012-04-18 15:18:14','/meeting/portal/pri/meeting/getMeetingById.action',4548,'刘鸥',166,'13908518578',NULL,'218.201.194.103','returnType = portal_viewmeeting , menu_id = 3062 , menu_name = 首页 , meeting.id = 166 , ',3062,NULL),
  ('0000000036c3b92b0136c450f27f004e','2012-04-18 15:18:21','/meeting/portal/pri/meeting/getMeetingUsers.action',4548,'刘鸥',166,'13908518578',NULL,'218.201.194.103','menu_id = 3069 , menu_name = 通讯录 , meeting.id = 166 , ',3069,NULL),
  ('0000000036c3b92b0136c450fc3a004f','2012-04-18 15:18:23','/meeting/portal/pri/agenda/agendaList.action',4548,'刘鸥',166,'13908518578',NULL,'218.201.194.103','meetingId = 166 , menu_id = 3063 , menu_name = 会议议程 , ',3063,NULL),
  ('0000000036c3b92b0136c45104aa0050','2012-04-18 15:18:25','/meeting/portal/pri/meeting/getMeetingById.action',4548,'刘鸥',166,'13908518578',NULL,'218.201.194.103','returnType = portal_viewmeeting , menu_id = 3062 , menu_name = 首页 , meeting.id = 166 , ',3062,NULL),
  ('0000000036c3b92b0136c45109840051','2012-04-18 15:18:26','/meeting/portal/pri/meeting/getMeetingUsers.action',4548,'刘鸥',166,'13908518578',NULL,'218.201.194.103','menu_id = 3069 , menu_name = 通讯录 , meeting.id = 166 , ',3069,NULL),
  ('0000000036c3b92b0136c451391f0052','2012-04-18 15:18:39','/meeting/portal/pri/meeting/getMeetingById.action',4548,'刘鸥',166,'13908518578',NULL,'218.201.194.103','returnType = portal_viewmeeting , menu_id = 3062 , menu_name = 首页 , meeting.id = 166 , ',3062,NULL),
  ('0000000036c3b92b0136c45617cc0053','2012-04-18 15:23:58','/meeting/portal/pri/agenda/agendaList.action',4548,'刘鸥',166,'13908518578',NULL,'218.201.194.103','meetingId = 166 , menu_id = 2729 , ',2729,NULL),
  ('0000000036c3b92b0136c458fbcc0054','2012-04-18 15:27:07','/meeting/portal/pri/news/detail.action',4548,'刘鸥',166,'13908518578',NULL,'218.201.194.103','meetingId = 166 , menu_id = 3062 , menu_name = ??? , id = 28 , ',3062,NULL),
  ('0000000036c3b92b0136c45b9caa0055','2012-04-18 15:29:59','/meeting/portal/pri/news/show.action',4548,'刘鸥',166,'13908518578',NULL,'218.201.194.103','meetingId = 166 , menu_id = 3076 , menu_name = 新闻中心 , ',3076,NULL),
  ('0000000036c3b92b0136c45bd0e10056','2012-04-18 15:30:13','/meeting/portal/pri/meeting/getMeetingById.action',4548,'刘鸥',166,'13908518578',NULL,'218.201.194.103','returnType = portal_viewmeeting , menu_id = 3062 , menu_name = 首页 , meeting.id = 166 , ',3062,NULL),
  ('0000000036c3b92b0136c481e81d0057','2012-04-18 16:11:49','/meeting/portal/pri/meeting/getMeetingById.action',4548,'刘鸥',166,'13908518578',NULL,'218.201.194.103','returnType = portal_viewmeeting , menu_id = 3062 , menu_name = 首页 , meeting.id = 166 , ',3062,NULL),
  ('0000000036c3b92b0136c49fbd530058','2012-04-18 16:44:24','/meeting/wap/pri/meeting/getMeetingById.action',4481,'邹朝晖',166,'13908519502',NULL,'10.180.78.77','returnType = wap , menu_id = 3051 , menu_name = 首页 , meeting.id = 166 , ',3051,NULL),
  ('0000000036c3b92b0136c4a8a85c0059','2012-04-18 16:54:09','/meeting/wap/pri/meeting/getMeetingById.action',4481,'邹朝晖',166,'13908519502',NULL,'10.179.233.84','returnType = wap , menu_id = 3051 , menu_name = 首页 , meeting.id = 166 , ',3051,NULL),
  ('0000000036c3b92b0136c4ace57d005a','2012-04-18 16:58:47','/meeting/client/pri/meeting/analyticsLog.action',4481,'邹朝晖',166,'13908519502',NULL,'10.178.138.71','meetingId = 166 , imei = 7da4ffd3-e163-43a5-8912-bbb573aaef37 , menu_id = 3121 , ',3121,NULL),
  ('0000000036c3b92b0136c4ad16b4005b','2012-04-18 16:58:59','/meeting/client/pri/meeting/analyticsLog.action',4481,'邹朝晖',166,'13908519502',NULL,'10.178.138.71','meetingId = 166 , imei = 7da4ffd3-e163-43a5-8912-bbb573aaef37 , menu_id = 3122 , ',3122,NULL),
  ('0000000036c3b92b0136c4ad4cf9005c','2012-04-18 16:59:13','/meeting/client/pri/meeting/analyticsLog.action',4481,'邹朝晖',166,'13908519502',NULL,'10.178.138.71','meetingId = 166 , imei = 7da4ffd3-e163-43a5-8912-bbb573aaef37 , menu_id = 3122 , ',3122,NULL),
  ('0000000036c3b92b0136c4ad755c005d','2012-04-18 16:59:23','/meeting/client/pri/meeting/analyticsLog.action',4481,'邹朝晖',166,'13908519502',NULL,'10.178.138.71','meetingId = 166 , imei = 7da4ffd3-e163-43a5-8912-bbb573aaef37 , menu_id = 3121 , ',3121,NULL),
  ('0000000036c3b92b0136c4ae4161005e','2012-04-18 17:00:16','/meeting/client/pri/meeting/analyticsLog.action',4481,'邹朝晖',166,'13908519502',NULL,'10.178.138.71','meetingId = 166 , imei = 7da4ffd3-e163-43a5-8912-bbb573aaef37 , menu_id = 3121 , ',3121,NULL),
  ('0000000036c3b92b0136c4af042e005f','2012-04-18 17:01:05','/meeting/client/pri/meeting/analyticsLog.action',4481,'邹朝晖',166,'13908519502',NULL,'10.178.138.71','meetingId = 166 , imei = 7da4ffd3-e163-43a5-8912-bbb573aaef37 , menu_id = 3123 , ',3123,NULL),
  ('0000000036c3b92b0136c4afc7b10060','2012-04-18 17:01:56','/meeting/client/pri/meeting/analyticsLog.action',4481,'邹朝晖',166,'13908519502',NULL,'10.178.138.71','meetingId = 166 , imei = 7da4ffd3-e163-43a5-8912-bbb573aaef37 , menu_id = 3122 , ',3122,NULL),
  ('0000000036c3b92b0136c4b01e100061','2012-04-18 17:02:18','/meeting/client/pri/meeting/analyticsLog.action',4481,'邹朝晖',166,'13908519502',NULL,'10.178.138.71','meetingId = 166 , imei = 7da4ffd3-e163-43a5-8912-bbb573aaef37 , menu_id = 3121 , ',3121,NULL),
  ('0000000036c3b92b0136c4b25e810062','2012-04-18 17:04:45','/meeting/client/pri/meeting/analyticsLog.action',4481,'邹朝晖',166,'13908519502',NULL,'10.178.138.71','meetingId = 166 , imei = 7da4ffd3-e163-43a5-8912-bbb573aaef37 , menu_id = 3126 , ',3126,NULL),
  ('0000000036c3b92b0136c4b2721c0063','2012-04-18 17:04:50','/meeting/client/pri/meeting/analyticsLog.action',4481,'邹朝晖',166,'13908519502',NULL,'10.178.138.71','meetingId = 166 , imei = 7da4ffd3-e163-43a5-8912-bbb573aaef37 , menu_id = 3121 , ',3121,NULL),
  ('0000000036c3b92b0136c4b313340064','2012-04-18 17:05:31','/meeting/client/pri/meeting/analyticsLog.action',4481,'邹朝晖',166,'13908519502',NULL,'10.178.138.71','meetingId = 166 , imei = 7da4ffd3-e163-43a5-8912-bbb573aaef37 , menu_id = 3128 , ',3128,NULL),
  ('0000000036c3b92b0136c4b3a77c0065','2012-04-18 17:06:09','/meeting/client/pri/meeting/analyticsLog.action',4481,'邹朝晖',166,'13908519502',NULL,'10.178.138.71','meetingId = 166 , imei = 7da4ffd3-e163-43a5-8912-bbb573aaef37 , menu_id = 3128 , ',3128,NULL),
  ('0000000036c3b92b0136c4b5f0910066','2012-04-18 17:08:39','/meeting/client/pri/meeting/analyticsLog.action',4481,'邹朝晖',166,'13908519502',NULL,'10.178.138.71','meetingId = 166 , imei = 7da4ffd3-e163-43a5-8912-bbb573aaef37 , menu_id = 3121 , ',3121,NULL),
  ('0000000036c3b92b0136c4b63d320067','2012-04-18 17:08:59','/meeting/client/pri/meeting/analyticsLog.action',4481,'邹朝晖',166,'13908519502',NULL,'10.178.138.71','meetingId = 166 , imei = 7da4ffd3-e163-43a5-8912-bbb573aaef37 , menu_id = 3121 , ',3121,NULL),
  ('0000000036c3b92b0136c4b85ebf0068','2012-04-18 17:11:18','/meeting/portal/pri/meeting/getMeetingUsers.action',4460,'zhangguojing',166,'13865960090',NULL,'218.201.251.77','menu_id = 3069 , menu_name = 通讯录 , meeting.id = 166 , ',3069,NULL),
  ('0000000036c3b92b0136c4b864190069','2012-04-18 17:11:20','/meeting/portal/pri/agenda/agendaList.action',4460,'zhangguojing',166,'13865960090',NULL,'218.201.251.77','meetingId = 166 , menu_id = 3063 , menu_name = 会议议程 , ',3063,NULL),
  ('0000000036c3b92b0136c4b8686e006a','2012-04-18 17:11:21','/meeting/portal/pri/meeting/getMeetingFilesPager.action',4460,'zhangguojing',166,'13865960090',NULL,'218.201.251.77','meetingId = 166 , menu_id = 3064 , menu_name = 会议资料 , from = portal , ',3064,NULL),
  ('0000000036c3b92b0136c4b86c3d006b','2012-04-18 17:11:22','/meeting/portal/pri/interaction/postList.action',4460,'zhangguojing',166,'13865960090',NULL,'218.201.251.77','meetingId = 166 , menu_id = 3065 , menu_name = 互动交流 , ',3065,NULL),
  ('0000000036c3b92b0136c4b87445006c','2012-04-18 17:11:24','/meeting/portal/pri/news/show.action',4460,'zhangguojing',166,'13865960090',NULL,'218.201.251.77','meetingId = 166 , menu_id = 3076 , menu_name = 新闻中心 , ',3076,NULL),
  ('0000000036c3b92b0136c4b8967d006d','2012-04-18 17:11:33','/meeting/portal/pri/meeting/getMeetingById.action',4460,'zhangguojing',166,'13865960090',NULL,'218.201.251.77','returnType = portal_viewmeeting , menu_id = 3062 , menu_name = 首页 , meeting.id = 166 , ',3062,NULL),
  ('0000000036c3b92b0136c4baad4e006e','2012-04-18 17:13:50','/meeting/portal/pri/meeting/getMeetingById.action',4460,'zhangguojing',166,'13865960090',NULL,'218.201.251.77','returnType = portal_viewmeeting , menu_id = 3062 , menu_name = 首页 , meeting.id = 166 , ',3062,NULL),
  ('0000000036c3b92b0136c4bbe052006f','2012-04-18 17:15:08','/meeting/portal/pri/meeting/getMeetingById.action',4460,'zhangguojing',166,'13865960090',NULL,'218.201.251.77','meeting.id = 166 , menu_name = 首页 , returnType = portal_viewmeeting , menu_id = 3062 , ',3062,NULL);

COMMIT;

#
# Data for the `analytics_log` table  (LIMIT 1500,500)
#

INSERT INTO `analytics_log` (`id`, `access_time`, `url`, `user_id`, `user_name`, `meeting_id`, `mobile`, `from_type`, `ip`, `params`, `menu_id`, `menu_name`) VALUES 
  ('0000000036c3b92b0136c4bbf4770070','2012-04-18 17:15:13','/meeting/portal/pri/meeting/getMeetingById.action',4460,'zhangguojing',166,'13865960090',NULL,'218.201.251.77','meeting.id = 166 , menu_name = 首页 , returnType = portal_viewmeeting , menu_id = 3062 , ',3062,NULL),
  ('0000000036c3b92b0136c4bc0f110071','2012-04-18 17:15:20','/meeting/portal/pri/meeting/getMeetingById.action',4460,'zhangguojing',166,'13865960090',NULL,'218.201.251.77','returnType = portal_viewmeeting , menu_id = 3062 , menu_name = 首页 , meeting.id = 166 , ',3062,NULL),
  ('0000000036c3b92b0136c4bc1f160072','2012-04-18 17:15:24','/meeting/portal/pri/reception/specialty_show.action',4460,'zhangguojing',166,'13865960090',NULL,'218.201.251.77','meetingId = 166 , menu_id = 3074 , menu_name = 本地土特产 , ',3074,NULL),
  ('0000000036c3b92b0136c4bc4ccd0073','2012-04-18 17:15:36','/meeting/portal/pri/meeting/getMeetingById.action',4460,'zhangguojing',166,'13865960090',NULL,'218.201.251.77','returnType = portal_viewmeeting , menu_id = 3062 , menu_name = 首页 , meeting.id = 166 , ',3062,NULL),
  ('0000000036c3b92b0136c4bcadc10074','2012-04-18 17:16:01','/meeting/portal/pri/reception/specialty_show.action',4460,'zhangguojing',166,'13865960090',NULL,'218.201.251.77','meetingId = 166 , menu_id = 3074 , menu_name = 本地土特产 , ',3074,NULL),
  ('0000000036c3b92b0136c4bd7fcc0075','2012-04-18 17:16:55','/meeting/portal/pri/meeting/getMeetingById.action',4460,'zhangguojing',166,'13865960090',NULL,'218.201.251.77','returnType = portal_viewmeeting , menu_id = 3062 , menu_name = 首页 , meeting.id = 166 , ',3062,NULL),
  ('0000000036c3b92b0136c4be49fd0076','2012-04-18 17:17:46','/meeting/client/pri/meeting/analyticsLog.action',4481,'邹朝晖',166,'13908519502',NULL,'10.178.138.71','meetingId = 166 , imei = 7da4ffd3-e163-43a5-8912-bbb573aaef37 , menu_id = 3121 , ',3121,NULL),
  ('0000000036c3b92b0136c4c0df150077','2012-04-18 17:20:36','/meeting/portal/pri/news/detail.action',4460,'zhangguojing',166,'13865960090',NULL,'218.201.251.77','meetingId = 166 , menu_id = 3062 , menu_name = 首页 , id = 30 , ',3062,NULL),
  ('0000000036c3b92b0136c4c488110078','2012-04-18 17:24:35','/meeting/portal/pri/news/detail.action',4460,'zhangguojing',166,'13865960090',NULL,'218.201.251.77','meetingId = 166 , menu_id = 3062 , menu_name = 首页 , id = 28 , ',3062,NULL),
  ('0000000036c3b92b0136c4c4a3230079','2012-04-18 17:24:42','/meeting/portal/pri/news/detail.action',4460,'zhangguojing',166,'13865960090',NULL,'218.201.251.77','meetingId = 166 , menu_id = 3062 , menu_name = 首页 , id = 30 , ',3062,NULL),
  ('0000000036c3b92b0136c4c4bb52007a','2012-04-18 17:24:49','/meeting/portal/pri/news/detail.action',4460,'zhangguojing',166,'13865960090',NULL,'218.201.251.77','meetingId = 166 , menu_id = 3062 , menu_name = 首页 , id = 29 , ',3062,NULL),
  ('0000000036c3b92b0136c4c6c4f1007b','2012-04-18 17:27:02','/meeting/portal/pri/meeting/getMeetingById.action',4460,'zhangguojing',166,'13865960090',NULL,'218.201.251.77','meeting.id = 166 , menu_name = 首页 , returnType = portal_viewmeeting , menu_id = 3062 , ',3062,NULL),
  ('0000000036c3b92b0136c4c7018e007c','2012-04-18 17:27:18','/meeting/portal/pri/meeting/getMeetingFilesPager.action',4460,'zhangguojing',166,'13865960090',NULL,'218.201.251.77','meetingId = 166 , menu_id = 3270 , from = portal , ',3270,NULL),
  ('0000000036c3b92b0136c4c77c83007d','2012-04-18 17:27:49','/meeting/portal/pri/meeting/vote_findEnableVote.action',4460,'zhangguojing',166,'13865960090',NULL,'218.201.251.77','meetingId = 166 , menu_id = 3072 , menu_name = 投票 , ',3072,NULL),
  ('0000000036c3b92b0136c4c7bbb7007e','2012-04-18 17:28:05','/meeting/portal/pri/meeting/getMeetingById.action',4460,'zhangguojing',166,'13865960090',NULL,'218.201.251.77','returnType = portal_viewmeeting , menu_id = 3062 , menu_name = 首页 , meeting.id = 166 , ',3062,NULL),
  ('0000000036c3b92b0136c4c7ebef007f','2012-04-18 17:28:18','/meeting/portal/pri/meeting/vote_findEnableVote.action',4460,'zhangguojing',166,'13865960090',NULL,'218.201.251.77','meetingId = 166 , menu_id = 3072 , menu_name = 投票 , ',3072,NULL),
  ('0000000036c3b92b0136c4c850960080','2012-04-18 17:28:43','/meeting/portal/pri/meeting/getMeetingById.action',4460,'zhangguojing',166,'13865960090',NULL,'218.201.251.77','returnType = portal_viewmeeting , menu_id = 3062 , menu_name = 首页 , meeting.id = 166 , ',3062,NULL),
  ('0000000036c3b92b0136c4cacf370081','2012-04-18 17:31:27','/meeting/portal/pri/meeting/getMeetingById.action',4460,'zhangguojing',166,'13865960090',NULL,'218.201.251.77','returnType = portal_viewmeeting , menu_id = 3062 , menu_name = 首页 , meeting.id = 166 , ',3062,NULL),
  ('0000000036c3b92b0136c4cbc5820082','2012-04-18 17:32:30','/meeting/portal/pri/meeting/getMeetingUsers.action',4460,'zhangguojing',166,'13865960090',NULL,'218.201.251.77','menu_id = 3069 , menu_name = 通讯录 , meeting.id = 166 , ',3069,NULL),
  ('0000000036c3b92b0136c4cbe06d0083','2012-04-18 17:32:37','/meeting/portal/pri/meeting/getMeetingById.action',4460,'zhangguojing',166,'13865960090',NULL,'218.201.251.77','returnType = portal_viewmeeting , menu_id = 3062 , menu_name = 首页 , meeting.id = 166 , ',3062,NULL),
  ('0000000036c3b92b0136c81119a50084','2012-04-19 08:47:05','/meeting/client/pri/meeting/analyticsLog.action',4481,'邹朝晖',166,'13908519502',NULL,'10.202.151.103','meetingId = 166 , imei = b5133daa-b3df-4c9f-a9b4-b002e6494ba1 , menu_id = 3132 , ',3132,NULL),
  ('0000000036c3b92b0136c81148990085','2012-04-19 08:47:17','/meeting/client/pri/meeting/analyticsLog.action',4481,'邹朝晖',166,'13908519502',NULL,'10.202.151.103','meetingId = 166 , imei = b5133daa-b3df-4c9f-a9b4-b002e6494ba1 , menu_id = 3125 , ',3125,NULL),
  ('0000000036c3b92b0136c8118f7f0086','2012-04-19 08:47:35','/meeting/client/pri/meeting/analyticsLog.action',4481,'邹朝晖',166,'13908519502',NULL,'10.202.151.103','meetingId = 166 , imei = b5133daa-b3df-4c9f-a9b4-b002e6494ba1 , menu_id = 3127 , ',3127,NULL),
  ('0000000036c3b92b0136c88766ee0087','2012-04-19 10:56:18','/meeting/portal/pri/meeting/getMeetingById.action',4548,'刘鸥',166,'13908518578',NULL,'10.196.120.158','returnType = portal_viewmeeting , menu_id = 3062 , menu_name = 首页 , meeting.id = 166 , ',3062,NULL),
  ('0000000036c3b92b0136c887c89f0088','2012-04-19 10:56:43','/meeting/portal/pri/meeting/vote_findEnableVote.action',4548,'刘鸥',166,'13908518578',NULL,'10.196.120.158','meetingId = 166 , menu_id = 3072 , menu_name = 投票 , ',3072,NULL),
  ('0000000036c3b92b0136c887d8260089','2012-04-19 10:56:47','/meeting/portal/pri/interaction/postList.action',4548,'刘鸥',166,'13908518578',NULL,'10.196.120.158','meetingId = 166 , menu_id = 3065 , menu_name = 互动交流 , ',3065,NULL),
  ('0000000036c3b92b0136c887de2b008a','2012-04-19 10:56:49','/meeting/portal/pri/meeting/getMeetingUsers.action',4548,'刘鸥',166,'13908518578',NULL,'10.196.120.158','menu_id = 3069 , menu_name = 通讯录 , meeting.id = 166 , ',3069,NULL),
  ('0000000036c3b92b0136c887e4f5008b','2012-04-19 10:56:50','/meeting/portal/pri/meeting/getMeetingById.action',4548,'刘鸥',166,'13908518578',NULL,'10.196.120.158','returnType = portal_viewmeeting , menu_id = 3062 , menu_name = 首页 , meeting.id = 166 , ',3062,NULL),
  ('0000000036c3b92b0136c88a9ec7008c','2012-04-19 10:59:49','/meeting/portal/pri/meeting/getMeetingUsers.action',4548,'刘鸥',166,'13908518578',NULL,'10.196.120.158','menu_id = 3069 , menu_name = 通讯录 , meeting.id = 166 , ',3069,NULL),
  ('0000000036c3b92b0136c88aaeff008d','2012-04-19 10:59:53','/meeting/portal/pri/meeting/getMeetingById.action',4548,'刘鸥',166,'13908518578',NULL,'10.196.120.158','returnType = portal_viewmeeting , menu_id = 3062 , menu_name = 首页 , meeting.id = 166 , ',3062,NULL),
  ('0000000036c3b92b0136c8afaf13008e','2012-04-19 11:40:18','/meeting/portal/pri/meeting/getMeetingById.action',4606,'曹科武',173,'13985179551',NULL,'218.201.251.78','returnType = portal_viewmeeting , menu_id = 3529 , menu_name = 首页 , meeting.id = 173 , ',3529,NULL),
  ('0000000036c3b92b0136c8b025eb008f','2012-04-19 11:40:49','/meeting/portal/pri/interaction/postList.action',4606,'曹科武',173,'13985179551',NULL,'218.201.251.78','meetingId = 173 , menu_id = 3532 , menu_name = 互动交流 , ',3532,NULL),
  ('0000000036c3b92b0136c8b04c340090','2012-04-19 11:40:58','/meeting/portal/pri/meeting/getMeetingFilesPager.action',4606,'曹科武',173,'13985179551',NULL,'218.201.251.78','meetingId = 173 , menu_id = 3531 , menu_name = 会议资料 , from = portal , ',3531,NULL),
  ('0000000036c3b92b0136c8b0502a0091','2012-04-19 11:40:59','/meeting/portal/pri/agenda/agendaList.action',4606,'曹科武',173,'13985179551',NULL,'218.201.251.78','meetingId = 173 , menu_id = 3530 , menu_name = 会议议程 , ',3530,NULL),
  ('0000000036c3b92b0136c8b07e490092','2012-04-19 11:41:11','/meeting/portal/pri/meeting/getMeetingById.action',4606,'曹科武',173,'13985179551',NULL,'218.201.251.78','returnType = portal_viewmeeting , menu_id = 3529 , menu_name = 首页 , meeting.id = 173 , ',3529,NULL),
  ('0000000036c3b92b0136c939ffc00093','2012-04-19 14:11:23','/meeting/wap/pri/meeting/getMeetingById.action',4460,'测试用户',173,'13865960090',NULL,'218.201.251.77','returnType = wap , menu_id = 3518 , menu_name = 首页 , meeting.id = 173 , ',3518,NULL),
  ('0000000036c3b92b0136c93a092a0094','2012-04-19 14:11:25','/meeting/wap/pri/agenda/view.action',4460,'测试用户',173,'13865960090',NULL,'218.201.251.77','meetingId = 173 , menu_id = 3520 , menu_name = 会议议程 , ',3520,NULL),
  ('0000000036c3b92b0136c93a0ea70095','2012-04-19 14:11:27','/meeting/wap/pri/meeting/getMeetingById.action',4460,'测试用户',173,'13865960090',NULL,'218.201.251.77','returnType = wap , menu_id = 3518 , menu_name = 首页 , meeting.id = 173 , ',3518,NULL),
  ('0000000036c3b92b0136ca0060130096','2012-04-19 17:48:03','/meeting/portal/pri/meeting/getMeetingById.action',4460,'测试用户',173,'13865960090',NULL,'218.201.251.77','returnType = portal_viewmeeting , menu_id = 3529 , menu_name = 首页 , meeting.id = 173 , ',3529,NULL),
  ('0000000036cee5780136cef65d420001','2012-04-20 16:55:13','/meeting/client/pri/meeting/analyticsLog.action',4458,'郭旭(测试)',173,'15256560237',NULL,'117.136.20.66','meetingId = 173 , imei = 406e7ebf-b754-46d0-abe1-509099129992 , menu_id = 3552 , ',3552,NULL),
  ('0000000036cee5780136cef69e740002','2012-04-20 16:55:30','/meeting/client/pri/meeting/analyticsLog.action',4458,'郭旭(测试)',173,'15256560237',NULL,'117.136.20.66','meetingId = 173 , imei = 406e7ebf-b754-46d0-abe1-509099129992 , menu_id = 3560 , ',3560,NULL),
  ('0000000036cf06ff0136cf1ca81e0001','2012-04-20 17:37:03','/meeting/portal/pri/meeting/getMeetingById.action',4458,'郭旭(测试)',166,'15256560237',NULL,'10.196.138.32','returnType = portal_viewmeeting , menu_id = 3062 , menu_name = 首页 , meeting.id = 166 , ',3062,NULL),
  ('0000000036cf06ff0136cf1cb3790002','2012-04-20 17:37:06','/meeting/portal/pri/meeting/getMeetingUsers.action',4458,'郭旭(测试)',166,'15256560237',NULL,'10.196.138.32','menu_id = 3069 , menu_name = 通讯录 , meeting.id = 166 , ',3069,NULL),
  ('0000000036cf06ff0136cf1cc5900003','2012-04-20 17:37:11','/meeting/portal/pri/interaction/postList.action',4458,'郭旭(测试)',166,'15256560237',NULL,'10.196.138.32','meetingId = 166 , menu_id = 3065 , menu_name = 互动交流 , ',3065,NULL),
  ('0000000036cf06ff0136cf1ccd7b0004','2012-04-20 17:37:13','/meeting/portal/pri/meeting/vote_findEnableVote.action',4458,'郭旭(测试)',166,'15256560237',NULL,'10.196.138.32','meetingId = 166 , menu_id = 3072 , menu_name = 投票 , ',3072,NULL),
  ('0000000036cf06ff0136cf1ce18e0005','2012-04-20 17:37:18','/meeting/portal/pri/meeting/vote_findEnableVote.action',4458,'郭旭(测试)',166,'15256560237',NULL,'10.196.138.32','meetingId = 166 , menu_id = 3072 , ',3072,NULL),
  ('0000000036cf06ff0136cf1cf4770006','2012-04-20 17:37:23','/meeting/portal/pri/meeting/vote_findEnableVote.action',4458,'郭旭(测试)',166,'15256560237',NULL,'10.196.138.32','meetingId = 166 , menu_id = 3072 , ',3072,NULL),
  ('0000000036cf06ff0136cf1d15650007','2012-04-20 17:37:31','/meeting/portal/pri/meeting/getMeetingById.action',4458,'郭旭(测试)',170,'15256560237',NULL,'10.196.138.32','returnType = portal_viewmeeting , menu_id = 3294 , menu_name = 首页 , meeting.id = 170 , ',3294,NULL),
  ('0000000036cf06ff0136cf1d1f280008','2012-04-20 17:37:33','/meeting/portal/pri/meeting/getMeetingUsers.action',4458,'郭旭(测试)',170,'15256560237',NULL,'10.196.138.32','menu_id = 3301 , menu_name = 通讯录 , meeting.id = 170 , ',3301,NULL),
  ('0000000036cf06ff0136cf1d4f270009','2012-04-20 17:37:46','/meeting/portal/pri/meeting/getMeetingById.action',4458,'郭旭(测试)',170,'15256560237',NULL,'10.196.138.32','returnType = portal_viewmeeting , menu_id = 3294 , menu_name = 首页 , meeting.id = 170 , ',3294,NULL),
  ('0000000036d5bf6d0136de474cb30001','2012-04-23 16:17:56','/meeting/portal/pri/meeting/getMeetingById.action',4548,'刘鸥',173,'13908518578',NULL,'10.196.2.150','returnType = portal_viewmeeting , menu_id = 3529 , menu_name = 首页 , meeting.id = 173 , ',3529,NULL),
  ('0000000036d5bf6d0136de497ef80002','2012-04-23 16:20:20','/meeting/portal/pri/meeting/getMeetingById.action',4548,'刘鸥',173,'13908518578',NULL,'10.196.2.150','returnType = portal_viewmeeting , menu_id = 3529 , menu_name = 首页 , meeting.id = 173 , ',3529,NULL),
  ('0000000036d5bf6d0136de4baf030003','2012-04-23 16:22:43','/meeting/portal/pri/meeting/getMeetingById.action',4548,'刘鸥',173,'13908518578',NULL,'10.196.2.150','returnType = portal_viewmeeting , menu_id = 3529 , menu_name = 首页 , meeting.id = 173 , ',3529,NULL),
  ('0000000036d5bf6d0136de4bdf5d0004','2012-04-23 16:22:56','/meeting/portal/pri/interaction/postList.action',4548,'刘鸥',173,'13908518578',NULL,'10.196.2.150','meetingId = 173 , menu_id = 3532 , menu_name = 互动交流 , ',3532,NULL),
  ('0000000036d5bf6d0136de4be8580005','2012-04-23 16:22:58','/meeting/portal/pri/news/show.action',4548,'刘鸥',173,'13908518578',NULL,'10.196.2.150','meetingId = 173 , menu_id = 3543 , menu_name = 新闻中心 , ',3543,NULL),
  ('0000000036d5bf6d0136de4bef120006','2012-04-23 16:23:00','/meeting/portal/pri/meeting/getMeetingById.action',4548,'刘鸥',173,'13908518578',NULL,'10.196.2.150','returnType = portal_viewmeeting , menu_id = 3529 , menu_name = 首页 , meeting.id = 173 , ',3529,NULL),
  ('0000000036d5bf6d0136de4bf3010007','2012-04-23 16:23:01','/meeting/portal/pri/meeting/getMeetingById.action',4548,'刘鸥',173,'13908518578',NULL,'10.196.2.150','returnType = portal_map , menu_id = 3535 , menu_name = 会场位置 , meeting.id = 173 , ',3535,NULL),
  ('0000000036d5bf6d0136de4cbd160008','2012-04-23 16:23:52','/meeting/portal/pri/meeting/getMeetingById.action',4548,'刘鸥',173,'13908518578',NULL,'10.196.2.150','returnType = portal_map , menu_id = 3535 , menu_name = 会场位置 , meeting.id = 173 , ',3535,NULL),
  ('0000000036d5bf6d0136de4d05460009','2012-04-23 16:24:11','/meeting/portal/pri/meeting/getMeetingById.action',4548,'刘鸥',173,'13908518578',NULL,'10.196.2.150','returnType = portal_viewmeeting , menu_id = 3529 , menu_name = 首页 , meeting.id = 173 , ',3529,NULL),
  ('0000000036d5bf6d0136de4d0ba2000a','2012-04-23 16:24:12','/meeting/portal/pri/meeting/getMeetingById.action',4548,'刘鸥',173,'13908518578',NULL,'10.196.2.150','returnType = portal_map , menu_id = 3535 , menu_name = 会场位置 , meeting.id = 173 , ',3535,NULL),
  ('0000000036d5bf6d0136de4d26df000b','2012-04-23 16:24:19','/meeting/portal/pri/meeting/getMeetingById.action',4548,'刘鸥',173,'13908518578',NULL,'10.196.2.150','returnType = portal_viewmeeting , menu_id = 3529 , menu_name = 首页 , meeting.id = 173 , ',3529,NULL),
  ('0000000036d5bf6d0136de59c9a8000c','2012-04-23 16:38:08','/meeting/portal/pri/agenda/agendaList.action',4548,'刘鸥',173,'13908518578',NULL,'10.196.2.150','meetingId = 173 , menu_id = 3530 , menu_name = 会议议程 , ',3530,NULL),
  ('0000000036d5bf6d0136de59e408000d','2012-04-23 16:38:14','/meeting/portal/pri/meeting/getMeetingFilesPager.action',4548,'刘鸥',173,'13908518578',NULL,'10.196.2.150','meetingId = 173 , menu_id = 3531 , menu_name = 会议资料 , from = portal , ',3531,NULL),
  ('0000000036d5bf6d0136de5a08b6000e','2012-04-23 16:38:24','/meeting/portal/pri/interaction/postList.action',4548,'刘鸥',173,'13908518578',NULL,'10.196.2.150','meetingId = 173 , menu_id = 3532 , menu_name = 互动交流 , ',3532,NULL),
  ('0000000036d5bf6d0136de5a0cfe000f','2012-04-23 16:38:25','/meeting/portal/pri/news/show.action',4548,'刘鸥',173,'13908518578',NULL,'10.196.2.150','meetingId = 173 , menu_id = 3543 , menu_name = 新闻中心 , ',3543,NULL),
  ('0000000036d5bf6d0136de5a10770010','2012-04-23 16:38:26','/meeting/portal/pri/meeting/getMeetingById.action',4548,'刘鸥',173,'13908518578',NULL,'10.196.2.150','returnType = portal_map , menu_id = 3535 , menu_name = 会场位置 , meeting.id = 173 , ',3535,NULL),
  ('0000000036d5bf6d0136de5a26f40011','2012-04-23 16:38:31','/meeting/portal/pri/meeting/getMeetingUsers.action',4548,'刘鸥',173,'13908518578',NULL,'10.196.2.150','menu_id = 3536 , menu_name = 通讯录 , meeting.id = 173 , ',3536,NULL),
  ('0000000036d5bf6d0136de5a35700012','2012-04-23 16:38:35','/meeting/portal/pri/meeting/getMeetingUsers.action',4548,'刘鸥',173,'13908518578',NULL,'10.196.2.150','mobile =  , meetingId = 173 , totalPage = 2 , currentPage = 2 , menu_id = 3536 , username =  , meeting.id = 173 , ',3536,NULL),
  ('0000000036d5bf6d0136de5a52b40013','2012-04-23 16:38:43','/meeting/portal/pri/meeting/getMeetingUsers.action',4548,'刘鸥',173,'13908518578',NULL,'10.196.2.150','mobile =  , meetingId = 173 , totalPage = 2 , currentPage = 1 , menu_id = 3536 , username =  , meeting.id = 173 , ',3536,NULL),
  ('0000000036d5bf6d0136de5a7ce50014','2012-04-23 16:38:53','/meeting/portal/pri/meeting/getMeetingUsers.action',4548,'刘鸥',173,'13908518578',NULL,'10.196.2.150','mobile =  , meetingId = 173 , totalPage = 2 , currentPage = 1 , menu_id = 3536 , username =  , meeting.id = 173 , ',3536,NULL),
  ('0000000036d5bf6d0136de5a82f50015','2012-04-23 16:38:55','/meeting/portal/pri/meeting/getMeetingById.action',4548,'刘鸥',173,'13908518578',NULL,'10.196.2.150','returnType = portal_viewmeeting , menu_id = 3529 , menu_name = 首页 , meeting.id = 173 , ',3529,NULL),
  ('0000000036d5bf6d0136de5bf2040016','2012-04-23 16:40:29','/meeting/portal/pri/agenda/agendaList.action',4548,'刘鸥',173,'13908518578',NULL,'10.196.2.150','meetingId = 173 , menu_id = 3530 , menu_name = 会议议程 , ',3530,NULL),
  ('0000000036d5bf6d0136de5c8e5d0017','2012-04-23 16:41:09','/meeting/portal/pri/meeting/getMeetingById.action',4548,'刘鸥',173,'13908518578',NULL,'10.196.2.150','returnType = portal_viewmeeting , menu_id = 3529 , menu_name = 首页 , meeting.id = 173 , ',3529,NULL),
  ('0000000036d5bf6d0136de5dd33d0018','2012-04-23 16:42:32','/meeting/portal/pri/meeting/getMeetingById.action',4548,'刘鸥',173,'13908518578',NULL,'10.196.2.150','returnType = portal_viewmeeting , menu_id = 3529 , menu_name = 首页 , meeting.id = 173 , ',3529,NULL),
  ('0000000036d5bf6d0136de6aa6f90019','2012-04-23 16:56:33','/meeting/portal/pri/meeting/getMeetingById.action',4548,'刘鸥',173,'13908518578',NULL,'10.196.2.150','returnType = portal_viewmeeting , menu_id = 3529 , menu_name = 首页 , meeting.id = 173 , ',3529,NULL),
  ('0000000036d5bf6d0136de7641c0001a','2012-04-23 17:09:13','/meeting/portal/pri/meeting/getMeetingById.action',4548,'刘鸥',173,'13908518578',NULL,'10.196.2.150','returnType = portal_viewmeeting , menu_id = 3529 , menu_name = 首页 , meeting.id = 173 , ',3529,NULL),
  ('0000000036d5bf6d0136de764db5001b','2012-04-23 17:09:16','/meeting/portal/pri/meeting/getMeetingById.action',4548,'刘鸥',173,'13908518578',NULL,'10.196.2.150','returnType = portal_map , menu_id = 3535 , menu_name = 会场位置 , meeting.id = 173 , ',3535,NULL),
  ('0000000036d5bf6d0136de790687001c','2012-04-23 17:12:15','/meeting/portal/pri/meeting/getMeetingById.action',4460,'测试用户',173,'13865960090',NULL,'218.201.251.76','returnType = portal_viewmeeting , menu_id = 3529 , menu_name = 首页 , meeting.id = 173 , ',3529,NULL),
  ('0000000036d5bf6d0136de79596d001d','2012-04-23 17:12:36','/meeting/portal/pri/agenda/agendaList.action',4460,'测试用户',173,'13865960090',NULL,'218.201.251.76','meetingId = 173 , menu_id = 3530 , menu_name = 会议议程 , ',3530,NULL),
  ('0000000036d5bf6d0136de7a7daf001e','2012-04-23 17:13:51','/meeting/wap/pri/meeting/getMeetingById.action',4460,'测试用户',173,'13865960090',NULL,'218.201.251.76','returnType = wap , menu_id = 3518 , menu_name = 首页 , meeting.id = 173 , ',3518,NULL),
  ('0000000036d5bf6d0136de7a955f001f','2012-04-23 17:13:57','/meeting/wap/pri/agenda/view.action',4460,'测试用户',173,'13865960090',NULL,'218.201.251.76','meetingId = 173 , menu_id = 3520 , menu_name = 会议议程 , ',3520,NULL),
  ('0000000036d5bf6d0136e1db17ec0020','2012-04-24 08:58:13','/meeting/portal/pri/meeting/getMeetingById.action',4549,'周澍',173,'13984086789',NULL,'218.201.194.124','returnType = portal_viewmeeting , menu_id = 3529 , menu_name = 首页 , meeting.id = 173 , ',3529,NULL),
  ('0000000036d5bf6d0136e1dba0650021','2012-04-24 08:58:48','/meeting/portal/pri/meeting/getMeetingById.action',4548,'刘鸥',173,'13908518578',NULL,'218.201.251.77','returnType = portal_viewmeeting , menu_id = 3529 , menu_name = 首页 , meeting.id = 173 , ',3529,NULL),
  ('0000000036d5bf6d0136e1dc3d960022','2012-04-24 08:59:29','/meeting/portal/pri/agenda/agendaList.action',4549,'周澍',173,'13984086789',NULL,'218.201.194.124','meetingId = 173 , menu_id = 3530 , menu_name = 会议议程 , ',3530,NULL),
  ('0000000036d5bf6d0136e1dc55ff0023','2012-04-24 08:59:35','/meeting/portal/pri/meeting/getMeetingFilesPager.action',4549,'周澍',173,'13984086789',NULL,'218.201.194.124','meetingId = 173 , menu_id = 3531 , menu_name = 会议资料 , from = portal , ',3531,NULL),
  ('0000000036d5bf6d0136e1dc73b00024','2012-04-24 08:59:42','/meeting/portal/pri/agenda/agendaList.action',4549,'周澍',173,'13984086789',NULL,'218.201.194.124','meetingId = 173 , menu_id = 3530 , menu_name = 会议议程 , ',3530,NULL),
  ('0000000036d5bf6d0136e1dde3400025','2012-04-24 09:01:16','/meeting/portal/pri/meeting/getMeetingById.action',4481,'邹朝晖',173,'13908519502',NULL,'218.201.194.77','returnType = portal_viewmeeting , menu_id = 3529 , menu_name = 首页 , meeting.id = 173 , ',3529,NULL),
  ('0000000036d5bf6d0136e1de3e3f0026','2012-04-24 09:01:40','/meeting/portal/pri/agenda/agendaList.action',4481,'邹朝晖',173,'13908519502',NULL,'218.201.194.77','meetingId = 173 , menu_id = 3530 , menu_name = 会议议程 , ',3530,NULL),
  ('0000000036d5bf6d0136e1de498f0027','2012-04-24 09:01:43','/meeting/portal/pri/meeting/getMeetingFilesPager.action',4481,'邹朝晖',173,'13908519502',NULL,'218.201.194.77','meetingId = 173 , menu_id = 3531 , menu_name = 会议资料 , from = portal , ',3531,NULL),
  ('0000000036d5bf6d0136e1de53610028','2012-04-24 09:01:45','/meeting/portal/pri/interaction/postList.action',4481,'邹朝晖',173,'13908519502',NULL,'218.201.194.77','meetingId = 173 , menu_id = 3532 , menu_name = 互动交流 , ',3532,NULL),
  ('0000000036d5bf6d0136e1de5fa30029','2012-04-24 09:01:48','/meeting/portal/pri/news/show.action',4481,'邹朝晖',173,'13908519502',NULL,'218.201.194.77','meetingId = 173 , menu_id = 3543 , menu_name = 新闻中心 , ',3543,NULL),
  ('0000000036d5bf6d0136e1de6569002a','2012-04-24 09:01:50','/meeting/portal/pri/meeting/getMeetingById.action',4481,'邹朝晖',173,'13908519502',NULL,'218.201.194.77','returnType = portal_map , menu_id = 3535 , menu_name = 会场位置 , meeting.id = 173 , ',3535,NULL),
  ('0000000036d5bf6d0136e1dee1b2002b','2012-04-24 09:02:22','/meeting/portal/pri/meeting/getMeetingUsers.action',4481,'邹朝晖',173,'13908519502',NULL,'218.201.194.77','menu_id = 3536 , menu_name = 通讯录 , meeting.id = 173 , ',3536,NULL),
  ('0000000036d5bf6d0136e1def103002c','2012-04-24 09:02:26','/meeting/portal/pri/meeting/getMeetingById.action',4481,'邹朝晖',173,'13908519502',NULL,'218.201.194.77','returnType = portal_viewmeeting , menu_id = 3529 , menu_name = 首页 , meeting.id = 173 , ',3529,NULL),
  ('0000000036d5bf6d0136e1e214e8002d','2012-04-24 09:05:51','/meeting/portal/pri/agenda/agendaList.action',4481,'邹朝晖',173,'13908519502',NULL,'218.201.194.77','meetingId = 173 , menu_id = 2729 , ',2729,NULL),
  ('0000000036d5bf6d0136e1e2ab2c002e','2012-04-24 09:06:30','/meeting/portal/pri/meeting/getMeetingById.action',4576,'肖静',173,'13508508819',NULL,'218.201.194.111','returnType = portal_viewmeeting , menu_id = 3529 , menu_name = 首页 , meeting.id = 173 , ',3529,NULL),
  ('0000000036d5bf6d0136e1e3128e002f','2012-04-24 09:06:56','/meeting/portal/pri/agenda/agendaList.action',4576,'肖静',173,'13508508819',NULL,'218.201.194.111','meetingId = 173 , menu_id = 3530 , menu_name = 会议议程 , ',3530,NULL),
  ('0000000036d5bf6d0136e1e34fa70030','2012-04-24 09:07:12','/meeting/portal/pri/meeting/getMeetingFilesPager.action',4576,'肖静',173,'13508508819',NULL,'218.201.194.111','meetingId = 173 , menu_id = 3531 , menu_name = 会议资料 , from = portal , ',3531,NULL),
  ('0000000036d5bf6d0136e1e36bb20031','2012-04-24 09:07:19','/meeting/portal/pri/interaction/postList.action',4576,'肖静',173,'13508508819',NULL,'218.201.194.111','meetingId = 173 , menu_id = 3532 , menu_name = 互动交流 , ',3532,NULL),
  ('0000000036d5bf6d0136e1e38ab20032','2012-04-24 09:07:27','/meeting/portal/pri/news/show.action',4576,'肖静',173,'13508508819',NULL,'218.201.194.111','meetingId = 173 , menu_id = 3543 , menu_name = 新闻中心 , ',3543,NULL),
  ('0000000036d5bf6d0136e1e39b870033','2012-04-24 09:07:31','/meeting/portal/pri/meeting/getMeetingById.action',4576,'肖静',173,'13508508819',NULL,'218.201.194.111','returnType = portal_map , menu_id = 3535 , menu_name = 会场位置 , meeting.id = 173 , ',3535,NULL),
  ('0000000036d5bf6d0136e1e3c58e0034','2012-04-24 09:07:42','/meeting/portal/pri/meeting/getMeetingUsers.action',4576,'肖静',173,'13508508819',NULL,'218.201.194.111','menu_id = 3536 , menu_name = 通讯录 , meeting.id = 173 , ',3536,NULL),
  ('0000000036d5bf6d0136e1e4c0b10035','2012-04-24 09:08:46','/meeting/portal/pri/meeting/getMeetingById.action',4549,'周澍',173,'13984086789',NULL,'218.201.194.124','returnType = portal_viewmeeting , menu_id = 3529 , menu_name = 首页 , meeting.id = 173 , ',3529,NULL),
  ('0000000036d5bf6d0136e1e4de7e0036','2012-04-24 09:08:54','/meeting/portal/pri/meeting/getMeetingById.action',4588,'宋飞',173,'13508579695',NULL,'218.201.194.108','returnType = portal_viewmeeting , menu_id = 3529 , menu_name = 首页 , meeting.id = 173 , ',3529,NULL),
  ('0000000036d5bf6d0136e1e54ed50037','2012-04-24 09:09:23','/meeting/portal/pri/meeting/getMeetingUsers.action',4576,'肖静',173,'13508508819',NULL,'218.201.194.111','mobile =  , meetingId = 173 , totalPage = 2 , currentPage = 2 , menu_id = 3536 , username =  , meeting.id = 173 , ',3536,NULL),
  ('0000000036d5bf6d0136e1e5c71a0038','2012-04-24 09:09:54','/meeting/portal/pri/agenda/agendaList.action',4588,'宋飞',173,'13508579695',NULL,'218.201.194.108','meetingId = 173 , menu_id = 3530 , menu_name = 会议议程 , ',3530,NULL),
  ('0000000036d5bf6d0136e1e5de250039','2012-04-24 09:09:59','/meeting/portal/pri/meeting/getMeetingFilesPager.action',4588,'宋飞',173,'13508579695',NULL,'218.201.194.108','meetingId = 173 , menu_id = 3531 , menu_name = 会议资料 , from = portal , ',3531,NULL),
  ('0000000036d5bf6d0136e1e5e830003a','2012-04-24 09:10:02','/meeting/portal/pri/agenda/agendaList.action',4576,'肖静',173,'13508508819',NULL,'218.201.194.111','meetingId = 173 , menu_id = 3530 , menu_name = 会议议程 , ',3530,NULL),
  ('0000000036d5bf6d0136e1e60017003b','2012-04-24 09:10:08','/meeting/portal/pri/interaction/postList.action',4588,'宋飞',173,'13508579695',NULL,'218.201.194.108','meetingId = 173 , menu_id = 3532 , menu_name = 互动交流 , ',3532,NULL),
  ('0000000036d5bf6d0136e1e60d40003c','2012-04-24 09:10:12','/meeting/portal/pri/news/show.action',4588,'宋飞',173,'13508579695',NULL,'218.201.194.108','meetingId = 173 , menu_id = 3543 , menu_name = 新闻中心 , ',3543,NULL),
  ('0000000036d5bf6d0136e1e61496003d','2012-04-24 09:10:13','/meeting/portal/pri/meeting/getMeetingById.action',4588,'宋飞',173,'13508579695',NULL,'218.201.194.108','returnType = portal_map , menu_id = 3535 , menu_name = 会场位置 , meeting.id = 173 , ',3535,NULL),
  ('0000000036d5bf6d0136e1e63725003e','2012-04-24 09:10:22','/meeting/portal/pri/meeting/getMeetingUsers.action',4588,'宋飞',173,'13508579695',NULL,'218.201.194.108','menu_id = 3536 , menu_name = 通讯录 , meeting.id = 173 , ',3536,NULL),
  ('0000000036d5bf6d0136e1e64a7f003f','2012-04-24 09:10:27','/meeting/portal/pri/meeting/getMeetingById.action',4549,'周澍',173,'13984086789',NULL,'218.201.194.124','returnType = portal_viewmeeting , menu_id = 3529 , menu_name = 首页 , meeting.id = 173 , ',3529,NULL),
  ('0000000036d5bf6d0136e1e9a6f90040','2012-04-24 09:14:07','/meeting/portal/pri/agenda/agendaList.action',4549,'周澍',173,'13984086789',NULL,'218.201.194.124','meetingId = 173 , menu_id = 3530 , menu_name = 会议议程 , ',3530,NULL),
  ('0000000036d5bf6d0136e1e9ae0f0041','2012-04-24 09:14:09','/meeting/portal/pri/meeting/getMeetingFilesPager.action',4549,'周澍',173,'13984086789',NULL,'218.201.194.124','meetingId = 173 , menu_id = 3531 , menu_name = 会议资料 , from = portal , ',3531,NULL),
  ('0000000036d5bf6d0136e1e9e8e10042','2012-04-24 09:14:24','/meeting/portal/pri/meeting/getMeetingById.action',4549,'周澍',173,'13984086789',NULL,'218.201.194.124','returnType = portal_viewmeeting , menu_id = 3529 , menu_name = 首页 , meeting.id = 173 , ',3529,NULL),
  ('0000000036d5bf6d0136e1f26c560043','2012-04-24 09:23:42','/meeting/wap/pri/meeting/getMeetingById.action',4608,'周澍',173,'13908516869',NULL,'183.213.18.66','returnType = wap , menu_id = 3518 , menu_name = 首页 , meeting.id = 173 , ',3518,NULL),
  ('0000000036d5bf6d0136e1f2796f0044','2012-04-24 09:23:46','/meeting/wap/pri/meeting/getMeetingById.action',4608,'周澍',173,'13908516869',NULL,'183.213.18.66','returnType = wap , menu_id = 3518 , menu_name = 首页 , meeting.id = 173 , ',3518,NULL),
  ('0000000036d5bf6d0136e1f6a1990045','2012-04-24 09:28:18','/meeting/portal/pri/meeting/getMeetingById.action',4481,'邹朝晖',173,'13908519502',NULL,'218.201.194.77','returnType = portal_viewmeeting , menu_id = 3529 , menu_name = 首页 , meeting.id = 173 , ',3529,NULL),
  ('0000000036d5bf6d0136e2014b090046','2012-04-24 09:39:57','/meeting/portal/pri/meeting/getMeetingById.action',4544,'王才刚',173,'13908599288',NULL,'218.201.194.76','returnType = portal_viewmeeting , menu_id = 3529 , menu_name = 首页 , meeting.id = 173 , ',3529,NULL),
  ('0000000036d5bf6d0136e201d2490047','2012-04-24 09:40:31','/meeting/portal/pri/meeting/getMeetingFilesPager.action',4544,'王才刚',173,'13908599288',NULL,'218.201.194.76','meetingId = 173 , menu_id = 3531 , menu_name = 会议资料 , from = portal , ',3531,NULL),
  ('0000000036d5bf6d0136e2041ace0048','2012-04-24 09:43:01','/meeting/portal/pri/meeting/getMeetingUsers.action',4544,'王才刚',173,'13908599288',NULL,'218.201.194.76','menu_id = 3536 , menu_name = 通讯录 , meeting.id = 173 , ',3536,NULL),
  ('0000000036d5bf6d0136e20451bc0049','2012-04-24 09:43:15','/meeting/portal/pri/meeting/getMeetingUsers.action',4544,'王才刚',173,'13908599288',NULL,'218.201.194.76','mobile =  , meetingId = 173 , totalPage = 2 , currentPage = 2 , menu_id = 3536 , username =  , meeting.id = 173 , ',3536,NULL),
  ('0000000036d5bf6d0136e205c3de004a','2012-04-24 09:44:50','/meeting/portal/pri/meeting/getMeetingById.action',4544,'王才刚',173,'13908599288',NULL,'218.201.194.76','returnType = portal_map , menu_id = 3535 , menu_name = 会场位置 , meeting.id = 173 , ',3535,NULL),
  ('0000000036d5bf6d0136e205eb0e004b','2012-04-24 09:45:00','/meeting/portal/pri/news/show.action',4544,'王才刚',173,'13908599288',NULL,'218.201.194.76','meetingId = 173 , menu_id = 3543 , menu_name = 新闻中心 , ',3543,NULL),
  ('0000000036d5bf6d0136e205f2b5004c','2012-04-24 09:45:02','/meeting/portal/pri/interaction/postList.action',4544,'王才刚',173,'13908599288',NULL,'218.201.194.76','meetingId = 173 , menu_id = 3532 , menu_name = 互动交流 , ',3532,NULL),
  ('0000000036d5bf6d0136e205f98f004d','2012-04-24 09:45:04','/meeting/portal/pri/meeting/getMeetingFilesPager.action',4544,'王才刚',173,'13908599288',NULL,'218.201.194.76','meetingId = 173 , menu_id = 3531 , menu_name = 会议资料 , from = portal , ',3531,NULL),
  ('0000000036d5bf6d0136e20600e3004e','2012-04-24 09:45:06','/meeting/portal/pri/agenda/agendaList.action',4544,'王才刚',173,'13908599288',NULL,'218.201.194.76','meetingId = 173 , menu_id = 3530 , menu_name = 会议议程 , ',3530,NULL),
  ('0000000036d5bf6d0136e20674e2004f','2012-04-24 09:45:35','/meeting/portal/pri/meeting/getMeetingById.action',4544,'王才刚',173,'13908599288',NULL,'218.201.194.76','returnType = portal_viewmeeting , menu_id = 3529 , menu_name = 首页 , meeting.id = 173 , ',3529,NULL),
  ('0000000036d5bf6d0136e207a7c50050','2012-04-24 09:46:54','/meeting/client/pri/meeting/analyticsLog.action',4608,'周澍',173,'13908516869',NULL,'10.179.225.75','meetingId = 173 , imei = 61c7fdd8-7fff-465d-8f9a-f7d8ef761917 , menu_id = 3552 , ',3552,NULL),
  ('0000000036d5bf6d0136e207d53a0051','2012-04-24 09:47:05','/meeting/client/pri/meeting/analyticsLog.action',4608,'周澍',173,'13908516869',NULL,'10.179.225.75','meetingId = 173 , imei = 61c7fdd8-7fff-465d-8f9a-f7d8ef761917 , menu_id = 3553 , ',3553,NULL),
  ('0000000036d5bf6d0136e208194a0052','2012-04-24 09:47:23','/meeting/client/pri/meeting/analyticsLog.action',4608,'周澍',173,'13908516869',NULL,'10.179.225.75','meetingId = 173 , imei = 61c7fdd8-7fff-465d-8f9a-f7d8ef761917 , menu_id = 3554 , ',3554,NULL),
  ('0000000036d5bf6d0136e20afc3d0053','2012-04-24 09:50:32','/meeting/client/pri/meeting/analyticsLog.action',4608,'周澍',173,'13908516869',NULL,'10.179.225.75','meetingId = 173 , imei = 61c7fdd8-7fff-465d-8f9a-f7d8ef761917 , menu_id = 3561 , ',3561,NULL),
  ('0000000036d5bf6d0136e21171e20054','2012-04-24 09:57:35','/meeting/portal/pri/meeting/getMeetingById.action',4549,'周澍',173,'13984086789',NULL,'218.201.194.124','returnType = portal_viewmeeting , menu_id = 3529 , menu_name = 首页 , meeting.id = 173 , ',3529,NULL),
  ('0000000036d5bf6d0136e2118e0b0055','2012-04-24 09:57:43','/meeting/portal/pri/interaction/postList.action',4549,'周澍',173,'13984086789',NULL,'218.201.194.124','meetingId = 173 , menu_id = 3532 , menu_name = 互动交流 , ',3532,NULL),
  ('0000000036d5bf6d0136e211a1500056','2012-04-24 09:57:47','/meeting/portal/pri/meeting/getMeetingById.action',4549,'周澍',173,'13984086789',NULL,'218.201.194.124','returnType = portal_viewmeeting , menu_id = 3529 , menu_name = 首页 , meeting.id = 173 , ',3529,NULL),
  ('0000000036d5bf6d0136e2179a6f0057','2012-04-24 10:04:19','/meeting/client/pri/meeting/analyticsLog.action',4608,'周澍',173,'13908516869',NULL,'10.179.225.75','meetingId = 173 , imei = 61c7fdd8-7fff-465d-8f9a-f7d8ef761917 , menu_id = 3557 , ',3557,NULL),
  ('0000000036d5bf6d0136e21a219d0058','2012-04-24 10:07:05','/meeting/portal/pri/meeting/getMeetingById.action',4548,'刘鸥',173,'13908518578',NULL,'218.201.251.77','returnType = portal_viewmeeting , menu_id = 3529 , menu_name = 首页 , meeting.id = 173 , ',3529,NULL),
  ('0000000036d5bf6d0136e21a567b0059','2012-04-24 10:07:18','/meeting/portal/pri/agenda/agendaList.action',4548,'刘鸥',173,'13908518578',NULL,'218.201.251.77','meetingId = 173 , menu_id = 3530 , menu_name = 会议议程 , ',3530,NULL),
  ('0000000036d5bf6d0136e21a5b13005a','2012-04-24 10:07:19','/meeting/portal/pri/meeting/getMeetingFilesPager.action',4548,'刘鸥',173,'13908518578',NULL,'218.201.251.77','meetingId = 173 , menu_id = 3531 , menu_name = 会议资料 , from = portal , ',3531,NULL),
  ('0000000036d5bf6d0136e21a5e55005b','2012-04-24 10:07:20','/meeting/portal/pri/interaction/postList.action',4548,'刘鸥',173,'13908518578',NULL,'218.201.251.77','meetingId = 173 , menu_id = 3532 , menu_name = 互动交流 , ',3532,NULL),
  ('0000000036d5bf6d0136e21a623b005c','2012-04-24 10:07:21','/meeting/portal/pri/news/show.action',4548,'刘鸥',173,'13908518578',NULL,'218.201.251.77','meetingId = 173 , menu_id = 3543 , menu_name = 新闻中心 , ',3543,NULL),
  ('0000000036d5bf6d0136e21a6554005d','2012-04-24 10:07:22','/meeting/portal/pri/meeting/getMeetingById.action',4548,'刘鸥',173,'13908518578',NULL,'218.201.251.77','returnType = portal_viewmeeting , menu_id = 3529 , menu_name = 首页 , meeting.id = 173 , ',3529,NULL),
  ('0000000036d5bf6d0136e21a99d3005e','2012-04-24 10:07:35','/meeting/portal/pri/meeting/getDinnerInfo.action',4548,'刘鸥',173,'13908518578',NULL,'218.201.251.77','meetingId = 173 , menu_id = 2732 , ',2732,NULL),
  ('0000000036d5bf6d0136e21c7f89005f','2012-04-24 10:09:40','/meeting/portal/pri/agenda/agendaList.action',4549,'周澍',173,'13984086789',NULL,'218.201.194.124','meetingId = 173 , menu_id = 3530 , menu_name = 会议议程 , ',3530,NULL),
  ('0000000036d5bf6d0136e21c8e610060','2012-04-24 10:09:44','/meeting/portal/pri/meeting/getMeetingFilesPager.action',4549,'周澍',173,'13984086789',NULL,'218.201.194.124','meetingId = 173 , menu_id = 3531 , menu_name = 会议资料 , from = portal , ',3531,NULL),
  ('0000000036d5bf6d0136e21c93990061','2012-04-24 10:09:45','/meeting/portal/pri/interaction/postList.action',4549,'周澍',173,'13984086789',NULL,'218.201.194.124','meetingId = 173 , menu_id = 3532 , menu_name = 互动交流 , ',3532,NULL),
  ('0000000036d5bf6d0136e21c981b0062','2012-04-24 10:09:46','/meeting/portal/pri/news/show.action',4549,'周澍',173,'13984086789',NULL,'218.201.194.124','meetingId = 173 , menu_id = 3543 , menu_name = 新闻中心 , ',3543,NULL),
  ('0000000036d5bf6d0136e21c9def0063','2012-04-24 10:09:48','/meeting/portal/pri/meeting/getMeetingById.action',4549,'周澍',173,'13984086789',NULL,'218.201.194.124','returnType = portal_map , menu_id = 3535 , menu_name = 会场位置 , meeting.id = 173 , ',3535,NULL),
  ('0000000036d5bf6d0136e21cb1600064','2012-04-24 10:09:52','/meeting/portal/pri/meeting/getMeetingById.action',4549,'周澍',173,'13984086789',NULL,'218.201.194.124','returnType = portal_viewmeeting , menu_id = 3529 , menu_name = 首页 , meeting.id = 173 , ',3529,NULL),
  ('0000000036d5bf6d0136e21ccd3c0065','2012-04-24 10:10:00','/meeting/portal/pri/meeting/getDinnerInfo.action',4549,'周澍',173,'13984086789',NULL,'218.201.194.124','meetingId = 173 , menu_id = 2732 , ',2732,NULL),
  ('0000000036d5bf6d0136e21cdf060066','2012-04-24 10:10:04','/meeting/portal/pri/meeting/getMeetingById.action',4549,'周澍',173,'13984086789',NULL,'218.201.194.124','returnType = portal_viewmeeting , menu_id = 3529 , menu_name = 首页 , meeting.id = 173 , ',3529,NULL),
  ('0000000036d5bf6d0136e21dba6b0067','2012-04-24 10:11:00','/meeting/portal/pri/meeting/getDinnerInfo.action',4548,'刘鸥',173,'13908518578',NULL,'218.201.251.77','meetingId = 173 , menu_id = 2732 , ',2732,NULL),
  ('0000000036d5bf6d0136e21ebeb10068','2012-04-24 10:12:07','/meeting/portal/pri/meeting/getDinnerInfo.action',4548,'刘鸥',173,'13908518578',NULL,'218.201.251.77','meetingId = 173 , menu_id = 2732 , ',2732,NULL),
  ('0000000036d5bf6d0136e220f2c80069','2012-04-24 10:14:31','/meeting/portal/pri/meeting/getMeetingById.action',4460,'测试用户',173,'13865960090',NULL,'218.201.251.75','returnType = portal_viewmeeting , menu_id = 3529 , menu_name = 首页 , meeting.id = 173 , ',3529,NULL),
  ('0000000036d5bf6d0136e22115a4006a','2012-04-24 10:14:40','/meeting/portal/pri/meeting/getMeetingById.action',4460,'测试用户',173,'13865960090',NULL,'218.201.251.75','returnType = portal_viewmeeting , menu_id = 3529 , menu_name = 首页 , meeting.id = 173 , ',3529,NULL),
  ('0000000036d5bf6d0136e2212be7006b','2012-04-24 10:14:46','/meeting/portal/pri/meeting/getDinnerInfo.action',4548,'刘鸥',173,'13908518578',NULL,'218.201.251.77','meetingId = 173 , menu_id = 2732 , ',2732,NULL),
  ('0000000036d5bf6d0136e22199ad006c','2012-04-24 10:15:14','/meeting/portal/pri/meeting/getMeetingById.action',4460,'测试用户',173,'13865960090',NULL,'218.201.251.75','returnType = portal_viewmeeting , menu_id = 3529 , menu_name = 首页 , meeting.id = 173 , ',3529,NULL),
  ('0000000036d5bf6d0136e221e22b006d','2012-04-24 10:15:33','/meeting/portal/pri/meeting/getDinnerInfo.action',4548,'刘鸥',173,'13908518578',NULL,'218.201.251.77','meetingId = 173 , menu_id = 2732 , ',2732,NULL),
  ('0000000036d5bf6d0136e221f3a3006e','2012-04-24 10:15:37','/meeting/portal/pri/meeting/getMeetingById.action',4460,'测试用户',170,'13865960090',NULL,'218.201.251.75','returnType = portal_viewmeeting , menu_id = 3294 , menu_name = 首页 , meeting.id = 170 , ',3294,NULL),
  ('0000000036d5bf6d0136e2222734006f','2012-04-24 10:15:50','/meeting/client/pri/meeting/analyticsLog.action',4608,'周澍',173,'13908516869',NULL,'10.179.225.75','meetingId = 173 , imei = 61c7fdd8-7fff-465d-8f9a-f7d8ef761917 , menu_id = 3557 , ',3557,NULL),
  ('0000000036d5bf6d0136e2223c6e0070','2012-04-24 10:15:56','/meeting/portal/pri/meeting/getMeetingById.action',4460,'测试用户',166,'13865960090',NULL,'218.201.251.75','returnType = portal_viewmeeting , menu_id = 3062 , menu_name = 首页 , meeting.id = 166 , ',3062,NULL),
  ('0000000036d5bf6d0136e222b14b0071','2012-04-24 10:16:26','/meeting/portal/pri/meeting/getMeetingById.action',4460,'测试用户',164,'13865960090',NULL,'218.201.251.75','returnType = portal_viewmeeting , menu_id = 2991 , menu_name = 首页 , meeting.id = 164 , ',2991,NULL),
  ('0000000036d5bf6d0136e222c27f0072','2012-04-24 10:16:30','/meeting/portal/pri/meeting/getDinnerInfo.action',4460,'测试用户',164,'13865960090',NULL,'218.201.251.75','meetingId = 164 , menu_id = 2995 , menu_name = 餐饮安排 , ',2995,NULL),
  ('0000000036d5bf6d0136e223499b0073','2012-04-24 10:17:05','/meeting/portal/pri/meeting/getMeetingById.action',4460,'测试用户',164,'13865960090',NULL,'218.201.251.75','returnType = portal_viewmeeting , menu_id = 2991 , menu_name = 首页 , meeting.id = 164 , ',2991,NULL),
  ('0000000036d5bf6d0136e22355b70074','2012-04-24 10:17:08','/meeting/client/pri/meeting/analyticsLog.action',4608,'周澍',173,'13908516869',NULL,'10.179.225.75','meetingId = 173 , imei = 61c7fdd8-7fff-465d-8f9a-f7d8ef761917 , menu_id = 3554 , ',3554,NULL),
  ('0000000036d5bf6d0136e2235b370075','2012-04-24 10:17:09','/meeting/portal/pri/meeting/getDinnerInfo.action',4460,'测试用户',164,'13865960090',NULL,'218.201.251.75','meetingId = 164 , menu_id = 2732 , ',2732,NULL),
  ('0000000036d5bf6d0136e226373a0076','2012-04-24 10:20:17','/meeting/portal/pri/meeting/getDinnerInfo.action',4460,'测试用户',164,'13865960090',NULL,'218.201.251.75','meetingId = 164 , menu_id = 2732 , ',2732,NULL),
  ('0000000036d5bf6d0136e22648f90077','2012-04-24 10:20:21','/meeting/portal/pri/meeting/getMeetingById.action',4549,'周澍',173,'13984086789',NULL,'218.201.194.124','returnType = portal_viewmeeting , menu_id = 3529 , menu_name = 首页 , meeting.id = 173 , ',3529,NULL),
  ('0000000036d5bf6d0136e2285dde0078','2012-04-24 10:22:38','/meeting/client/pri/meeting/analyticsLog.action',4608,'周澍',173,'13908516869',NULL,'10.179.225.75','meetingId = 173 , imei = 61c7fdd8-7fff-465d-8f9a-f7d8ef761917 , menu_id = 3557 , ',3557,NULL),
  ('0000000036d5bf6d0136e22944380079','2012-04-24 10:23:37','/meeting/client/pri/meeting/analyticsLog.action',4608,'周澍',173,'13908516869',NULL,'10.179.225.75','meetingId = 173 , imei = 61c7fdd8-7fff-465d-8f9a-f7d8ef761917 , menu_id = 3552 , ',3552,NULL),
  ('0000000036d5bf6d0136e2357506007a','2012-04-24 10:36:55','/meeting/portal/pri/meeting/getDinnerInfo.action',4548,'刘鸥',173,'13908518578',NULL,'218.201.251.77','meetingId = 173 , menu_id = 2732 , ',2732,NULL),
  ('0000000036d5bf6d0136e23577ad007b','2012-04-24 10:36:56','/meeting/portal/pri/meeting/getDinnerInfo.action',4548,'刘鸥',173,'13908518578',NULL,'218.201.251.77','meetingId = 173 , menu_id = 2732 , ',2732,NULL),
  ('0000000036d5bf6d0136e23578fc007c','2012-04-24 10:36:56','/meeting/portal/pri/meeting/getDinnerInfo.action',4548,'刘鸥',173,'13908518578',NULL,'218.201.251.77','meetingId = 173 , menu_id = 2732 , ',2732,NULL),
  ('0000000036d5bf6d0136e23579d0007d','2012-04-24 10:36:57','/meeting/portal/pri/meeting/getDinnerInfo.action',4548,'刘鸥',173,'13908518578',NULL,'218.201.251.77','meetingId = 173 , menu_id = 2732 , ',2732,NULL),
  ('0000000036d5bf6d0136e2357a8c007e','2012-04-24 10:36:57','/meeting/portal/pri/meeting/getDinnerInfo.action',4548,'刘鸥',173,'13908518578',NULL,'218.201.251.77','meetingId = 173 , menu_id = 2732 , ',2732,NULL),
  ('0000000036d5bf6d0136e2357b5c007f','2012-04-24 10:36:57','/meeting/portal/pri/meeting/getDinnerInfo.action',4548,'刘鸥',173,'13908518578',NULL,'218.201.251.77','meetingId = 173 , menu_id = 2732 , ',2732,NULL),
  ('0000000036d5bf6d0136e2357c1a0080','2012-04-24 10:36:57','/meeting/portal/pri/meeting/getDinnerInfo.action',4548,'刘鸥',173,'13908518578',NULL,'218.201.251.77','meetingId = 173 , menu_id = 2732 , ',2732,NULL),
  ('0000000036d5bf6d0136e23b86c80081','2012-04-24 10:43:33','/meeting/portal/pri/meeting/getMeetingById.action',4549,'周澍',173,'13984086789',NULL,'218.201.194.124','returnType = portal_viewmeeting , menu_id = 3529 , menu_name = ??? , meeting.id = 173 , ',3529,NULL),
  ('0000000036d5bf6d0136e23db6c10082','2012-04-24 10:45:57','/meeting/client/pri/meeting/analyticsLog.action',4608,'周澍',173,'13908516869',NULL,'10.179.225.75','meetingId = 173 , imei = 61c7fdd8-7fff-465d-8f9a-f7d8ef761917 , menu_id = 3557 , ',3557,NULL),
  ('0000000036d5bf6d0136e23ec4a80083','2012-04-24 10:47:06','/meeting/portal/pri/meeting/getMeetingById.action',4574,'詹玮',173,'13908530056',NULL,'218.201.194.105','returnType = portal_viewmeeting , menu_id = 3529 , menu_name = 首页 , meeting.id = 173 , ',3529,NULL),
  ('0000000036d5bf6d0136e23f2ce10084','2012-04-24 10:47:32','/meeting/portal/pri/agenda/agendaList.action',4574,'詹玮',173,'13908530056',NULL,'218.201.194.105','meetingId = 173 , menu_id = 3530 , menu_name = 会议议程 , ',3530,NULL),
  ('0000000036d5bf6d0136e23f3b570085','2012-04-24 10:47:36','/meeting/portal/pri/meeting/getMeetingFilesPager.action',4574,'詹玮',173,'13908530056',NULL,'218.201.194.105','meetingId = 173 , menu_id = 3531 , menu_name = 会议资料 , from = portal , ',3531,NULL),
  ('0000000036d5bf6d0136e23f55260086','2012-04-24 10:47:43','/meeting/portal/pri/interaction/postList.action',4574,'詹玮',173,'13908530056',NULL,'218.201.194.105','meetingId = 173 , menu_id = 3532 , menu_name = 互动交流 , ',3532,NULL),
  ('0000000036d5bf6d0136e23f76440087','2012-04-24 10:47:51','/meeting/portal/pri/news/show.action',4574,'詹玮',173,'13908530056',NULL,'218.201.194.105','meetingId = 173 , menu_id = 3543 , menu_name = 新闻中心 , ',3543,NULL),
  ('0000000036d5bf6d0136e23f7f950088','2012-04-24 10:47:54','/meeting/portal/pri/meeting/getMeetingById.action',4574,'詹玮',173,'13908530056',NULL,'218.201.194.105','returnType = portal_map , menu_id = 3535 , menu_name = 会场位置 , meeting.id = 173 , ',3535,NULL),
  ('0000000036d5bf6d0136e23fabe70089','2012-04-24 10:48:05','/meeting/portal/pri/meeting/getMeetingUsers.action',4574,'詹玮',173,'13908530056',NULL,'218.201.194.105','menu_id = 3536 , menu_name = 通讯录 , meeting.id = 173 , ',3536,NULL),
  ('0000000036d5bf6d0136e23ffd56008a','2012-04-24 10:48:26','/meeting/portal/pri/meeting/getMeetingById.action',4574,'詹玮',173,'13908530056',NULL,'218.201.194.105','returnType = portal_viewmeeting , menu_id = 3529 , menu_name = 首页 , meeting.id = 173 , ',3529,NULL),
  ('0000000036d5bf6d0136e24127e9008b','2012-04-24 10:49:42','/meeting/portal/pri/meeting/getDinnerInfo.action',4548,'刘鸥',173,'13908518578',NULL,'218.201.251.77','meetingId = 173 , menu_id = 2732 , ',2732,NULL),
  ('0000000036d5bf6d0136e2413ff0008c','2012-04-24 10:49:48','/meeting/portal/pri/meeting/getMeetingById.action',4548,'刘鸥',173,'13908518578',NULL,'218.201.251.77','returnType = portal_viewmeeting , menu_id = 3529 , menu_name = 首页 , meeting.id = 173 , ',3529,NULL),
  ('0000000036d5bf6d0136e24146a1008d','2012-04-24 10:49:50','/meeting/portal/pri/agenda/agendaList.action',4548,'刘鸥',173,'13908518578',NULL,'218.201.251.77','meetingId = 173 , menu_id = 3530 , menu_name = 会议议程 , ',3530,NULL),
  ('0000000036d5bf6d0136e2414931008e','2012-04-24 10:49:51','/meeting/portal/pri/meeting/getMeetingFilesPager.action',4548,'刘鸥',173,'13908518578',NULL,'218.201.251.77','meetingId = 173 , menu_id = 3531 , menu_name = 会议资料 , from = portal , ',3531,NULL),
  ('0000000036d5bf6d0136e2414b41008f','2012-04-24 10:49:51','/meeting/portal/pri/interaction/postList.action',4548,'刘鸥',173,'13908518578',NULL,'218.201.251.77','meetingId = 173 , menu_id = 3532 , menu_name = 互动交流 , ',3532,NULL),
  ('0000000036d5bf6d0136e2414d920090','2012-04-24 10:49:52','/meeting/portal/pri/news/show.action',4548,'刘鸥',173,'13908518578',NULL,'218.201.251.77','meetingId = 173 , menu_id = 3543 , menu_name = 新闻中心 , ',3543,NULL),
  ('0000000036d5bf6d0136e24150f20091','2012-04-24 10:49:53','/meeting/portal/pri/meeting/getMeetingById.action',4548,'刘鸥',173,'13908518578',NULL,'218.201.251.77','returnType = portal_viewmeeting , menu_id = 3529 , menu_name = 首页 , meeting.id = 173 , ',3529,NULL),
  ('0000000036d5bf6d0136e2415ee40092','2012-04-24 10:49:56','/meeting/portal/pri/meeting/getDinnerInfo.action',4548,'刘鸥',173,'13908518578',NULL,'218.201.251.77','meetingId = 173 , menu_id = 2732 , ',2732,NULL),
  ('0000000036d5bf6d0136e241a1af0093','2012-04-24 10:50:13','/meeting/portal/pri/meeting/getMeetingById.action',4548,'刘鸥',173,'13908518578',NULL,'218.201.251.77','returnType = portal_viewmeeting , menu_id = 3529 , menu_name = 首页 , meeting.id = 173 , ',3529,NULL),
  ('0000000036d5bf6d0136e24c33c60094','2012-04-24 11:01:46','/meeting/client/pri/meeting/analyticsLog.action',4608,'周澍',173,'13908516869',NULL,'10.179.225.75','meetingId = 173 , imei = 61c7fdd8-7fff-465d-8f9a-f7d8ef761917 , menu_id = 3557 , ',3557,NULL),
  ('0000000036d5bf6d0136e24fa0b20095','2012-04-24 11:05:31','/meeting/portal/pri/meeting/getMeetingById.action',4549,'周澍',173,'13984086789',NULL,'218.201.194.124','returnType = portal_viewmeeting , menu_id = 3529 , menu_name = 首页 , meeting.id = 173 , ',3529,NULL),
  ('0000000036d5bf6d0136e24fab190096','2012-04-24 11:05:33','/meeting/portal/pri/agenda/agendaList.action',4549,'周澍',173,'13984086789',NULL,'218.201.194.124','meetingId = 173 , menu_id = 3530 , menu_name = 会议议程 , ',3530,NULL),
  ('0000000036d5bf6d0136e24fb2280097','2012-04-24 11:05:35','/meeting/portal/pri/meeting/getMeetingFilesPager.action',4549,'周澍',173,'13984086789',NULL,'218.201.194.124','meetingId = 173 , menu_id = 3531 , menu_name = 会议资料 , from = portal , ',3531,NULL),
  ('0000000036d5bf6d0136e250fd130098','2012-04-24 11:07:00','/meeting/portal/pri/news/show.action',4549,'周澍',173,'13984086789',NULL,'218.201.194.124','meetingId = 173 , menu_id = 3543 , menu_name = 新闻中心 , ',3543,NULL),
  ('0000000036d5bf6d0136e2510e0c0099','2012-04-24 11:07:04','/meeting/portal/pri/interaction/postList.action',4549,'周澍',173,'13984086789',NULL,'218.201.194.124','meetingId = 173 , menu_id = 3532 , menu_name = 互动交流 , ',3532,NULL),
  ('0000000036d5bf6d0136e251268f009a','2012-04-24 11:07:10','/meeting/portal/pri/meeting/getMeetingFilesPager.action',4549,'周澍',173,'13984086789',NULL,'218.201.194.124','meetingId = 173 , menu_id = 3531 , menu_name = 会议资料 , from = portal , ',3531,NULL),
  ('0000000036d5bf6d0136e2512f3a009b','2012-04-24 11:07:13','/meeting/portal/pri/meeting/getMeetingById.action',4549,'周澍',173,'13984086789',NULL,'218.201.194.124','returnType = portal_viewmeeting , menu_id = 3529 , menu_name = 首页 , meeting.id = 173 , ',3529,NULL),
  ('0000000036d5bf6d0136e2591118009c','2012-04-24 11:15:49','/meeting/portal/pri/meeting/getMeetingFilesPager.action',4549,'周澍',173,'13984086789',NULL,'218.201.194.124','meetingId = 173 , menu_id = 3531 , menu_name = 会议资料 , from = portal , ',3531,NULL),
  ('0000000036d5bf6d0136e2591b91009d','2012-04-24 11:15:52','/meeting/portal/pri/agenda/agendaList.action',4549,'周澍',173,'13984086789',NULL,'218.201.194.124','meetingId = 173 , menu_id = 3530 , menu_name = 会议议程 , ',3530,NULL),
  ('0000000036d5bf6d0136e25a07d9009e','2012-04-24 11:16:52','/meeting/portal/pri/meeting/getMeetingFilesPager.action',4549,'周澍',173,'13984086789',NULL,'218.201.194.124','meetingId = 173 , menu_id = 3531 , menu_name = 会议资料 , from = portal , ',3531,NULL),
  ('0000000036d5bf6d0136e25a1357009f','2012-04-24 11:16:55','/meeting/portal/pri/interaction/postList.action',4549,'周澍',173,'13984086789',NULL,'218.201.194.124','meetingId = 173 , menu_id = 3532 , menu_name = 互动交流 , ',3532,NULL),
  ('0000000036d5bf6d0136e25a235d00a0','2012-04-24 11:16:59','/meeting/portal/pri/news/show.action',4549,'周澍',173,'13984086789',NULL,'218.201.194.124','meetingId = 173 , menu_id = 3543 , menu_name = 新闻中心 , ',3543,NULL),
  ('0000000036d5bf6d0136e25a350600a1','2012-04-24 11:17:04','/meeting/portal/pri/news/show.action',4549,'周澍',173,'13984086789',NULL,'218.201.194.124','meetingId = 173 , menu_id = 3543 , menu_name = 新闻中心 , ',3543,NULL),
  ('0000000036d5bf6d0136e25a3aaa00a2','2012-04-24 11:17:05','/meeting/portal/pri/meeting/getMeetingById.action',4549,'周澍',173,'13984086789',NULL,'218.201.194.124','returnType = portal_map , menu_id = 3535 , menu_name = 会场位置 , meeting.id = 173 , ',3535,NULL),
  ('0000000036d5bf6d0136e25a43f900a3','2012-04-24 11:17:08','/meeting/portal/pri/meeting/getMeetingById.action',4549,'周澍',173,'13984086789',NULL,'218.201.194.124','returnType = portal_viewmeeting , menu_id = 3529 , menu_name = 首页 , meeting.id = 173 , ',3529,NULL),
  ('0000000036d5bf6d0136e25e238700a4','2012-04-24 11:21:22','/meeting/portal/pri/meeting/getMeetingById.action',4549,'周澍',173,'13984086789',NULL,'218.201.194.124','returnType = portal_viewmeeting , menu_id = 3529 , menu_name = 首页 , meeting.id = 173 , ',3529,NULL),
  ('0000000036d5bf6d0136e26265ba00a5','2012-04-24 11:26:01','/meeting/client/pri/meeting/analyticsLog.action',4608,'周澍',173,'13908516869',NULL,'10.179.225.75','meetingId = 173 , imei = 61c7fdd8-7fff-465d-8f9a-f7d8ef761917 , menu_id = 3557 , ',3557,NULL),
  ('0000000036d5bf6d0136e268a81a00a6','2012-04-24 11:32:51','/meeting/wap/pri/meeting/getMeetingById.action',4481,'邹朝晖',173,'13908519502',NULL,'10.179.186.236','returnType = wap , menu_id = 3518 , menu_name = 首页 , meeting.id = 173 , ',3518,NULL),
  ('0000000036d5bf6d0136e268f4d000a7','2012-04-24 11:33:10','/meeting/wap/pri/agenda/view.action',4481,'邹朝晖',173,'13908519502',NULL,'10.179.186.236','meetingId = 173 , menu_id = 3520 , menu_name = 会议议程 , ',3520,NULL),
  ('0000000036d5bf6d0136e26981a400a8','2012-04-24 11:33:47','/meeting/wap/pri/meeting/getMeetingById.action',4481,'邹朝晖',173,'13908519502',NULL,'10.179.186.236','returnType = wap , menu_id = 3518 , menu_name = 首页 , meeting.id = 173 , ',3518,NULL),
  ('0000000036d5bf6d0136e269e73000a9','2012-04-24 11:34:13','/meeting/wap/pri/meeting/getMeetingUsers.action',4481,'邹朝晖',173,'13908519502',NULL,'10.179.186.236','menu_id = 3526 , menu_name = 通讯录 , meeting.id = 173 , ',3526,NULL),
  ('0000000036d5bf6d0136e26a117300aa','2012-04-24 11:34:23','/meeting/wap/pri/message/messagebox.action',4481,'邹朝晖',173,'13908519502',NULL,'10.179.186.236','meetingId = 173 , menu_id = 3527 , menu_name = 站内私信 , ',3527,NULL),
  ('0000000036d5bf6d0136e26a146300ab','2012-04-24 11:34:24','/meeting/wap/pri/message/messagebox.action',4481,'邹朝晖',173,'13908519502',NULL,'10.179.186.236','meetingId = 173 , menu_id = 3527 , menu_name = 站内私信 , ',3527,NULL),
  ('0000000036d5bf6d0136e26a4d2600ac','2012-04-24 11:34:39','/meeting/wap/pri/map/view.action',4481,'邹朝晖',173,'13908519502',NULL,'10.179.186.236','menu_id = 3523 , menu_name = 会场位置 , meeting.id = 173 , ',3523,NULL),
  ('0000000036d5bf6d0136e26a654100ad','2012-04-24 11:34:45','/meeting/wap/pri/meeting/getMeetingById.action',4481,'邹朝晖',173,'13908519502',NULL,'10.179.186.236','returnType = wap , menu_id = 3518 , menu_name = 首页 , meeting.id = 173 , ',3518,NULL),
  ('0000000036d5bf6d0136e26a675d00ae','2012-04-24 11:34:45','/meeting/wap/pri/meeting/getMeetingById.action',4481,'邹朝晖',173,'13908519502',NULL,'10.179.186.236','returnType = wap , menu_id = 3518 , menu_name = 首页 , meeting.id = 173 , ',3518,NULL),
  ('0000000036d5bf6d0136e26a81ef00af','2012-04-24 11:34:52','/meeting/wap/pri/agenda/view.action',4481,'邹朝晖',173,'13908519502',NULL,'10.179.186.236','meetingId = 173 , menu_id = 3520 , menu_name = 会议议程 , ',3520,NULL),
  ('0000000036d5bf6d0136e26a83e100b0','2012-04-24 11:34:53','/meeting/wap/pri/agenda/view.action',4481,'邹朝晖',173,'13908519502',NULL,'10.179.186.236','meetingId = 173 , menu_id = 3520 , menu_name = 会议议程 , ',3520,NULL),
  ('0000000036d5bf6d0136e26b1d7900b1','2012-04-24 11:35:32','/meeting/wap/pri/meeting/getMeetingById.action',4481,'邹朝晖',166,'13908519502',NULL,'10.179.186.236','returnType = wap , menu_id = 3051 , menu_name = 首页 , meeting.id = 166 , ',3051,NULL),
  ('0000000036d5bf6d0136e26b8c9200b2','2012-04-24 11:36:00','/meeting/wap/pri/map/view.action',4481,'邹朝晖',166,'13908519502',NULL,'10.179.186.236','menu_id = 3056 , menu_name = 会场位置 , meeting.id = 166 , ',3056,NULL),
  ('0000000036d5bf6d0136e26ba6e400b3','2012-04-24 11:36:07','/meeting/wap/pri/agenda/view.action',4481,'邹朝晖',166,'13908519502',NULL,'10.179.186.236','meetingId = 166 , menu_id = 3053 , menu_name = 会议议程 , ',3053,NULL),
  ('0000000036d5bf6d0136e26bf5b900b4','2012-04-24 11:36:27','/meeting/wap/pri/meeting/getMeetingById.action',4481,'邹朝晖',173,'13908519502',NULL,'10.179.186.236','returnType = wap , menu_id = 3518 , menu_name = 首页 , meeting.id = 173 , ',3518,NULL),
  ('0000000036d5bf6d0136e26d169300b5','2012-04-24 11:37:41','/meeting/portal/pri/meeting/getMeetingById.action',4549,'周澍',173,'13984086789',NULL,'218.201.194.124','returnType = portal_viewmeeting , menu_id = 3529 , menu_name = 首页 , meeting.id = 173 , ',3529,NULL),
  ('0000000036d5bf6d0136e2739c6800b6','2012-04-24 11:44:49','/meeting/client/pri/meeting/analyticsLog.action',4608,'周澍',173,'13908516869',NULL,'10.179.225.75','meetingId = 173 , imei = 61c7fdd8-7fff-465d-8f9a-f7d8ef761917 , menu_id = 3557 , ',3557,NULL),
  ('4028818d362e1f5201362ea6a9430001','2012-03-20 13:48:56','/meeting/portal/pri/meeting/getMeetingById.action',4449,'jin',164,'15375296623',NULL,'192.168.1.13','menu_id = 2991 , meeting.id = 164 , menu_name = 首页 , returnType = portal_viewmeeting , ',2991,NULL),
  ('4028818d362e1f5201362ea6e9db0002','2012-03-20 13:49:12','/meeting/portal/pri/meeting/getMeetingFilesPager.action',4449,'jin',164,'15375296623',NULL,'192.168.1.13','menu_id = 2993 , meetingId = 164 , menu_name = 会议资料 , from = portal , ',2993,NULL),
  ('530b8b1636e2c3a70136e2caee140001','2012-04-24 13:20:11','/meeting/portal/pri/meeting/getMeetingById.action',4460,'测试用户',166,'13865960090',NULL,'218.201.251.75','returnType = portal_viewmeeting , menu_id = 3062 , menu_name = 首页 , meeting.id = 166 , ',3062,NULL),
  ('530b8b1636e2c3a70136e2cb03160002','2012-04-24 13:20:17','/meeting/portal/pri/meeting/getDinnerInfo.action',4460,'测试用户',166,'13865960090',NULL,'218.201.251.75','meetingId = 166 , menu_id = 2732 , ',2732,NULL),
  ('530b8b1636e2c3a70136e2cb239d0003','2012-04-24 13:20:25','/meeting/portal/pri/meeting/getMeetingById.action',4460,'测试用户',166,'13865960090',NULL,'218.201.251.75','returnType = portal_viewmeeting , menu_id = 3062 , menu_name = 首页 , meeting.id = 166 , ',3062,NULL),
  ('530b8b1636e2c3a70136e2cb35080004','2012-04-24 13:20:29','/meeting/portal/pri/meeting/getDinnerInfo.action',4460,'测试用户',166,'13865960090',NULL,'218.201.251.75','meetingId = 166 , menu_id = 2732 , ',2732,NULL),
  ('530b8b1636e2c3a70136e2eaed0f0005','2012-04-24 13:55:08','/meeting/portal/pri/meeting/getMeetingById.action',4549,'周澍',173,'13984086789',NULL,'218.201.194.89','returnType = portal_viewmeeting , menu_id = 3529 , menu_name = 首页 , meeting.id = 173 , ',3529,NULL),
  ('530b8b1636e2c3a70136e2f0346d0006','2012-04-24 14:00:54','/meeting/portal/pri/meeting/getMeetingById.action',4548,'刘鸥',173,'13908518578',NULL,'10.196.2.141','returnType = portal_viewmeeting , menu_id = 3529 , menu_name = 首页 , meeting.id = 173 , ',3529,NULL),
  ('530b8b1636e2c3a70136e2f042de0007','2012-04-24 14:00:58','/meeting/portal/pri/meeting/getDinnerInfo.action',4548,'刘鸥',173,'13908518578',NULL,'10.196.2.141','meetingId = 173 , menu_id = 2732 , ',2732,NULL),
  ('530b8b1636e2c3a70136e2f070e40008','2012-04-24 14:01:10','/meeting/portal/pri/meeting/getDinnerInfo.action',4548,'刘鸥',173,'13908518578',NULL,'10.196.2.141','meetingId = 173 , menu_id = 2732 , ',2732,NULL),
  ('530b8b1636e2c3a70136e2f167a00009','2012-04-24 14:02:13','/meeting/portal/pri/meeting/getDinnerInfo.action',4548,'刘鸥',173,'13908518578',NULL,'10.196.2.141','meetingId = 173 , menu_id = 2732 , ',2732,NULL),
  ('530b8b1636e2c3a70136e2f1f4c6000a','2012-04-24 14:02:49','/meeting/portal/pri/meeting/getDinnerInfo.action',4549,'周澍',173,'13984086789',NULL,'218.201.194.89','meetingId = 173 , menu_id = 2732 , ',2732,NULL),
  ('530b8b1636e2c3a70136e2f223c6000b','2012-04-24 14:03:01','/meeting/portal/pri/meeting/getMeetingById.action',4549,'周澍',173,'13984086789',NULL,'218.201.194.89','returnType = portal_viewmeeting , menu_id = 3529 , menu_name = 首页 , meeting.id = 173 , ',3529,NULL),
  ('530b8b1636e2c3a70136e2f7fa4a000c','2012-04-24 14:09:24','/meeting/client/pri/meeting/analyticsLog.action',4608,'周澍',173,'13908516869',NULL,'10.176.166.70','meetingId = 173 , imei = bd9fe70a-65f9-40af-a450-686a80e817c5 , menu_id = 3557 , ',3557,NULL),
  ('530b8b1636e2c3a70136e36ec63a000d','2012-04-24 16:19:09','/meeting/client/pri/meeting/analyticsLog.action',4608,'周澍',173,'13908516869',NULL,'10.176.166.70','meetingId = 173 , imei = bd9fe70a-65f9-40af-a450-686a80e817c5 , menu_id = 3553 , ',3553,NULL),
  ('530b8b1636e2c3a70136e36f2740000e','2012-04-24 16:19:34','/meeting/client/pri/meeting/analyticsLog.action',4608,'周澍',173,'13908516869',NULL,'10.176.166.70','meetingId = 173 , imei = bd9fe70a-65f9-40af-a450-686a80e817c5 , menu_id = 3553 , ',3553,NULL),
  ('530b8b1636e2c3a70136e38cc261000f','2012-04-24 16:51:54','/meeting/portal/pri/meeting/getDinnerInfo.action',4548,'刘鸥',173,'13908518578',NULL,'10.196.2.141','meetingId = 173 , menu_id = 2732 , ',2732,NULL),
  ('8a440a4c36dce7710136dce82cb20001','2012-04-23 09:54:25','/meeting/portal/pri/meeting/getMeetingById.action',4458,'郭旭(测试)',164,'15256560237',NULL,'127.0.0.1','menu_id = 2991 , meeting.id = 164 , menu_name = 首页 , returnType = portal_viewmeeting , ',2991,NULL),
  ('8a440a4c36dce7710136dce877e30002','2012-04-23 09:54:44','/meeting/portal/pri/meeting/getMeetingById.action',4458,'郭旭(测试)',164,'15256560237',NULL,'127.0.0.1','menu_id = 2991 , meeting.id = 164 , menu_name = 首页 , returnType = portal_viewmeeting , ',2991,NULL),
  ('8a440a4c36dce7710136dce8799c0003','2012-04-23 09:54:44','/meeting/portal/pri/meeting/getCustomeMenu.action',4458,'郭旭(测试)',164,'15256560237',NULL,'127.0.0.1','menu_id = 3016 , meetingId = 164 , content.id = 127 , menu_name = 天气情况 , returnType = portal , ',3016,NULL),
  ('8a440a4c36dce7710136dce890f80004','2012-04-23 09:54:50','/meeting/portal/pri/agenda/agendaList.action',4458,'郭旭(测试)',164,'15256560237',NULL,'127.0.0.1','menu_id = 2992 , meetingId = 164 , menu_name = 会议议程 , ',2992,NULL),
  ('8a44820f36ce1dab0136ce3964420001','2012-04-20 13:28:49','/meeting/portal/pri/meeting/getMeetingById.action',4460,'测试用户',166,'13865960090',NULL,'127.0.0.1','menu_id = 3062 , meeting.id = 166 , menu_name = 首页 , returnType = portal_viewmeeting , ',3062,NULL),
  ('8a44820f36ce1dab0136ce3bc7220002','2012-04-20 13:31:25','/meeting/portal/pri/agenda/agendaList.action',4460,'测试用户',166,'13865960090',NULL,'127.0.0.1','menu_id = 2729 , meetingId = 166 , ',2729,NULL),
  ('8a44820f36ce1dab0136ce3c40520003','2012-04-20 13:31:56','/meeting/portal/pri/meeting/getMeetingById.action',4460,'测试用户',166,'13865960090',NULL,'127.0.0.1','menu_id = 3062 , meeting.id = 166 , menu_name = 首页 , returnType = portal_viewmeeting , ',3062,NULL),
  ('8a44820f36ce1dab0136ce3c588d0004','2012-04-20 13:32:03','/meeting/portal/pri/agenda/agendaList.action',4460,'测试用户',166,'13865960090',NULL,'127.0.0.1','menu_id = 2729 , meetingId = 166 , ',2729,NULL),
  ('8a44820f36ce1dab0136ce3c647d0005','2012-04-20 13:32:06','/meeting/portal/pri/meeting/getMeetingById.action',4460,'测试用户',166,'13865960090',NULL,'127.0.0.1','menu_id = 3062 , meeting.id = 166 , menu_name = 首页 , returnType = portal_viewmeeting , ',3062,NULL),
  ('8a44820f36ce1dab0136ce3ca0e70006','2012-04-20 13:32:21','/meeting/portal/pri/meeting/getMeetingById.action',4460,'测试用户',164,'13865960090',NULL,'127.0.0.1','menu_id = 2991 , meeting.id = 164 , menu_name = 首页 , returnType = portal_viewmeeting , ',2991,NULL),
  ('8a44820f36ce1dab0136ce3cdb3a0007','2012-04-20 13:32:36','/meeting/portal/pri/meeting/getMeetingById.action',4460,'测试用户',166,'13865960090',NULL,'127.0.0.1','menu_id = 3062 , meeting.id = 166 , menu_name = 首页 , returnType = portal_viewmeeting , ',3062,NULL),
  ('8a44820f36ce1dab0136ce3d438b0008','2012-04-20 13:33:03','/meeting/portal/pri/meeting/getMeetingById.action',4460,'测试用户',166,'13865960090',NULL,'127.0.0.1','menu_id = 3062 , meeting.id = 166 , menu_name = 首页 , returnType = portal_viewmeeting , ',3062,NULL);

COMMIT;

#
# Data for the `answerpaper` table  (LIMIT 0,500)
#

INSERT INTO `answerpaper` (`id`, `userId`, `itemId`, `paperId`, `state`, `content`, `questionId`, `type`) VALUES 
  (1,4458,2,1,2,NULL,1,1),
  (2,4458,5,1,2,NULL,2,2);

COMMIT;

#
# Data for the `asset` table  (LIMIT 0,500)
#

INSERT INTO `asset` (`id`, `asset_no`, `asset_name`, `property`, `asset_value`, `storage_date`, `remark`, `meeting_id`) VALUES 
  (2,'asdf','asdf','',12,NULL,'',164),
  (3,'001','投影机','',3000,'2012-03-22','',166);

COMMIT;

#
# Data for the `base_menu` table  (LIMIT 0,500)
#

INSERT INTO `base_menu` (`id`, `type`, `name`, `img_url`, `content_url`, `state`, `terminal_type`, `description`, `default_sort_code`, `modify_time`, `download_url`, `package_name`, `is_Initial`, `meeting_type`) VALUES 
  (129,0,'首页',NULL,'wap/pri/meeting/getMeetingById.action?returnType=wap&meeting.id=',1,'WAP','首页',1,NULL,NULL,NULL,1,1),
  (130,1,'投票',NULL,'wap/pri/vote/vote_findEnableVote.action?meetingId=',1,'WAP','投票管理',1,NULL,NULL,NULL,0,1),
  (131,1,'会议议程',NULL,'wap/pri/agenda/view.action?meetingId=',1,'WAP','会议议程',2,NULL,NULL,NULL,1,1),
  (132,2,'会议资料','','wap/pri/files/getMeetingFilesPager.action?meetingId=',1,'WAP','会议资料',3,NULL,NULL,NULL,1,1),
  (133,3,'互动交流',NULL,'wap/pri/interaction/postView.action?meetingId=',1,'WAP','互动交流',4,NULL,NULL,NULL,1,1),
  (134,5,'会场位置',NULL,'wap/pri/map/view.action?meeting.id=',1,'WAP','会场位置',5,NULL,NULL,NULL,1,1),
  (135,6,'签到',NULL,'pages/wap/pri/sign/signIn.jsp?meetingId=',1,'WAP','签到',6,NULL,NULL,NULL,0,1),
  (136,7,'餐饮安排',NULL,'wap/pri/meeting/showDinner.action?meetingId=',1,'WAP','餐饮安排',7,NULL,NULL,NULL,0,1),
  (137,9,'通讯录',NULL,'wap/pri/meeting/getMeetingUsers.action?meeting.id=',1,'WAP','通讯录',9,NULL,NULL,NULL,1,1),
  (138,10,'站内私信',NULL,'wap/pri/message/messagebox.action?meetingId=',1,'WAP','私信',10,NULL,NULL,NULL,1,1),
  (139,11,'签到码',NULL,'wap/pri/meeting/signCode.action?meetingId=',1,'WAP','签到码',11,NULL,NULL,NULL,0,1),
  (141,0,'首页',NULL,'portal/pri/meeting/getMeetingById.action?returnType=portal_viewmeeting&meeting.id=',1,'WEB','首页',0,NULL,NULL,NULL,1,1),
  (142,1,'会议议程','','portal/pri/agenda/agendaList.action?meetingId=',1,'WEB','会议议程',1,NULL,NULL,NULL,1,1),
  (143,3,'会议资料',NULL,'portal/pri/meeting/getMeetingFilesPager.action?from=portal&meetingId=',1,'WEB','会议资料',2,NULL,NULL,NULL,1,1),
  (144,4,'互动交流',NULL,'portal/pri/interaction/postList.action?meetingId=',1,'WEB','互动交流',3,NULL,NULL,NULL,1,1),
  (145,5,'餐饮安排 ',NULL,'portal/pri/meeting/getDinnerInfo.action?meetingId=',1,'WEB','餐饮安排 ',4,NULL,NULL,NULL,0,1),
  (146,6,'签到',NULL,'pages/portal/pri/sign/signIn.jsp?meetingId=',1,'WEB','签到',6,NULL,NULL,NULL,0,1),
  (147,5,'会场位置',NULL,'portal/pri/meeting/getMeetingById.action?returnType=portal_map&meeting.id=',1,'WEB','会场位置',7,NULL,NULL,NULL,1,1),
  (148,9,'通讯录',NULL,'portal/pri/meeting/getMeetingUsers.action?meeting.id=',1,'WEB','通讯录',9,NULL,NULL,NULL,1,1),
  (149,10,'站内私信',NULL,'portal/pri/message/list.action?meetingId=',1,'WEB','私信',10,NULL,NULL,NULL,1,1),
  (150,11,'签到码',NULL,'portal/pri/meeting/signCode.action?meetingId=',1,'WEB','签到码',11,NULL,NULL,NULL,0,1),
  (152,17,'投票',NULL,'portal/pri/meeting/vote_findEnableVote.action?meetingId=',1,'WEB','投票管理',20,NULL,NULL,NULL,0,1),
  (745,3,'会场建议',NULL,'portal/pri/meeting/paper_findEnablePaper.action?meetingId=',1,'WEB','会场建议',8,NULL,NULL,NULL,0,1),
  (757,1,'本地土特产 ',NULL,'portal/pri/reception/specialty_show.action?meetingId=',1,'WEB','本地土特产',18,NULL,NULL,NULL,0,1),
  (758,1,'本地土特产',NULL,'wap/pri/reception/specialty_show.action?meetingId=',1,'WAP','本地土特产',18,NULL,NULL,NULL,0,1),
  (813,1,'新闻中心 ',NULL,'portal/pri/news/show.action?meetingId=',1,'WEB','新闻中心',5,NULL,NULL,NULL,1,1),
  (814,1,'新闻中心',NULL,'wap/pri/news/show.action?meetingId=',1,'WAP','新闻中心',5,NULL,NULL,NULL,1,1),
  (817,2,'抽奖信息',NULL,'portal/pri/meeting/lucky_findLuckyHistory.action?meetingId=',1,'WEB','抽奖信息',8,NULL,NULL,NULL,0,1),
  (818,5,'抽奖信息',NULL,'wap/pri/lucky/lucky_findLuckyHistory.action?meetingId=',1,'WAP','抽奖信息',10,NULL,NULL,NULL,0,1),
  (822,5,'会场建议',NULL,'wap/pri/paper/paper_findEnablePaper.action?meetingId=',1,'WAP','会场建议',10,NULL,NULL,NULL,0,1),
  (825,2,'嘉宾信息',NULL,'portal/pri/meeting/guest_findAllGuest.action?meetingId=',1,'WEB','嘉宾信息',8,NULL,NULL,NULL,0,1),
  (826,5,'嘉宾信息',NULL,'wap/pri/guest/guest_findAllGuest.action?meetingId=',1,'WAP','嘉宾信息',8,NULL,NULL,NULL,0,1),
  (828,1,'酒店信息','','portal/pri/hotel/list.action?meetingId=',1,'WEB','酒店信息',21,NULL,NULL,NULL,0,1),
  (830,1,'酒店信息','','wap/pri/hotel/list.action?meetingId=',1,'WAP','酒店信息',21,NULL,NULL,NULL,0,1),
  (847,0,'会议介绍','upload/menu_icon/introduction.png','portal/meeting/getMeetingInfoForClient.action',1,'CLIENT','会议介绍',1,NULL,'http://wap.118114.cn/sdownload/android/Besttone.apk?fr=bst&pd=2752','com.besttone.hall',1,1),
  (848,1,'会议议程','upload/menu_icon/MeetingActivity.png','MeetingActivity',1,'CLIENT','会议议程',2,NULL,NULL,NULL,1,1),
  (849,1,'会议资料','upload/menu_icon/PaperActivity.png','PaperActivity',1,'CLIENT','会议资料',3,NULL,NULL,NULL,1,1),
  (850,1,'互动交流','upload/menu_icon/CommunicateActivity.png','CommunicateActivity',1,'CLIENT','互动交流',4,NULL,NULL,NULL,1,1),
  (851,1,'会场位置','upload/menu_icon/MeetingPlaceActivity.png','MeetingPlaceActivity',1,'CLIENT','会场位置',5,NULL,NULL,NULL,1,1),
  (852,1,'餐饮安排','upload/menu_icon/FoodActivity.png','FoodActivity',1,'CLIENT','餐饮安排',6,NULL,NULL,NULL,1,1),
  (853,1,'通讯录','upload/menu_icon/BookActivity.png','BookActivity',1,'CLIENT','通讯录',7,NULL,NULL,NULL,1,1),
  (854,1,'签到','upload/menu_icon/SignActivity.png','BarCodeCaptureActivity',1,'CLIENT','签到',8,NULL,NULL,NULL,0,1),
  (855,1,'签到码','upload/menu_icon/DownloadSignActivity.png','DownloadSignActivity',1,'CLIENT','签到码',9,NULL,NULL,NULL,1,1),
  (856,1,'私信','upload/menu_icon/MessageActivity.png','MessageActivity',1,'CLIENT','私信',10,NULL,NULL,NULL,1,1),
  (857,0,'管理员','upload/menu_icon/administrator.png','client/pri/meeting/gotoAdminPage.action',1,'CLIENT','管理员',11,NULL,NULL,NULL,0,1),
  (858,1,'个人中心','upload/menu_icon/MyCenterActivity.png','MyCenterActivity',1,'CLIENT','个人中心',12,NULL,NULL,NULL,1,1),
  (860,0,'投票','upload/menu_icon/vote.png','client/pri/vote/vote_findEnableVote.action',1,'CLIENT','投票',14,NULL,NULL,NULL,1,1),
  (861,0,'用车安排 ','upload/menu_icon/carPlan.png','client/pri/journey/getJourneyList.action',1,'CLIENT','用车安排 ',15,NULL,NULL,NULL,0,1),
  (862,0,'会场建议',NULL,'client/pri/paper/paper_findEnablePaper.action',1,'CLIENT','会场建议',16,NULL,NULL,NULL,1,1),
  (900,0,'会议议程','upload/menu_icon/touch/meeting_agenda.png','touch/pri/agenda/agendaList.action?meetingId=',1,'TOUCH','会议议程',1,NULL,NULL,NULL,1,1),
  (901,0,'会议资料','upload/menu_icon/touch/meeting_files.png','touch/pri/file/getMeetingFilesList.action?meetingId=',1,'TOUCH','会议资料',2,NULL,NULL,NULL,1,1),
  (902,0,'互动交流','upload/menu_icon/touch/meeting_message.png','touch/pri/interaction/postView.action?meetingId=',1,'TOUCH','互动交流',3,NULL,NULL,NULL,1,1),
  (903,0,'新闻中心','upload/menu_icon/touch/news.png','touch/pri/news/show.action?meetingId=',1,'TOUCH','新闻中心',4,NULL,NULL,NULL,0,1),
  (904,0,'酒店信息','upload/menu_icon/touch/hotel.png','touch/pri/hotel/list.action?meetingId=',1,'TOUCH','酒店信息',5,NULL,NULL,NULL,0,1),
  (905,0,'餐饮安排','upload/menu_icon/touch/meeting_dinner.png','touch/pri/meeting/showDinner.action?meetingId=',1,'TOUCH','餐饮安排',6,NULL,NULL,NULL,1,1),
  (906,0,'会场位置','upload/menu_icon/touch/location.png','touch/pri/meeting/getMeetingById.action?returnType=portal_map&meeting.id=',1,'TOUCH','会场位置',7,NULL,NULL,NULL,1,1),
  (907,0,'通讯录','upload/menu_icon/touch/contacts.png','touch/pri/member/getMeetingUsers.action?meeting.id=',1,'TOUCH','通讯录',8,NULL,NULL,NULL,1,1),
  (908,0,'站内私信','upload/menu_icon/touch/message.png','touch/pri/msg/listMessageUsers.action?meetingId=',1,'TOUCH','站内私信',9,NULL,NULL,NULL,1,1),
  (909,0,'签到码','upload/menu_icon/touch/sign_code.png','pages/touch/pri/sign/QRCode.jsp?meetingId=',1,'TOUCH','签到码',10,NULL,NULL,NULL,0,1),
  (910,0,'车辆安排','upload/menu_icon/touch/auto.png','touch/pri/journey/getJourneyList.action?meetingId=',1,'TOUCH','车辆安排',11,NULL,NULL,NULL,0,1),
  (911,0,'投票','upload/menu_icon/touch/vote.png','touch/pri/vote/vote_findEnableVote.action?meetingId=',1,'TOUCH','投票',12,NULL,NULL,NULL,0,1),
  (912,0,'会场建议','upload/menu_icon/touch/paper.png','touch/pri/paper/paper_findEnablePaper.action?meetingId=',1,'TOUCH','会场建议',13,NULL,NULL,NULL,0,1),
  (913,0,'我的会议','upload/menu_icon/touch/person_center.png','touch/pri/meeting/getAttendMeetingList.action?meetingId=',1,'TOUCH','我的会议',14,NULL,NULL,NULL,1,1),
  (914,0,'本地土特产','upload/menu_icon/touch/meeting_specialty.png','touch/pri/reception/specialty_show.action?meetingId=',1,'TOUCH','本地土特产',15,NULL,NULL,NULL,0,1);

COMMIT;

#
# Data for the `base_module_title` table  (LIMIT 0,500)
#

INSERT INTO `base_module_title` (`id`, `base_menu_id`, `meeting_type_id`, `name`, `title_name`, `key_name`, `terminal_type`) VALUES 
  (1,2,-1,'会议议程','分组详情','agenda.team.detail.title','CLIENT'),
  (2,2,-1,'会议议程','其他分组','agenda.team.others.title','CLIENT'),
  (3,4,-1,'互动交流','发言','interaction.post.title','CLIENT'),
  (4,4,-1,'互动交流','发表评论','interaction.reply.title','CLIENT'),
  (5,10,-1,'餐饮安排','就餐详情','dinner.team.detail.title','CLIENT'),
  (6,10,-1,'餐饮安排','其他分组','dinner.team.others.title','CLIENT'),
  (7,5,-1,'通讯录','通讯录详情 ','memberlist.detail.title','CLIENT'),
  (8,11,-1,'私信','发表私信','privatemsg.post.title','CLIENT'),
  (9,708,12,'会议议程','议程讨论','agenda.team.detail.title','CLIENT'),
  (10,708,12,'会议议程','查看其他讨论分组','agenda.team.others.title','CLIENT'),
  (11,712,12,'互动交流','发言','interaction.post.title','CLIENT'),
  (12,712,12,'互动交流','发表评论','interaction.reply.title','CLIENT'),
  (13,715,12,'餐饮安排','就餐详情','dinner.team.detail.title','CLIENT'),
  (14,715,12,'餐饮安排','其他分组','dinner.team.others.title','CLIENT'),
  (15,716,12,'通讯录','通讯录详情 ','memberlist.detail.title','CLIENT'),
  (16,717,12,'私信','发表私信','privatemsg.post.title','CLIENT'),
  (17,118,1,'会议议程','分组详情','agenda.team.detail.title','CLIENT'),
  (18,118,1,'会议议程','其他分组','agenda.team.others.title','CLIENT'),
  (19,121,1,'互动交流','发言','interaction.post.title','CLIENT'),
  (20,121,1,'互动交流','发表评论','interaction.reply.title','CLIENT'),
  (21,124,1,'餐饮安排','就餐详情','dinner.team.detail.title','CLIENT'),
  (22,124,1,'餐饮安排','其他分组','dinner.team.others.title','CLIENT'),
  (23,125,1,'通讯录','通讯录详情 ','memberlist.detail.title','CLIENT'),
  (24,126,1,'私信','发表私信','privatemsg.post.title','CLIENT'),
  (25,203,2,'互动交流','发言','interaction.post.title','CLIENT'),
  (26,203,2,'互动交流','发表评论','interaction.reply.title','CLIENT'),
  (27,206,2,'餐饮安排','就餐详情','dinner.team.detail.title','CLIENT'),
  (28,206,2,'餐饮安排','其他分组','dinner.team.others.title','CLIENT'),
  (29,207,2,'通讯录','通讯录详情 ','memberlist.detail.title','CLIENT'),
  (30,208,2,'私信','发表私信','privatemsg.post.title','CLIENT'),
  (31,241,3,'会议议程','分组详情','agenda.team.detail.title','CLIENT'),
  (32,241,3,'会议议程','其他分组','agenda.team.others.title','CLIENT'),
  (33,244,3,'互动交流','发言','interaction.post.title','CLIENT'),
  (34,244,3,'互动交流','发表评论','interaction.reply.title','CLIENT'),
  (35,247,3,'餐饮安排','就餐详情','dinner.team.detail.title','CLIENT'),
  (36,247,3,'餐饮安排','其他分组','dinner.team.others.title','CLIENT'),
  (37,248,3,'通讯录','通讯录详情 ','memberlist.detail.title','CLIENT'),
  (38,249,3,'私信','发表私信','privatemsg.post.title','CLIENT'),
  (39,323,4,'会议议程','分组详情','agenda.team.detail.title','CLIENT'),
  (40,323,4,'会议议程','其他分组','agenda.team.others.title','CLIENT'),
  (41,326,4,'互动交流','发言','interaction.post.title','CLIENT'),
  (42,326,4,'互动交流','发表评论','interaction.reply.title','CLIENT'),
  (43,329,4,'餐饮安排','就餐详情','dinner.team.detail.title','CLIENT'),
  (44,329,4,'餐饮安排','其他分组','dinner.team.others.title','CLIENT'),
  (45,330,4,'通讯录','通讯录详情 ','memberlist.detail.title','CLIENT'),
  (46,331,4,'私信','发表私信','privatemsg.post.title','CLIENT'),
  (47,405,5,'会议议程','分组详情','agenda.team.detail.title','CLIENT'),
  (48,405,5,'会议议程','其他分组','agenda.team.others.title','CLIENT'),
  (49,408,5,'互动交流','发言','interaction.post.title','CLIENT'),
  (50,408,5,'互动交流','发表评论','interaction.reply.title','CLIENT'),
  (51,411,5,'餐饮安排','就餐详情','dinner.team.detail.title','CLIENT'),
  (52,411,5,'餐饮安排','其他分组','dinner.team.others.title','CLIENT'),
  (53,412,5,'通讯录','通讯录详情 ','memberlist.detail.title','CLIENT'),
  (54,413,5,'私信','发表私信','privatemsg.post.title','CLIENT'),
  (55,621,9,'会议议程','分组详情','agenda.team.detail.title','CLIENT'),
  (56,621,9,'会议议程','其他分组','agenda.team.others.title','CLIENT'),
  (57,625,9,'互动交流','发言','interaction.post.title','CLIENT'),
  (58,625,9,'互动交流','发表评论','interaction.reply.title','CLIENT'),
  (59,628,9,'餐饮安排','就餐详情','dinner.team.detail.title','CLIENT'),
  (60,628,9,'餐饮安排','其他分组','dinner.team.others.title','CLIENT'),
  (61,629,9,'通讯录','通讯录详情 ','memberlist.detail.title','CLIENT'),
  (62,630,9,'私信','发表私信','privatemsg.post.title','CLIENT'),
  (63,11,-1,'私信','查看私信','privatemsg.view.title','CLIENT'),
  (64,3,-1,'会议资料','下载管理','file.download.title','CLIENT'),
  (80,120,1,'会议资料','下载管理','file.download.title','CLIENT'),
  (81,126,1,'私信','查看私信','privatemsg.view.title','CLIENT'),
  (82,208,2,'私信','查看私信','privatemsg.view.title','CLIENT'),
  (83,243,3,'会议资料','下载管理','file.download.title','CLIENT'),
  (84,249,3,'私信','查看私信','privatemsg.view.title','CLIENT'),
  (85,325,4,'会议资料','下载管理','file.download.title','CLIENT'),
  (86,331,4,'私信','查看私信','privatemsg.view.title','CLIENT'),
  (87,407,5,'会议资料','下载管理','file.download.title','CLIENT'),
  (88,413,5,'私信','查看私信','privatemsg.view.title','CLIENT'),
  (89,624,9,'会议资料','下载管理','file.download.title','CLIENT'),
  (90,630,9,'私信','查看私信','privatemsg.view.title','CLIENT'),
  (91,711,12,'会议资料','下载管理','file.download.title','CLIENT'),
  (92,717,12,'私信','查看私信','privatemsg.view.title','CLIENT'),
  (93,6,-1,'会场位置','会场位置','location.map.title','CLIENT'),
  (94,122,1,'会场位置','会场位置','location.map.title','CLIENT'),
  (95,245,3,'会场位置','会场位置','location.map.title','CLIENT'),
  (96,327,4,'会场位置','会场位置','location.map.title','CLIENT'),
  (97,409,5,'会场位置','会场位置','location.map.title','CLIENT'),
  (98,626,9,'会场位置','会场位置','location.map.title','CLIENT'),
  (99,713,12,'会场位置','会场位置','location.map.title','CLIENT'),
  (101,765,13,'会议议程','分组详情','agenda.team.detail.title','CLIENT'),
  (102,765,13,'会议议程','其他分组','agenda.team.others.title','CLIENT'),
  (103,768,13,'会议资料','下载管理','file.download.title','CLIENT'),
  (104,769,13,'互动交流','发言','interaction.post.title','CLIENT'),
  (105,769,13,'互动交流','发表评论','interaction.reply.title','CLIENT'),
  (106,770,13,'会场位置','会场位置','location.map.title','CLIENT'),
  (107,772,13,'餐饮安排','就餐详情','dinner.team.detail.title','CLIENT'),
  (108,772,13,'餐饮安排','其他分组','dinner.team.others.title','CLIENT'),
  (109,773,13,'通讯录','通讯录详情 ','memberlist.detail.title','CLIENT'),
  (110,774,13,'私信','发表私信','privatemsg.post.title','CLIENT'),
  (111,774,13,'私信','查看私信','privatemsg.view.title','CLIENT');

COMMIT;

#
# Data for the `card` table  (LIMIT 0,500)
#

INSERT INTO `card` (`id`, `uid`, `register_time`, `state`, `meeting_id`) VALUES 
  (14,'950001','2012-04-14 22:59:54',1,166),
  (15,'950002','2012-04-14 23:00:16',1,166),
  (16,'151695','2012-04-20 14:39:55',1,166);

COMMIT;

#
# Data for the `client_menu` table  (LIMIT 0,500)
#

INSERT INTO `client_menu` (`id`, `type`, `name`, `img_url`, `content_url`, `state`, `modify_time`, `terminal_type`, `description`, `meeting_id`, `menu_type`, `default_sort_code`, `content_id`, `base_menu_id`, `package_name`, `download_url`, `is_Initial`) VALUES 
  (2672,0,'首页',NULL,'wap/pri/meeting/getMeetingById.action?returnType=wap&meeting.id=',1,NULL,'WAP','首页',157,'SYSTEM',1,NULL,129,NULL,NULL,1),
  (2673,1,'投票',NULL,'wap/pri/vote/vote_findEnableVote.action?meetingId=',1,NULL,'WAP','投票管理',157,'SYSTEM',1,NULL,130,NULL,NULL,1),
  (2674,1,'会议议程',NULL,'wap/pri/agenda/view.action?meetingId=',1,NULL,'WAP','会议议程',157,'SYSTEM',2,NULL,131,NULL,NULL,1),
  (2675,2,'会议资料','','wap/pri/files/getMeetingFilesPager.action?meetingId=',1,NULL,'WAP','会议资料',157,'SYSTEM',3,NULL,132,NULL,NULL,1),
  (2676,3,'互动交流',NULL,'wap/pri/interaction/postView.action?meetingId=',1,NULL,'WAP','互动交流',157,'SYSTEM',4,NULL,133,NULL,NULL,1),
  (2677,5,'会场位置',NULL,'wap/pri/map/view.action?meeting.id=',1,NULL,'WAP','会场位置',157,'SYSTEM',5,NULL,134,NULL,NULL,1),
  (2678,6,'签到',NULL,'pages/wap/pri/sign/signIn.jsp?meetingId=',1,NULL,'WAP','签到',157,'SYSTEM',6,NULL,135,NULL,NULL,0),
  (2679,7,'餐饮安排',NULL,'wap/pri/meeting/showDinner.action?meetingId=',1,NULL,'WAP','餐饮安排',157,'SYSTEM',7,NULL,136,NULL,NULL,1),
  (2680,9,'通讯录',NULL,'wap/pri/meeting/getMeetingUsers.action?meeting.id=',1,NULL,'WAP','通讯录',157,'SYSTEM',9,NULL,137,NULL,NULL,1),
  (2681,10,'站内私信',NULL,'wap/pri/message/messagebox.action?meetingId=',1,NULL,'WAP','私信',157,'SYSTEM',10,NULL,138,NULL,NULL,1),
  (2682,11,'签到码',NULL,'wap/pri/meeting/signCode.action?meetingId=',1,NULL,'WAP','签到码',157,'SYSTEM',11,NULL,139,NULL,NULL,1),
  (2684,0,'首页',NULL,'portal/pri/meeting/getMeetingById.action?returnType=portal_viewmeeting&meeting.id=',1,NULL,'WEB','首页',157,'SYSTEM',0,NULL,141,NULL,NULL,1),
  (2685,1,'会议议程','','portal/pri/agenda/agendaList.action?meetingId=',1,NULL,'WEB','会议议程',157,'SYSTEM',1,NULL,142,NULL,NULL,1),
  (2686,3,'会议资料',NULL,'portal/pri/meeting/getMeetingFilesPager.action?from=portal&meetingId=',1,NULL,'WEB','会议资料',157,'SYSTEM',2,NULL,143,NULL,NULL,1),
  (2687,4,'互动交流',NULL,'portal/pri/interaction/postList.action?meetingId=',1,NULL,'WEB','互动交流',157,'SYSTEM',3,NULL,144,NULL,NULL,1),
  (2688,5,'餐饮安排 ',NULL,'portal/pri/meeting/getDinnerInfo.action?meetingId=',1,NULL,'WEB','餐饮安排 ',157,'SYSTEM',4,NULL,145,NULL,NULL,1),
  (2689,6,'签到',NULL,'pages/portal/pri/sign/signIn.jsp?meetingId=',1,NULL,'WEB','签到',157,'SYSTEM',6,NULL,146,NULL,NULL,0),
  (2690,5,'会场位置',NULL,'portal/pri/meeting/getMeetingById.action?returnType=portal_map&meeting.id=',1,NULL,'WEB','会场位置',157,'SYSTEM',7,NULL,147,NULL,NULL,1),
  (2691,9,'通讯录',NULL,'portal/pri/meeting/getMeetingUsers.action?meeting.id=',1,NULL,'WEB','通讯录',157,'SYSTEM',9,NULL,148,NULL,NULL,1),
  (2692,10,'站内私信',NULL,'portal/pri/message/list.action?meetingId=',1,NULL,'WEB','私信',157,'SYSTEM',10,NULL,149,NULL,NULL,1),
  (2693,11,'签到码',NULL,'portal/pri/meeting/signCode.action?meetingId=',1,NULL,'WEB','签到码',157,'SYSTEM',11,NULL,150,NULL,NULL,1),
  (2695,17,'投票',NULL,'portal/pri/meeting/vote_findEnableVote.action?meetingId=',1,NULL,'WEB','投票管理',157,'SYSTEM',20,NULL,152,NULL,NULL,1),
  (2696,3,'会场建议',NULL,'portal/pri/meeting/paper_findEnablePaper.action?meetingId=',1,NULL,'WEB','会场建议',157,'SYSTEM',8,NULL,745,NULL,NULL,1),
  (2697,1,'本地土特产 ',NULL,'portal/pri/reception/specialty_show.action?meetingId=',1,NULL,'WEB','本地土特产',157,'SYSTEM',18,NULL,757,NULL,NULL,1),
  (2698,1,'本地土特产',NULL,'wap/pri/reception/specialty_show.action?meetingId=',1,NULL,'WAP','本地土特产',157,'SYSTEM',18,NULL,758,NULL,NULL,1),
  (2716,0,'首页',NULL,'wap/pri/meeting/getMeetingById.action?returnType=wap&meeting.id=',1,NULL,'WAP','首页',158,'SYSTEM',1,NULL,129,NULL,NULL,1),
  (2717,1,'投票',NULL,'wap/pri/vote/vote_findEnableVote.action?meetingId=',1,NULL,'WAP','投票管理',158,'SYSTEM',1,NULL,130,NULL,NULL,1),
  (2718,1,'会议议程',NULL,'wap/pri/agenda/view.action?meetingId=',1,NULL,'WAP','会议议程',158,'SYSTEM',2,NULL,131,NULL,NULL,1),
  (2719,2,'会议资料','','wap/pri/files/getMeetingFilesPager.action?meetingId=',1,NULL,'WAP','会议资料',158,'SYSTEM',3,NULL,132,NULL,NULL,1),
  (2720,3,'互动交流',NULL,'wap/pri/interaction/postView.action?meetingId=',1,NULL,'WAP','互动交流',158,'SYSTEM',4,NULL,133,NULL,NULL,1),
  (2721,5,'会场位置',NULL,'wap/pri/map/view.action?meeting.id=',1,NULL,'WAP','会场位置',158,'SYSTEM',5,NULL,134,NULL,NULL,1),
  (2722,6,'签到',NULL,'pages/wap/pri/sign/signIn.jsp?meetingId=',1,NULL,'WAP','签到',158,'SYSTEM',6,NULL,135,NULL,NULL,0),
  (2723,7,'餐饮安排',NULL,'wap/pri/meeting/showDinner.action?meetingId=',1,NULL,'WAP','餐饮安排',158,'SYSTEM',7,NULL,136,NULL,NULL,1),
  (2724,9,'通讯录',NULL,'wap/pri/meeting/getMeetingUsers.action?meeting.id=',1,NULL,'WAP','通讯录',158,'SYSTEM',9,NULL,137,NULL,NULL,1),
  (2725,10,'站内私信',NULL,'wap/pri/message/messagebox.action?meetingId=',1,NULL,'WAP','私信',158,'SYSTEM',10,NULL,138,NULL,NULL,1),
  (2726,11,'签到码',NULL,'wap/pri/meeting/signCode.action?meetingId=',1,NULL,'WAP','签到码',158,'SYSTEM',11,NULL,139,NULL,NULL,1),
  (2728,0,'首页',NULL,'portal/pri/meeting/getMeetingById.action?returnType=portal_viewmeeting&meeting.id=',1,NULL,'WEB','首页',158,'SYSTEM',0,NULL,141,NULL,NULL,1),
  (2729,1,'会议议程','','portal/pri/agenda/agendaList.action?meetingId=',1,NULL,'WEB','会议议程',158,'SYSTEM',1,NULL,142,NULL,NULL,1),
  (2730,3,'会议资料',NULL,'portal/pri/meeting/getMeetingFilesPager.action?from=portal&meetingId=',1,NULL,'WEB','会议资料',158,'SYSTEM',2,NULL,143,NULL,NULL,1),
  (2731,4,'互动交流',NULL,'portal/pri/interaction/postList.action?meetingId=',1,NULL,'WEB','互动交流',158,'SYSTEM',3,NULL,144,NULL,NULL,1),
  (2732,5,'餐饮安排 ',NULL,'portal/pri/meeting/getDinnerInfo.action?meetingId=',1,NULL,'WEB','餐饮安排 ',158,'SYSTEM',4,NULL,145,NULL,NULL,1),
  (2733,6,'签到',NULL,'pages/portal/pri/sign/signIn.jsp?meetingId=',1,NULL,'WEB','签到',158,'SYSTEM',6,NULL,146,NULL,NULL,0),
  (2734,5,'会场位置',NULL,'portal/pri/meeting/getMeetingById.action?returnType=portal_map&meeting.id=',1,NULL,'WEB','会场位置',158,'SYSTEM',7,NULL,147,NULL,NULL,1),
  (2735,9,'通讯录',NULL,'portal/pri/meeting/getMeetingUsers.action?meeting.id=',1,NULL,'WEB','通讯录',158,'SYSTEM',9,NULL,148,NULL,NULL,1),
  (2736,10,'站内私信',NULL,'portal/pri/message/list.action?meetingId=',1,NULL,'WEB','私信',158,'SYSTEM',10,NULL,149,NULL,NULL,1),
  (2737,11,'签到码',NULL,'portal/pri/meeting/signCode.action?meetingId=',1,NULL,'WEB','签到码',158,'SYSTEM',11,NULL,150,NULL,NULL,1),
  (2739,17,'投票',NULL,'portal/pri/meeting/vote_findEnableVote.action?meetingId=',1,NULL,'WEB','投票管理',158,'SYSTEM',20,NULL,152,NULL,NULL,1),
  (2740,3,'会场建议',NULL,'portal/pri/meeting/paper_findEnablePaper.action?meetingId=',1,NULL,'WEB','会场建议',158,'SYSTEM',8,NULL,745,NULL,NULL,1),
  (2741,1,'本地土特产 ',NULL,'portal/pri/reception/specialty_show.action?meetingId=',1,NULL,'WEB','本地土特产',158,'SYSTEM',18,NULL,757,NULL,NULL,1),
  (2742,1,'本地土特产',NULL,'wap/pri/reception/specialty_show.action?meetingId=',1,NULL,'WAP','本地土特产',158,'SYSTEM',18,NULL,758,NULL,NULL,1),
  (2760,0,'首页',NULL,'wap/pri/meeting/getMeetingById.action?returnType=wap&meeting.id=',1,NULL,'WAP','首页',159,'SYSTEM',1,NULL,129,NULL,NULL,1),
  (2761,1,'投票',NULL,'wap/pri/vote/vote_findEnableVote.action?meetingId=',1,NULL,'WAP','投票管理',159,'SYSTEM',1,NULL,130,NULL,NULL,1),
  (2762,1,'会议议程',NULL,'wap/pri/agenda/view.action?meetingId=',1,NULL,'WAP','会议议程',159,'SYSTEM',2,NULL,131,NULL,NULL,1),
  (2763,2,'会议资料','','wap/pri/files/getMeetingFilesPager.action?meetingId=',1,NULL,'WAP','会议资料',159,'SYSTEM',3,NULL,132,NULL,NULL,1),
  (2764,3,'互动交流',NULL,'wap/pri/interaction/postView.action?meetingId=',1,NULL,'WAP','互动交流',159,'SYSTEM',4,NULL,133,NULL,NULL,1),
  (2765,5,'会场位置',NULL,'wap/pri/map/view.action?meeting.id=',1,NULL,'WAP','会场位置',159,'SYSTEM',5,NULL,134,NULL,NULL,1),
  (2766,6,'签到',NULL,'pages/wap/pri/sign/signIn.jsp?meetingId=',1,NULL,'WAP','签到',159,'SYSTEM',6,NULL,135,NULL,NULL,0),
  (2767,7,'餐饮安排',NULL,'wap/pri/meeting/showDinner.action?meetingId=',1,NULL,'WAP','餐饮安排',159,'SYSTEM',7,NULL,136,NULL,NULL,1),
  (2768,9,'通讯录',NULL,'wap/pri/meeting/getMeetingUsers.action?meeting.id=',1,NULL,'WAP','通讯录',159,'SYSTEM',9,NULL,137,NULL,NULL,1),
  (2769,10,'站内私信',NULL,'wap/pri/message/messagebox.action?meetingId=',1,NULL,'WAP','私信',159,'SYSTEM',10,NULL,138,NULL,NULL,1),
  (2770,11,'签到码',NULL,'wap/pri/meeting/signCode.action?meetingId=',1,NULL,'WAP','签到码',159,'SYSTEM',11,NULL,139,NULL,NULL,1),
  (2772,0,'首页',NULL,'portal/pri/meeting/getMeetingById.action?returnType=portal_viewmeeting&meeting.id=',1,NULL,'WEB','首页',159,'SYSTEM',0,NULL,141,NULL,NULL,1),
  (2773,1,'会议议程','','portal/pri/agenda/agendaList.action?meetingId=',1,NULL,'WEB','会议议程',159,'SYSTEM',1,NULL,142,NULL,NULL,1),
  (2774,3,'会议资料',NULL,'portal/pri/meeting/getMeetingFilesPager.action?from=portal&meetingId=',1,NULL,'WEB','会议资料',159,'SYSTEM',2,NULL,143,NULL,NULL,1),
  (2775,4,'互动交流',NULL,'portal/pri/interaction/postList.action?meetingId=',1,NULL,'WEB','互动交流',159,'SYSTEM',3,NULL,144,NULL,NULL,1),
  (2776,5,'餐饮安排 ',NULL,'portal/pri/meeting/getDinnerInfo.action?meetingId=',1,NULL,'WEB','餐饮安排 ',159,'SYSTEM',4,NULL,145,NULL,NULL,1),
  (2777,6,'签到',NULL,'pages/portal/pri/sign/signIn.jsp?meetingId=',1,NULL,'WEB','签到',159,'SYSTEM',6,NULL,146,NULL,NULL,0),
  (2778,5,'会场位置',NULL,'portal/pri/meeting/getMeetingById.action?returnType=portal_map&meeting.id=',1,NULL,'WEB','会场位置',159,'SYSTEM',7,NULL,147,NULL,NULL,1),
  (2779,9,'通讯录',NULL,'portal/pri/meeting/getMeetingUsers.action?meeting.id=',1,NULL,'WEB','通讯录',159,'SYSTEM',9,NULL,148,NULL,NULL,1),
  (2780,10,'站内私信',NULL,'portal/pri/message/list.action?meetingId=',1,NULL,'WEB','私信',159,'SYSTEM',10,NULL,149,NULL,NULL,1),
  (2781,11,'签到码',NULL,'portal/pri/meeting/signCode.action?meetingId=',1,NULL,'WEB','签到码',159,'SYSTEM',11,NULL,150,NULL,NULL,1),
  (2783,17,'投票',NULL,'portal/pri/meeting/vote_findEnableVote.action?meetingId=',1,NULL,'WEB','投票管理',159,'SYSTEM',20,NULL,152,NULL,NULL,1),
  (2784,3,'会场建议',NULL,'portal/pri/meeting/paper_findEnablePaper.action?meetingId=',1,NULL,'WEB','会场建议',159,'SYSTEM',8,NULL,745,NULL,NULL,1),
  (2785,1,'本地土特产 ',NULL,'portal/pri/reception/specialty_show.action?meetingId=',1,NULL,'WEB','本地土特产',159,'SYSTEM',18,NULL,757,NULL,NULL,1),
  (2786,1,'本地土特产',NULL,'wap/pri/reception/specialty_show.action?meetingId=',1,NULL,'WAP','本地土特产',159,'SYSTEM',18,NULL,758,NULL,NULL,1),
  (2787,1,'酒店信息','','portal/pri/hotel/list.action?meetingId=',1,'2012-03-12 17:53:42','WEB','酒店信息',159,'SYSTEM',21,NULL,808,NULL,NULL,1),
  (2788,1,'酒店信息','','wap/pri/hotel/list.action?meetingId=',1,'2012-03-12 17:53:24','WAP','酒店信息',159,'SYSTEM',21,NULL,810,NULL,NULL,1),
  (2789,1,'新闻中心 ',NULL,'portal/pri/news/show.action?meetingId=',1,NULL,'WEB','新闻中心',159,'SYSTEM',5,NULL,813,NULL,NULL,1),
  (2790,1,'新闻中心',NULL,'wap/pri/news/show.action?meetingId=',1,NULL,'WAP','新闻中心',159,'SYSTEM',5,NULL,814,NULL,NULL,1),
  (2791,2,'抽奖信息',NULL,'portal/pri/meeting/lucky_findLuckyHistory.action?meetingId=',1,NULL,'WEB','抽奖信息',159,'SYSTEM',8,NULL,817,NULL,NULL,1),
  (2792,5,'抽奖信息',NULL,'wap/pri/lucky/lucky_findLuckyHistory.action?meetingId=',1,NULL,'WAP','抽奖信息',159,'SYSTEM',10,NULL,818,NULL,NULL,1),
  (2793,2,'会场建议',NULL,'portal/pri/meeting/paper_findEnablePaper.action?meetingId=',1,NULL,'WEB','会场建议',159,'SYSTEM',8,NULL,821,NULL,NULL,1),
  (2794,5,'会场建议',NULL,'wap/pri/paper/paper_findEnablePaper.action?meetingId=',1,NULL,'WAP','会场建议',159,'SYSTEM',10,NULL,822,NULL,NULL,1),
  (2795,2,'嘉宾信息',NULL,'portal/pri/meeting/guest_findAllGuest.action?meetingId=',1,NULL,'WEB','嘉宾信息',159,'SYSTEM',8,NULL,825,NULL,NULL,1),
  (2796,5,'嘉宾信息',NULL,'wap/pri/guest/guest_findAllGuest.action?meetingId=',1,NULL,'WAP','嘉宾信息',159,'SYSTEM',8,NULL,826,NULL,NULL,1),
  (2814,0,'首页',NULL,'wap/pri/meeting/getMeetingById.action?returnType=wap&meeting.id=',1,NULL,'WAP','首页',160,'SYSTEM',1,NULL,129,NULL,NULL,1),
  (2815,1,'投票',NULL,'wap/pri/vote/vote_findEnableVote.action?meetingId=',1,NULL,'WAP','投票管理',160,'SYSTEM',1,NULL,130,NULL,NULL,1),
  (2816,1,'会议议程',NULL,'wap/pri/agenda/view.action?meetingId=',1,NULL,'WAP','会议议程',160,'SYSTEM',2,NULL,131,NULL,NULL,1),
  (2817,2,'会议资料','','wap/pri/files/getMeetingFilesPager.action?meetingId=',1,NULL,'WAP','会议资料',160,'SYSTEM',3,NULL,132,NULL,NULL,1),
  (2818,3,'互动交流',NULL,'wap/pri/interaction/postView.action?meetingId=',1,NULL,'WAP','互动交流',160,'SYSTEM',4,NULL,133,NULL,NULL,1),
  (2819,5,'会场位置',NULL,'wap/pri/map/view.action?meeting.id=',1,NULL,'WAP','会场位置',160,'SYSTEM',5,NULL,134,NULL,NULL,1),
  (2820,6,'签到',NULL,'pages/wap/pri/sign/signIn.jsp?meetingId=',1,NULL,'WAP','签到',160,'SYSTEM',6,NULL,135,NULL,NULL,0),
  (2821,7,'餐饮安排',NULL,'wap/pri/meeting/showDinner.action?meetingId=',1,NULL,'WAP','餐饮安排',160,'SYSTEM',7,NULL,136,NULL,NULL,1),
  (2822,9,'通讯录',NULL,'wap/pri/meeting/getMeetingUsers.action?meeting.id=',1,NULL,'WAP','通讯录',160,'SYSTEM',9,NULL,137,NULL,NULL,1),
  (2823,10,'站内私信',NULL,'wap/pri/message/messagebox.action?meetingId=',1,NULL,'WAP','私信',160,'SYSTEM',10,NULL,138,NULL,NULL,1),
  (2824,11,'签到码',NULL,'wap/pri/meeting/signCode.action?meetingId=',1,NULL,'WAP','签到码',160,'SYSTEM',11,NULL,139,NULL,NULL,1),
  (2826,0,'首页',NULL,'portal/pri/meeting/getMeetingById.action?returnType=portal_viewmeeting&meeting.id=',1,NULL,'WEB','首页',160,'SYSTEM',0,NULL,141,NULL,NULL,1),
  (2827,1,'会议议程','','portal/pri/agenda/agendaList.action?meetingId=',1,NULL,'WEB','会议议程',160,'SYSTEM',1,NULL,142,NULL,NULL,1),
  (2828,3,'会议资料',NULL,'portal/pri/meeting/getMeetingFilesPager.action?from=portal&meetingId=',1,NULL,'WEB','会议资料',160,'SYSTEM',2,NULL,143,NULL,NULL,1),
  (2829,4,'互动交流',NULL,'portal/pri/interaction/postList.action?meetingId=',1,NULL,'WEB','互动交流',160,'SYSTEM',3,NULL,144,NULL,NULL,1),
  (2830,5,'餐饮安排 ',NULL,'portal/pri/meeting/getDinnerInfo.action?meetingId=',1,NULL,'WEB','餐饮安排 ',160,'SYSTEM',4,NULL,145,NULL,NULL,1),
  (2831,6,'签到',NULL,'pages/portal/pri/sign/signIn.jsp?meetingId=',1,NULL,'WEB','签到',160,'SYSTEM',6,NULL,146,NULL,NULL,0),
  (2832,5,'会场位置',NULL,'portal/pri/meeting/getMeetingById.action?returnType=portal_map&meeting.id=',1,NULL,'WEB','会场位置',160,'SYSTEM',7,NULL,147,NULL,NULL,1),
  (2833,9,'通讯录',NULL,'portal/pri/meeting/getMeetingUsers.action?meeting.id=',1,NULL,'WEB','通讯录',160,'SYSTEM',9,NULL,148,NULL,NULL,1),
  (2834,10,'站内私信',NULL,'portal/pri/message/list.action?meetingId=',1,NULL,'WEB','私信',160,'SYSTEM',10,NULL,149,NULL,NULL,1),
  (2835,11,'签到码',NULL,'portal/pri/meeting/signCode.action?meetingId=',1,NULL,'WEB','签到码',160,'SYSTEM',11,NULL,150,NULL,NULL,1),
  (2837,17,'投票',NULL,'portal/pri/meeting/vote_findEnableVote.action?meetingId=',1,NULL,'WEB','投票管理',160,'SYSTEM',20,NULL,152,NULL,NULL,1),
  (2838,3,'会场建议',NULL,'portal/pri/meeting/paper_findEnablePaper.action?meetingId=',1,NULL,'WEB','会场建议',160,'SYSTEM',8,NULL,745,NULL,NULL,1),
  (2839,1,'本地土特产 ',NULL,'portal/pri/reception/specialty_show.action?meetingId=',1,NULL,'WEB','本地土特产',160,'SYSTEM',18,NULL,757,NULL,NULL,1),
  (2840,1,'本地土特产',NULL,'wap/pri/reception/specialty_show.action?meetingId=',1,NULL,'WAP','本地土特产',160,'SYSTEM',18,NULL,758,NULL,NULL,1),
  (2841,1,'搴淇℃','','portal/pri/hotel/list.action?meetingId=',1,NULL,'WEB','搴淇℃',160,'SYSTEM',21,NULL,808,NULL,NULL,1),
  (2842,1,'搴淇℃','','wap/pri/hotel/list.action?meetingId=',1,NULL,'WAP','搴淇℃',160,'SYSTEM',21,NULL,810,NULL,NULL,1),
  (2843,1,'新闻中心 ',NULL,'portal/pri/news/show.action?meetingId=',1,NULL,'WEB','新闻中心',160,'SYSTEM',5,NULL,813,NULL,NULL,1),
  (2844,1,'新闻中心',NULL,'wap/pri/news/show.action?meetingId=',1,NULL,'WAP','新闻中心',160,'SYSTEM',5,NULL,814,NULL,NULL,1),
  (2845,2,'抽奖信息',NULL,'portal/pri/meeting/lucky_findLuckyHistory.action?meetingId=',1,NULL,'WEB','抽奖信息',160,'SYSTEM',8,NULL,817,NULL,NULL,1),
  (2846,5,'抽奖信息',NULL,'wap/pri/lucky/lucky_findLuckyHistory.action?meetingId=',1,NULL,'WAP','抽奖信息',160,'SYSTEM',10,NULL,818,NULL,NULL,1),
  (2847,2,'会场建议',NULL,'portal/pri/meeting/paper_findEnablePaper.action?meetingId=',1,NULL,'WEB','会场建议',160,'SYSTEM',8,NULL,821,NULL,NULL,1),
  (2848,5,'会场建议',NULL,'wap/pri/paper/paper_findEnablePaper.action?meetingId=',1,NULL,'WAP','会场建议',160,'SYSTEM',10,NULL,822,NULL,NULL,1),
  (2849,2,'嘉宾信息',NULL,'portal/pri/meeting/guest_findAllGuest.action?meetingId=',1,NULL,'WEB','嘉宾信息',160,'SYSTEM',8,NULL,825,NULL,NULL,1),
  (2850,5,'嘉宾信息',NULL,'wap/pri/guest/guest_findAllGuest.action?meetingId=',1,NULL,'WAP','嘉宾信息',160,'SYSTEM',8,NULL,826,NULL,NULL,1),
  (2851,0,'首页',NULL,'wap/pri/meeting/getMeetingById.action?returnType=wap&meeting.id=',1,NULL,'WAP','首页',161,'SYSTEM',1,NULL,129,NULL,NULL,1),
  (2852,1,'投票',NULL,'wap/pri/vote/vote_findEnableVote.action?meetingId=',1,NULL,'WAP','投票管理',161,'SYSTEM',1,NULL,130,NULL,NULL,1),
  (2853,1,'会议议程',NULL,'wap/pri/agenda/view.action?meetingId=',1,NULL,'WAP','会议议程',161,'SYSTEM',2,NULL,131,NULL,NULL,1),
  (2854,2,'会议资料','','wap/pri/files/getMeetingFilesPager.action?meetingId=',1,NULL,'WAP','会议资料',161,'SYSTEM',3,NULL,132,NULL,NULL,1),
  (2855,3,'互动交流',NULL,'wap/pri/interaction/postView.action?meetingId=',1,NULL,'WAP','互动交流',161,'SYSTEM',4,NULL,133,NULL,NULL,1),
  (2856,5,'会场位置',NULL,'wap/pri/map/view.action?meeting.id=',1,NULL,'WAP','会场位置',161,'SYSTEM',5,NULL,134,NULL,NULL,1),
  (2857,6,'签到',NULL,'pages/wap/pri/sign/signIn.jsp?meetingId=',1,NULL,'WAP','签到',161,'SYSTEM',6,NULL,135,NULL,NULL,0),
  (2858,7,'餐饮安排',NULL,'wap/pri/meeting/showDinner.action?meetingId=',1,NULL,'WAP','餐饮安排',161,'SYSTEM',7,NULL,136,NULL,NULL,1),
  (2859,9,'通讯录',NULL,'wap/pri/meeting/getMeetingUsers.action?meeting.id=',1,NULL,'WAP','通讯录',161,'SYSTEM',9,NULL,137,NULL,NULL,1),
  (2860,10,'站内私信',NULL,'wap/pri/message/messagebox.action?meetingId=',1,NULL,'WAP','私信',161,'SYSTEM',10,NULL,138,NULL,NULL,1),
  (2861,11,'签到码',NULL,'wap/pri/meeting/signCode.action?meetingId=',1,NULL,'WAP','签到码',161,'SYSTEM',11,NULL,139,NULL,NULL,1),
  (2863,0,'首页',NULL,'portal/pri/meeting/getMeetingById.action?returnType=portal_viewmeeting&meeting.id=',1,NULL,'WEB','首页',161,'SYSTEM',0,NULL,141,NULL,NULL,1),
  (2864,1,'会议议程','','portal/pri/agenda/agendaList.action?meetingId=',1,NULL,'WEB','会议议程',161,'SYSTEM',1,NULL,142,NULL,NULL,1),
  (2865,3,'会议资料',NULL,'portal/pri/meeting/getMeetingFilesPager.action?from=portal&meetingId=',1,NULL,'WEB','会议资料',161,'SYSTEM',2,NULL,143,NULL,NULL,1),
  (2866,4,'互动交流',NULL,'portal/pri/interaction/postList.action?meetingId=',1,NULL,'WEB','互动交流',161,'SYSTEM',3,NULL,144,NULL,NULL,1),
  (2867,5,'餐饮安排 ',NULL,'portal/pri/meeting/getDinnerInfo.action?meetingId=',1,NULL,'WEB','餐饮安排 ',161,'SYSTEM',4,NULL,145,NULL,NULL,1),
  (2868,6,'签到',NULL,'pages/portal/pri/sign/signIn.jsp?meetingId=',1,NULL,'WEB','签到',161,'SYSTEM',6,NULL,146,NULL,NULL,0),
  (2869,5,'会场位置',NULL,'portal/pri/meeting/getMeetingById.action?returnType=portal_map&meeting.id=',1,NULL,'WEB','会场位置',161,'SYSTEM',7,NULL,147,NULL,NULL,1),
  (2870,9,'通讯录',NULL,'portal/pri/meeting/getMeetingUsers.action?meeting.id=',1,NULL,'WEB','通讯录',161,'SYSTEM',9,NULL,148,NULL,NULL,1),
  (2871,10,'站内私信',NULL,'portal/pri/message/list.action?meetingId=',1,NULL,'WEB','私信',161,'SYSTEM',10,NULL,149,NULL,NULL,1),
  (2872,11,'签到码',NULL,'portal/pri/meeting/signCode.action?meetingId=',1,NULL,'WEB','签到码',161,'SYSTEM',11,NULL,150,NULL,NULL,1),
  (2874,17,'投票',NULL,'portal/pri/meeting/vote_findEnableVote.action?meetingId=',1,NULL,'WEB','投票管理',161,'SYSTEM',20,NULL,152,NULL,NULL,1),
  (2875,3,'会场建议',NULL,'portal/pri/meeting/paper_findEnablePaper.action?meetingId=',1,NULL,'WEB','会场建议',161,'SYSTEM',8,NULL,745,NULL,NULL,1),
  (2876,1,'本地土特产 ',NULL,'portal/pri/reception/specialty_show.action?meetingId=',1,NULL,'WEB','本地土特产',161,'SYSTEM',18,NULL,757,NULL,NULL,1),
  (2877,1,'本地土特产',NULL,'wap/pri/reception/specialty_show.action?meetingId=',1,NULL,'WAP','本地土特产',161,'SYSTEM',18,NULL,758,NULL,NULL,1),
  (2878,1,'新闻中心 ',NULL,'portal/pri/news/show.action?meetingId=',1,NULL,'WEB','新闻中心',161,'SYSTEM',5,NULL,813,NULL,NULL,1),
  (2879,1,'新闻中心',NULL,'wap/pri/news/show.action?meetingId=',1,NULL,'WAP','新闻中心',161,'SYSTEM',5,NULL,814,NULL,NULL,1),
  (2880,2,'抽奖信息',NULL,'portal/pri/meeting/lucky_findLuckyHistory.action?meetingId=',1,NULL,'WEB','抽奖信息',161,'SYSTEM',8,NULL,817,NULL,NULL,1),
  (2881,5,'抽奖信息',NULL,'wap/pri/lucky/lucky_findLuckyHistory.action?meetingId=',1,NULL,'WAP','抽奖信息',161,'SYSTEM',10,NULL,818,NULL,NULL,1),
  (2882,2,'会场建议',NULL,'portal/pri/meeting/paper_findEnablePaper.action?meetingId=',1,NULL,'WEB','会场建议',161,'SYSTEM',8,NULL,821,NULL,NULL,1),
  (2883,5,'会场建议',NULL,'wap/pri/paper/paper_findEnablePaper.action?meetingId=',1,NULL,'WAP','会场建议',161,'SYSTEM',10,NULL,822,NULL,NULL,1),
  (2884,2,'嘉宾信息',NULL,'portal/pri/meeting/guest_findAllGuest.action?meetingId=',1,NULL,'WEB','嘉宾信息',161,'SYSTEM',8,NULL,825,NULL,NULL,1),
  (2885,5,'嘉宾信息',NULL,'wap/pri/guest/guest_findAllGuest.action?meetingId=',1,NULL,'WAP','嘉宾信息',161,'SYSTEM',8,NULL,826,NULL,NULL,1),
  (2886,1,'酒店信息','','portal/pri/hotel/list.action?meetingId=',1,NULL,'WEB','酒店信息',161,'SYSTEM',21,NULL,828,NULL,NULL,1),
  (2887,1,'酒店信息','','wap/pri/hotel/list.action?meetingId=',1,NULL,'WAP','酒店信息',161,'SYSTEM',21,NULL,830,NULL,NULL,1),
  (2888,1,'新闻中心 ',NULL,'portal/pri/news/show.action?meetingId=',1,NULL,'WEB','新闻中心',158,'SYSTEM',5,NULL,813,NULL,NULL,1),
  (2889,1,'新闻中心',NULL,'wap/pri/news/show.action?meetingId=',1,NULL,'WAP','新闻中心',158,'SYSTEM',5,NULL,814,NULL,NULL,1),
  (2890,2,'抽奖信息',NULL,'portal/pri/meeting/lucky_findLuckyHistory.action?meetingId=',1,NULL,'WEB','抽奖信息',158,'SYSTEM',8,NULL,817,NULL,NULL,1),
  (2891,5,'抽奖信息',NULL,'wap/pri/lucky/lucky_findLuckyHistory.action?meetingId=',1,NULL,'WAP','抽奖信息',158,'SYSTEM',10,NULL,818,NULL,NULL,1),
  (2893,5,'会场建议',NULL,'wap/pri/paper/paper_findEnablePaper.action?meetingId=',1,NULL,'WAP','会场建议',158,'SYSTEM',10,NULL,822,NULL,NULL,1),
  (2894,2,'嘉宾信息',NULL,'portal/pri/meeting/guest_findAllGuest.action?meetingId=',1,NULL,'WEB','嘉宾信息',158,'SYSTEM',8,NULL,825,NULL,NULL,1),
  (2895,5,'嘉宾信息',NULL,'wap/pri/guest/guest_findAllGuest.action?meetingId=',1,NULL,'WAP','嘉宾信息',158,'SYSTEM',8,NULL,826,NULL,NULL,1),
  (2896,1,'酒店信息','','portal/pri/hotel/list.action?meetingId=',1,NULL,'WEB','酒店信息',158,'SYSTEM',21,NULL,828,NULL,NULL,1),
  (2897,1,'酒店信息','','wap/pri/hotel/list.action?meetingId=',1,NULL,'WAP','酒店信息',158,'SYSTEM',21,NULL,830,NULL,NULL,1),
  (2898,1,'酒店信息','','portal/pri/hotel/list.action?meetingId=',1,NULL,'WEB','酒店信息',159,'SYSTEM',21,NULL,828,NULL,NULL,1),
  (2899,1,'酒店信息','','wap/pri/hotel/list.action?meetingId=',1,NULL,'WAP','酒店信息',159,'SYSTEM',21,NULL,830,NULL,NULL,1),
  (2900,1,'新闻中心 ',NULL,'portal/pri/news/show.action?meetingId=',1,NULL,'WEB','新闻中心',157,'SYSTEM',5,NULL,813,NULL,NULL,1),
  (2901,1,'新闻中心',NULL,'wap/pri/news/show.action?meetingId=',1,NULL,'WAP','新闻中心',157,'SYSTEM',5,NULL,814,NULL,NULL,1),
  (2902,2,'抽奖信息',NULL,'portal/pri/meeting/lucky_findLuckyHistory.action?meetingId=',1,NULL,'WEB','抽奖信息',157,'SYSTEM',8,NULL,817,NULL,NULL,1),
  (2903,5,'抽奖信息',NULL,'wap/pri/lucky/lucky_findLuckyHistory.action?meetingId=',1,NULL,'WAP','抽奖信息',157,'SYSTEM',10,NULL,818,NULL,NULL,1),
  (2905,5,'会场建议',NULL,'wap/pri/paper/paper_findEnablePaper.action?meetingId=',1,NULL,'WAP','会场建议',157,'SYSTEM',10,NULL,822,NULL,NULL,1),
  (2906,2,'嘉宾信息',NULL,'portal/pri/meeting/guest_findAllGuest.action?meetingId=',1,NULL,'WEB','嘉宾信息',157,'SYSTEM',8,NULL,825,NULL,NULL,1),
  (2907,5,'嘉宾信息',NULL,'wap/pri/guest/guest_findAllGuest.action?meetingId=',1,NULL,'WAP','嘉宾信息',157,'SYSTEM',8,NULL,826,NULL,NULL,1),
  (2908,1,'酒店信息','','portal/pri/hotel/list.action?meetingId=',1,NULL,'WEB','酒店信息',157,'SYSTEM',21,NULL,828,NULL,NULL,1),
  (2909,1,'酒店信息','','wap/pri/hotel/list.action?meetingId=',1,NULL,'WAP','酒店信息',157,'SYSTEM',21,NULL,830,NULL,NULL,1),
  (2910,1,'酒店信息','','portal/pri/hotel/list.action?meetingId=',1,NULL,'WEB','酒店信息',160,'SYSTEM',21,NULL,828,NULL,NULL,1),
  (2911,1,'酒店信息','','wap/pri/hotel/list.action?meetingId=',1,NULL,'WAP','酒店信息',160,'SYSTEM',21,NULL,830,NULL,NULL,1),
  (2912,0,'首页',NULL,'wap/pri/meeting/getMeetingById.action?returnType=wap&meeting.id=',1,NULL,'WAP','首页',162,'SYSTEM',1,NULL,129,NULL,NULL,1),
  (2913,1,'投票',NULL,'wap/pri/vote/vote_findEnableVote.action?meetingId=',1,NULL,'WAP','投票管理',162,'SYSTEM',1,NULL,130,NULL,NULL,1),
  (2914,1,'会议议程',NULL,'wap/pri/agenda/view.action?meetingId=',1,NULL,'WAP','会议议程',162,'SYSTEM',2,NULL,131,NULL,NULL,1),
  (2915,2,'会议资料','','wap/pri/files/getMeetingFilesPager.action?meetingId=',1,NULL,'WAP','会议资料',162,'SYSTEM',3,NULL,132,NULL,NULL,1),
  (2916,3,'互动交流',NULL,'wap/pri/interaction/postView.action?meetingId=',1,NULL,'WAP','互动交流',162,'SYSTEM',4,NULL,133,NULL,NULL,1),
  (2917,5,'会场位置',NULL,'wap/pri/map/view.action?meeting.id=',1,NULL,'WAP','会场位置',162,'SYSTEM',5,NULL,134,NULL,NULL,1),
  (2918,6,'签到',NULL,'pages/wap/pri/sign/signIn.jsp?meetingId=',1,NULL,'WAP','签到',162,'SYSTEM',6,NULL,135,NULL,NULL,0),
  (2919,7,'餐饮安排',NULL,'wap/pri/meeting/showDinner.action?meetingId=',1,NULL,'WAP','餐饮安排',162,'SYSTEM',7,NULL,136,NULL,NULL,1),
  (2920,9,'通讯录',NULL,'wap/pri/meeting/getMeetingUsers.action?meeting.id=',1,NULL,'WAP','通讯录',162,'SYSTEM',9,NULL,137,NULL,NULL,1),
  (2921,10,'站内私信',NULL,'wap/pri/message/messagebox.action?meetingId=',1,NULL,'WAP','私信',162,'SYSTEM',10,NULL,138,NULL,NULL,1),
  (2922,11,'签到码',NULL,'wap/pri/meeting/signCode.action?meetingId=',1,NULL,'WAP','签到码',162,'SYSTEM',11,NULL,139,NULL,NULL,1),
  (2923,0,'首页',NULL,'portal/pri/meeting/getMeetingById.action?returnType=portal_viewmeeting&meeting.id=',1,NULL,'WEB','首页',162,'SYSTEM',0,NULL,141,NULL,NULL,1),
  (2924,1,'会议议程','','portal/pri/agenda/agendaList.action?meetingId=',1,NULL,'WEB','会议议程',162,'SYSTEM',1,NULL,142,NULL,NULL,1),
  (2925,3,'会议资料',NULL,'portal/pri/meeting/getMeetingFilesPager.action?from=portal&meetingId=',1,NULL,'WEB','会议资料',162,'SYSTEM',2,NULL,143,NULL,NULL,1),
  (2926,4,'互动交流',NULL,'portal/pri/interaction/postList.action?meetingId=',1,NULL,'WEB','互动交流',162,'SYSTEM',3,NULL,144,NULL,NULL,1),
  (2927,5,'餐饮安排 ',NULL,'portal/pri/meeting/getDinnerInfo.action?meetingId=',1,NULL,'WEB','餐饮安排 ',162,'SYSTEM',4,NULL,145,NULL,NULL,1),
  (2928,6,'签到',NULL,'pages/portal/pri/sign/signIn.jsp?meetingId=',1,NULL,'WEB','签到',162,'SYSTEM',6,NULL,146,NULL,NULL,0),
  (2929,5,'会场位置',NULL,'portal/pri/meeting/getMeetingById.action?returnType=portal_map&meeting.id=',1,NULL,'WEB','会场位置',162,'SYSTEM',7,NULL,147,NULL,NULL,1),
  (2930,9,'通讯录',NULL,'portal/pri/meeting/getMeetingUsers.action?meeting.id=',1,NULL,'WEB','通讯录',162,'SYSTEM',9,NULL,148,NULL,NULL,1),
  (2931,10,'站内私信',NULL,'portal/pri/message/list.action?meetingId=',1,NULL,'WEB','私信',162,'SYSTEM',10,NULL,149,NULL,NULL,1),
  (2932,11,'签到码',NULL,'portal/pri/meeting/signCode.action?meetingId=',1,NULL,'WEB','签到码',162,'SYSTEM',11,NULL,150,NULL,NULL,1),
  (2933,17,'投票',NULL,'portal/pri/meeting/vote_findEnableVote.action?meetingId=',1,NULL,'WEB','投票管理',162,'SYSTEM',20,NULL,152,NULL,NULL,1),
  (2934,3,'会场建议',NULL,'portal/pri/meeting/paper_findEnablePaper.action?meetingId=',1,NULL,'WEB','会场建议',162,'SYSTEM',8,NULL,745,NULL,NULL,1),
  (2935,1,'本地土特产 ',NULL,'portal/pri/reception/specialty_show.action?meetingId=',1,NULL,'WEB','本地土特产',162,'SYSTEM',18,NULL,757,NULL,NULL,1),
  (2936,1,'本地土特产',NULL,'wap/pri/reception/specialty_show.action?meetingId=',1,NULL,'WAP','本地土特产',162,'SYSTEM',18,NULL,758,NULL,NULL,1),
  (2937,1,'新闻中心 ',NULL,'portal/pri/news/show.action?meetingId=',1,NULL,'WEB','新闻中心',162,'SYSTEM',5,NULL,813,NULL,NULL,1),
  (2938,1,'新闻中心',NULL,'wap/pri/news/show.action?meetingId=',1,NULL,'WAP','新闻中心',162,'SYSTEM',5,NULL,814,NULL,NULL,1),
  (2939,2,'抽奖信息',NULL,'portal/pri/meeting/lucky_findLuckyHistory.action?meetingId=',1,NULL,'WEB','抽奖信息',162,'SYSTEM',8,NULL,817,NULL,NULL,1),
  (2940,5,'抽奖信息',NULL,'wap/pri/lucky/lucky_findLuckyHistory.action?meetingId=',1,NULL,'WAP','抽奖信息',162,'SYSTEM',10,NULL,818,NULL,NULL,1),
  (2941,5,'会场建议',NULL,'wap/pri/paper/paper_findEnablePaper.action?meetingId=',1,NULL,'WAP','会场建议',162,'SYSTEM',10,NULL,822,NULL,NULL,1),
  (2942,2,'嘉宾信息',NULL,'portal/pri/meeting/guest_findAllGuest.action?meetingId=',1,NULL,'WEB','嘉宾信息',162,'SYSTEM',8,NULL,825,NULL,NULL,1),
  (2943,5,'嘉宾信息',NULL,'wap/pri/guest/guest_findAllGuest.action?meetingId=',1,NULL,'WAP','嘉宾信息',162,'SYSTEM',8,NULL,826,NULL,NULL,1),
  (2944,1,'酒店信息','','portal/pri/hotel/list.action?meetingId=',1,NULL,'WEB','酒店信息',162,'SYSTEM',21,NULL,828,NULL,NULL,1),
  (2945,1,'酒店信息','','wap/pri/hotel/list.action?meetingId=',1,NULL,'WAP','酒店信息',162,'SYSTEM',21,NULL,830,NULL,NULL,1),
  (2946,0,'首页',NULL,'wap/pri/meeting/getMeetingById.action?returnType=wap&meeting.id=',1,NULL,'WAP','首页',163,'SYSTEM',1,NULL,129,NULL,NULL,1),
  (2947,1,'投票',NULL,'wap/pri/vote/vote_findEnableVote.action?meetingId=',1,NULL,'WAP','投票管理',163,'SYSTEM',1,NULL,130,NULL,NULL,1),
  (2948,1,'会议议程',NULL,'wap/pri/agenda/view.action?meetingId=',1,NULL,'WAP','会议议程',163,'SYSTEM',2,NULL,131,NULL,NULL,1),
  (2949,2,'会议资料','','wap/pri/files/getMeetingFilesPager.action?meetingId=',1,NULL,'WAP','会议资料',163,'SYSTEM',3,NULL,132,NULL,NULL,1),
  (2950,3,'互动交流',NULL,'wap/pri/interaction/postView.action?meetingId=',1,NULL,'WAP','互动交流',163,'SYSTEM',4,NULL,133,NULL,NULL,1),
  (2951,5,'会场位置',NULL,'wap/pri/map/view.action?meeting.id=',1,NULL,'WAP','会场位置',163,'SYSTEM',5,NULL,134,NULL,NULL,1),
  (2952,6,'签到',NULL,'pages/wap/pri/sign/signIn.jsp?meetingId=',1,NULL,'WAP','签到',163,'SYSTEM',6,NULL,135,NULL,NULL,0),
  (2953,7,'餐饮安排',NULL,'wap/pri/meeting/showDinner.action?meetingId=',1,NULL,'WAP','餐饮安排',163,'SYSTEM',7,NULL,136,NULL,NULL,1),
  (2954,9,'通讯录',NULL,'wap/pri/meeting/getMeetingUsers.action?meeting.id=',1,NULL,'WAP','通讯录',163,'SYSTEM',9,NULL,137,NULL,NULL,1),
  (2955,10,'站内私信',NULL,'wap/pri/message/messagebox.action?meetingId=',1,NULL,'WAP','私信',163,'SYSTEM',10,NULL,138,NULL,NULL,1),
  (2956,11,'签到码',NULL,'wap/pri/meeting/signCode.action?meetingId=',1,NULL,'WAP','签到码',163,'SYSTEM',11,NULL,139,NULL,NULL,1),
  (2957,0,'首页',NULL,'portal/pri/meeting/getMeetingById.action?returnType=portal_viewmeeting&meeting.id=',1,NULL,'WEB','首页',163,'SYSTEM',0,NULL,141,NULL,NULL,1),
  (2958,1,'会议议程','','portal/pri/agenda/agendaList.action?meetingId=',1,NULL,'WEB','会议议程',163,'SYSTEM',1,NULL,142,NULL,NULL,1),
  (2959,3,'会议资料',NULL,'portal/pri/meeting/getMeetingFilesPager.action?from=portal&meetingId=',1,NULL,'WEB','会议资料',163,'SYSTEM',2,NULL,143,NULL,NULL,1),
  (2960,4,'互动交流',NULL,'portal/pri/interaction/postList.action?meetingId=',1,NULL,'WEB','互动交流',163,'SYSTEM',3,NULL,144,NULL,NULL,1),
  (2961,5,'餐饮安排 ',NULL,'portal/pri/meeting/getDinnerInfo.action?meetingId=',1,NULL,'WEB','餐饮安排 ',163,'SYSTEM',4,NULL,145,NULL,NULL,1),
  (2962,6,'签到',NULL,'pages/portal/pri/sign/signIn.jsp?meetingId=',1,NULL,'WEB','签到',163,'SYSTEM',6,NULL,146,NULL,NULL,0),
  (2963,5,'会场位置',NULL,'portal/pri/meeting/getMeetingById.action?returnType=portal_map&meeting.id=',1,NULL,'WEB','会场位置',163,'SYSTEM',7,NULL,147,NULL,NULL,1),
  (2964,9,'通讯录',NULL,'portal/pri/meeting/getMeetingUsers.action?meeting.id=',1,NULL,'WEB','通讯录',163,'SYSTEM',9,NULL,148,NULL,NULL,1),
  (2965,10,'站内私信',NULL,'portal/pri/message/list.action?meetingId=',1,NULL,'WEB','私信',163,'SYSTEM',10,NULL,149,NULL,NULL,1),
  (2966,11,'签到码',NULL,'portal/pri/meeting/signCode.action?meetingId=',1,NULL,'WEB','签到码',163,'SYSTEM',11,NULL,150,NULL,NULL,1),
  (2967,17,'投票',NULL,'portal/pri/meeting/vote_findEnableVote.action?meetingId=',1,NULL,'WEB','投票管理',163,'SYSTEM',20,NULL,152,NULL,NULL,1),
  (2968,3,'会场建议',NULL,'portal/pri/meeting/paper_findEnablePaper.action?meetingId=',1,NULL,'WEB','会场建议',163,'SYSTEM',8,NULL,745,NULL,NULL,1),
  (2969,1,'本地土特产 ',NULL,'portal/pri/reception/specialty_show.action?meetingId=',1,NULL,'WEB','本地土特产',163,'SYSTEM',18,NULL,757,NULL,NULL,1),
  (2970,1,'本地土特产',NULL,'wap/pri/reception/specialty_show.action?meetingId=',1,NULL,'WAP','本地土特产',163,'SYSTEM',18,NULL,758,NULL,NULL,1),
  (2971,1,'新闻中心 ',NULL,'portal/pri/news/show.action?meetingId=',1,NULL,'WEB','新闻中心',163,'SYSTEM',5,NULL,813,NULL,NULL,1),
  (2972,1,'新闻中心',NULL,'wap/pri/news/show.action?meetingId=',1,NULL,'WAP','新闻中心',163,'SYSTEM',5,NULL,814,NULL,NULL,1),
  (2973,2,'抽奖信息',NULL,'portal/pri/meeting/lucky_findLuckyHistory.action?meetingId=',1,NULL,'WEB','抽奖信息',163,'SYSTEM',8,NULL,817,NULL,NULL,1),
  (2974,5,'抽奖信息',NULL,'wap/pri/lucky/lucky_findLuckyHistory.action?meetingId=',1,NULL,'WAP','抽奖信息',163,'SYSTEM',10,NULL,818,NULL,NULL,1),
  (2975,5,'会场建议',NULL,'wap/pri/paper/paper_findEnablePaper.action?meetingId=',1,NULL,'WAP','会场建议',163,'SYSTEM',10,NULL,822,NULL,NULL,1),
  (2976,2,'嘉宾信息',NULL,'portal/pri/meeting/guest_findAllGuest.action?meetingId=',1,NULL,'WEB','嘉宾信息',163,'SYSTEM',8,NULL,825,NULL,NULL,1),
  (2977,5,'嘉宾信息',NULL,'wap/pri/guest/guest_findAllGuest.action?meetingId=',1,NULL,'WAP','嘉宾信息',163,'SYSTEM',8,NULL,826,NULL,NULL,1),
  (2978,1,'酒店信息','','portal/pri/hotel/list.action?meetingId=',1,NULL,'WEB','酒店信息',163,'SYSTEM',21,NULL,828,NULL,NULL,1),
  (2979,1,'酒店信息','','wap/pri/hotel/list.action?meetingId=',1,NULL,'WAP','酒店信息',163,'SYSTEM',21,NULL,830,NULL,NULL,1),
  (2980,0,'首页',NULL,'wap/pri/meeting/getMeetingById.action?returnType=wap&meeting.id=',1,NULL,'WAP','首页',164,'SYSTEM',1,NULL,129,NULL,NULL,1),
  (2981,1,'投票',NULL,'wap/pri/vote/vote_findEnableVote.action?meetingId=',1,NULL,'WAP','投票管理',164,'SYSTEM',1,NULL,130,NULL,NULL,1),
  (2982,1,'会议议程',NULL,'wap/pri/agenda/view.action?meetingId=',1,NULL,'WAP','会议议程',164,'SYSTEM',2,NULL,131,NULL,NULL,1),
  (2983,2,'会议资料','','wap/pri/files/getMeetingFilesPager.action?meetingId=',1,NULL,'WAP','会议资料',164,'SYSTEM',3,NULL,132,NULL,NULL,1),
  (2984,3,'互动交流',NULL,'wap/pri/interaction/postView.action?meetingId=',1,NULL,'WAP','互动交流',164,'SYSTEM',4,NULL,133,NULL,NULL,1),
  (2985,5,'会场位置',NULL,'wap/pri/map/view.action?meeting.id=',1,NULL,'WAP','会场位置',164,'SYSTEM',5,NULL,134,NULL,NULL,1),
  (2986,6,'签到',NULL,'pages/wap/pri/sign/signIn.jsp?meetingId=',1,NULL,'WAP','签到',164,'SYSTEM',6,NULL,135,NULL,NULL,0),
  (2987,7,'餐饮安排',NULL,'wap/pri/meeting/showDinner.action?meetingId=',1,NULL,'WAP','餐饮安排',164,'SYSTEM',7,NULL,136,NULL,NULL,1),
  (2988,9,'通讯录',NULL,'wap/pri/meeting/getMeetingUsers.action?meeting.id=',1,NULL,'WAP','通讯录',164,'SYSTEM',9,NULL,137,NULL,NULL,1),
  (2989,10,'站内私信',NULL,'wap/pri/message/messagebox.action?meetingId=',1,NULL,'WAP','私信',164,'SYSTEM',10,NULL,138,NULL,NULL,1),
  (2990,11,'签到码',NULL,'wap/pri/meeting/signCode.action?meetingId=',1,NULL,'WAP','签到码',164,'SYSTEM',11,NULL,139,NULL,NULL,1),
  (2991,0,'首页',NULL,'portal/pri/meeting/getMeetingById.action?returnType=portal_viewmeeting&meeting.id=',1,NULL,'WEB','首页',164,'SYSTEM',0,NULL,141,NULL,NULL,1),
  (2992,1,'会议议程','','portal/pri/agenda/agendaList.action?meetingId=',1,NULL,'WEB','会议议程',164,'SYSTEM',1,NULL,142,NULL,NULL,1),
  (2993,3,'会议资料',NULL,'portal/pri/meeting/getMeetingFilesPager.action?from=portal&meetingId=',1,NULL,'WEB','会议资料',164,'SYSTEM',2,NULL,143,NULL,NULL,1),
  (2994,4,'互动交流',NULL,'portal/pri/interaction/postList.action?meetingId=',1,NULL,'WEB','互动交流',164,'SYSTEM',3,NULL,144,NULL,NULL,1),
  (2995,5,'餐饮安排 ',NULL,'portal/pri/meeting/getDinnerInfo.action?meetingId=',1,NULL,'WEB','餐饮安排 ',164,'SYSTEM',4,NULL,145,NULL,NULL,1),
  (2996,6,'签到',NULL,'pages/portal/pri/sign/signIn.jsp?meetingId=',1,NULL,'WEB','签到',164,'SYSTEM',6,NULL,146,NULL,NULL,0),
  (2997,5,'会场位置',NULL,'portal/pri/meeting/getMeetingById.action?returnType=portal_map&meeting.id=',1,NULL,'WEB','会场位置',164,'SYSTEM',7,NULL,147,NULL,NULL,1),
  (2998,9,'通讯录',NULL,'portal/pri/meeting/getMeetingUsers.action?meeting.id=',1,NULL,'WEB','通讯录',164,'SYSTEM',9,NULL,148,NULL,NULL,1),
  (2999,10,'站内私信',NULL,'portal/pri/message/list.action?meetingId=',1,NULL,'WEB','私信',164,'SYSTEM',10,NULL,149,NULL,NULL,1),
  (3000,11,'签到码',NULL,'portal/pri/meeting/signCode.action?meetingId=',1,NULL,'WEB','签到码',164,'SYSTEM',11,NULL,150,NULL,NULL,1),
  (3001,17,'投票',NULL,'portal/pri/meeting/vote_findEnableVote.action?meetingId=',1,NULL,'WEB','投票管理',164,'SYSTEM',20,NULL,152,NULL,NULL,1),
  (3002,3,'会场建议',NULL,'portal/pri/meeting/paper_findEnablePaper.action?meetingId=',1,NULL,'WEB','会场建议',164,'SYSTEM',8,NULL,745,NULL,NULL,1),
  (3003,1,'本地土特产 ',NULL,'portal/pri/reception/specialty_show.action?meetingId=',1,NULL,'WEB','本地土特产',164,'SYSTEM',18,NULL,757,NULL,NULL,1),
  (3004,1,'本地土特产',NULL,'wap/pri/reception/specialty_show.action?meetingId=',1,NULL,'WAP','本地土特产',164,'SYSTEM',18,NULL,758,NULL,NULL,1),
  (3005,1,'新闻中心 ',NULL,'portal/pri/news/show.action?meetingId=',1,NULL,'WEB','新闻中心',164,'SYSTEM',5,NULL,813,NULL,NULL,1),
  (3006,1,'新闻中心',NULL,'wap/pri/news/show.action?meetingId=',1,NULL,'WAP','新闻中心',164,'SYSTEM',5,NULL,814,NULL,NULL,1),
  (3007,2,'抽奖信息',NULL,'portal/pri/meeting/lucky_findLuckyHistory.action?meetingId=',1,NULL,'WEB','抽奖信息',164,'SYSTEM',8,NULL,817,NULL,NULL,1),
  (3008,5,'抽奖信息',NULL,'wap/pri/lucky/lucky_findLuckyHistory.action?meetingId=',1,NULL,'WAP','抽奖信息',164,'SYSTEM',10,NULL,818,NULL,NULL,1),
  (3009,5,'会场建议',NULL,'wap/pri/paper/paper_findEnablePaper.action?meetingId=',1,NULL,'WAP','会场建议',164,'SYSTEM',10,NULL,822,NULL,NULL,1),
  (3010,2,'嘉宾信息',NULL,'portal/pri/meeting/guest_findAllGuest.action?meetingId=',1,NULL,'WEB','嘉宾信息',164,'SYSTEM',8,NULL,825,NULL,NULL,1),
  (3011,5,'嘉宾信息',NULL,'wap/pri/guest/guest_findAllGuest.action?meetingId=',1,NULL,'WAP','嘉宾信息',164,'SYSTEM',8,NULL,826,NULL,NULL,1),
  (3012,1,'酒店信息','','portal/pri/hotel/list.action?meetingId=',1,NULL,'WEB','酒店信息',164,'SYSTEM',21,NULL,828,NULL,NULL,1),
  (3013,1,'酒店信息','','wap/pri/hotel/list.action?meetingId=',1,NULL,'WAP','酒店信息',164,'SYSTEM',21,NULL,830,NULL,NULL,1),
  (3016,0,'天气情况',NULL,'portal/pri/meeting/getCustomeMenu.action?returnType=portal&content.id=127&meetingId=',1,NULL,'WEB','天气情况',164,'CUSTOME',NULL,127,NULL,NULL,NULL,NULL),
  (3017,0,'首页',NULL,'wap/pri/meeting/getMeetingById.action?returnType=wap&meeting.id=',1,NULL,'WAP','首页',165,'SYSTEM',1,NULL,129,NULL,NULL,1),
  (3018,1,'投票',NULL,'wap/pri/vote/vote_findEnableVote.action?meetingId=',1,NULL,'WAP','投票管理',165,'SYSTEM',1,NULL,130,NULL,NULL,1),
  (3019,1,'会议议程',NULL,'wap/pri/agenda/view.action?meetingId=',1,NULL,'WAP','会议议程',165,'SYSTEM',2,NULL,131,NULL,NULL,1),
  (3020,2,'会议资料','','wap/pri/files/getMeetingFilesPager.action?meetingId=',1,NULL,'WAP','会议资料',165,'SYSTEM',3,NULL,132,NULL,NULL,1),
  (3021,3,'互动交流',NULL,'wap/pri/interaction/postView.action?meetingId=',1,NULL,'WAP','互动交流',165,'SYSTEM',4,NULL,133,NULL,NULL,1),
  (3022,5,'会场位置',NULL,'wap/pri/map/view.action?meeting.id=',1,NULL,'WAP','会场位置',165,'SYSTEM',5,NULL,134,NULL,NULL,1),
  (3023,6,'签到',NULL,'pages/wap/pri/sign/signIn.jsp?meetingId=',1,NULL,'WAP','签到',165,'SYSTEM',6,NULL,135,NULL,NULL,0),
  (3024,7,'餐饮安排',NULL,'wap/pri/meeting/showDinner.action?meetingId=',1,NULL,'WAP','餐饮安排',165,'SYSTEM',7,NULL,136,NULL,NULL,1),
  (3025,9,'通讯录',NULL,'wap/pri/meeting/getMeetingUsers.action?meeting.id=',1,NULL,'WAP','通讯录',165,'SYSTEM',9,NULL,137,NULL,NULL,1),
  (3026,10,'站内私信',NULL,'wap/pri/message/messagebox.action?meetingId=',1,NULL,'WAP','私信',165,'SYSTEM',10,NULL,138,NULL,NULL,1),
  (3027,11,'签到码',NULL,'wap/pri/meeting/signCode.action?meetingId=',1,NULL,'WAP','签到码',165,'SYSTEM',11,NULL,139,NULL,NULL,1),
  (3028,0,'首页',NULL,'portal/pri/meeting/getMeetingById.action?returnType=portal_viewmeeting&meeting.id=',1,NULL,'WEB','首页',165,'SYSTEM',0,NULL,141,NULL,NULL,1),
  (3029,1,'会议议程','','portal/pri/agenda/agendaList.action?meetingId=',1,NULL,'WEB','会议议程',165,'SYSTEM',1,NULL,142,NULL,NULL,1),
  (3030,3,'会议资料',NULL,'portal/pri/meeting/getMeetingFilesPager.action?from=portal&meetingId=',1,NULL,'WEB','会议资料',165,'SYSTEM',2,NULL,143,NULL,NULL,1),
  (3031,4,'互动交流',NULL,'portal/pri/interaction/postList.action?meetingId=',1,NULL,'WEB','互动交流',165,'SYSTEM',3,NULL,144,NULL,NULL,1),
  (3032,5,'餐饮安排 ',NULL,'portal/pri/meeting/getDinnerInfo.action?meetingId=',1,NULL,'WEB','餐饮安排 ',165,'SYSTEM',4,NULL,145,NULL,NULL,1),
  (3033,6,'签到',NULL,'pages/portal/pri/sign/signIn.jsp?meetingId=',1,NULL,'WEB','签到',165,'SYSTEM',6,NULL,146,NULL,NULL,0),
  (3034,5,'会场位置',NULL,'portal/pri/meeting/getMeetingById.action?returnType=portal_map&meeting.id=',1,NULL,'WEB','会场位置',165,'SYSTEM',7,NULL,147,NULL,NULL,1),
  (3035,9,'通讯录',NULL,'portal/pri/meeting/getMeetingUsers.action?meeting.id=',1,NULL,'WEB','通讯录',165,'SYSTEM',9,NULL,148,NULL,NULL,1),
  (3036,10,'站内私信',NULL,'portal/pri/message/list.action?meetingId=',1,NULL,'WEB','私信',165,'SYSTEM',10,NULL,149,NULL,NULL,1),
  (3037,11,'签到码',NULL,'portal/pri/meeting/signCode.action?meetingId=',1,NULL,'WEB','签到码',165,'SYSTEM',11,NULL,150,NULL,NULL,1),
  (3038,17,'投票',NULL,'portal/pri/meeting/vote_findEnableVote.action?meetingId=',1,NULL,'WEB','投票管理',165,'SYSTEM',20,NULL,152,NULL,NULL,1),
  (3039,3,'会场建议',NULL,'portal/pri/meeting/paper_findEnablePaper.action?meetingId=',1,NULL,'WEB','会场建议',165,'SYSTEM',8,NULL,745,NULL,NULL,1),
  (3040,1,'本地土特产 ',NULL,'portal/pri/reception/specialty_show.action?meetingId=',1,NULL,'WEB','本地土特产',165,'SYSTEM',18,NULL,757,NULL,NULL,1),
  (3041,1,'本地土特产',NULL,'wap/pri/reception/specialty_show.action?meetingId=',1,NULL,'WAP','本地土特产',165,'SYSTEM',18,NULL,758,NULL,NULL,1),
  (3042,1,'新闻中心 ',NULL,'portal/pri/news/show.action?meetingId=',1,NULL,'WEB','新闻中心',165,'SYSTEM',5,NULL,813,NULL,NULL,1),
  (3043,1,'新闻中心',NULL,'wap/pri/news/show.action?meetingId=',1,NULL,'WAP','新闻中心',165,'SYSTEM',5,NULL,814,NULL,NULL,1),
  (3044,2,'抽奖信息',NULL,'portal/pri/meeting/lucky_findLuckyHistory.action?meetingId=',1,NULL,'WEB','抽奖信息',165,'SYSTEM',8,NULL,817,NULL,NULL,1),
  (3045,5,'抽奖信息',NULL,'wap/pri/lucky/lucky_findLuckyHistory.action?meetingId=',1,NULL,'WAP','抽奖信息',165,'SYSTEM',10,NULL,818,NULL,NULL,1),
  (3046,5,'会场建议',NULL,'wap/pri/paper/paper_findEnablePaper.action?meetingId=',1,NULL,'WAP','会场建议',165,'SYSTEM',10,NULL,822,NULL,NULL,1),
  (3047,2,'嘉宾信息',NULL,'portal/pri/meeting/guest_findAllGuest.action?meetingId=',1,NULL,'WEB','嘉宾信息',165,'SYSTEM',8,NULL,825,NULL,NULL,1),
  (3048,5,'嘉宾信息',NULL,'wap/pri/guest/guest_findAllGuest.action?meetingId=',1,NULL,'WAP','嘉宾信息',165,'SYSTEM',8,NULL,826,NULL,NULL,1),
  (3049,1,'酒店信息','','portal/pri/hotel/list.action?meetingId=',1,NULL,'WEB','酒店信息',165,'SYSTEM',21,NULL,828,NULL,NULL,1),
  (3050,1,'酒店信息','','wap/pri/hotel/list.action?meetingId=',1,NULL,'WAP','酒店信息',165,'SYSTEM',21,NULL,830,NULL,NULL,1),
  (3051,0,'首页',NULL,'wap/pri/meeting/getMeetingById.action?returnType=wap&meeting.id=',1,NULL,'WAP','首页',166,'SYSTEM',1,NULL,129,NULL,NULL,1),
  (3052,1,'投票',NULL,'wap/pri/vote/vote_findEnableVote.action?meetingId=',1,NULL,'WAP','投票管理',166,'SYSTEM',1,NULL,130,NULL,NULL,1),
  (3053,1,'会议议程',NULL,'wap/pri/agenda/view.action?meetingId=',1,NULL,'WAP','会议议程',166,'SYSTEM',2,NULL,131,NULL,NULL,1),
  (3054,2,'会议资料','','wap/pri/files/getMeetingFilesPager.action?meetingId=',1,NULL,'WAP','会议资料',166,'SYSTEM',3,NULL,132,NULL,NULL,1),
  (3055,3,'互动交流',NULL,'wap/pri/interaction/postView.action?meetingId=',1,NULL,'WAP','互动交流',166,'SYSTEM',4,NULL,133,NULL,NULL,1),
  (3056,5,'会场位置',NULL,'wap/pri/map/view.action?meeting.id=',1,NULL,'WAP','会场位置',166,'SYSTEM',5,NULL,134,NULL,NULL,1),
  (3057,6,'签到',NULL,'pages/wap/pri/sign/signIn.jsp?meetingId=',1,NULL,'WAP','签到',166,'SYSTEM',6,NULL,135,NULL,NULL,0),
  (3058,7,'餐饮安排',NULL,'wap/pri/meeting/showDinner.action?meetingId=',1,NULL,'WAP','餐饮安排',166,'SYSTEM',7,NULL,136,NULL,NULL,1),
  (3059,9,'通讯录',NULL,'wap/pri/meeting/getMeetingUsers.action?meeting.id=',1,NULL,'WAP','通讯录',166,'SYSTEM',9,NULL,137,NULL,NULL,1),
  (3060,10,'站内私信',NULL,'wap/pri/message/messagebox.action?meetingId=',1,NULL,'WAP','私信',166,'SYSTEM',10,NULL,138,NULL,NULL,1),
  (3061,11,'签到码',NULL,'wap/pri/meeting/signCode.action?meetingId=',1,NULL,'WAP','签到码',166,'SYSTEM',11,NULL,139,NULL,NULL,1),
  (3062,0,'首页',NULL,'portal/pri/meeting/getMeetingById.action?returnType=portal_viewmeeting&meeting.id=',1,NULL,'WEB','首页',166,'SYSTEM',0,NULL,141,NULL,NULL,1),
  (3063,1,'会议议程','','portal/pri/agenda/agendaList.action?meetingId=',1,NULL,'WEB','会议议程',166,'SYSTEM',1,NULL,142,NULL,NULL,1),
  (3064,3,'会议资料',NULL,'portal/pri/meeting/getMeetingFilesPager.action?from=portal&meetingId=',1,NULL,'WEB','会议资料',166,'SYSTEM',2,NULL,143,NULL,NULL,1),
  (3065,4,'互动交流',NULL,'portal/pri/interaction/postList.action?meetingId=',1,NULL,'WEB','互动交流',166,'SYSTEM',3,NULL,144,NULL,NULL,1),
  (3066,5,'餐饮安排 ',NULL,'portal/pri/meeting/getDinnerInfo.action?meetingId=',1,NULL,'WEB','餐饮安排 ',166,'SYSTEM',4,NULL,145,NULL,NULL,1),
  (3067,6,'签到',NULL,'pages/portal/pri/sign/signIn.jsp?meetingId=',1,NULL,'WEB','签到',166,'SYSTEM',6,NULL,146,NULL,NULL,0),
  (3068,5,'会场位置',NULL,'portal/pri/meeting/getMeetingById.action?returnType=portal_map&meeting.id=',1,NULL,'WEB','会场位置',166,'SYSTEM',7,NULL,147,NULL,NULL,1),
  (3069,9,'通讯录',NULL,'portal/pri/meeting/getMeetingUsers.action?meeting.id=',1,NULL,'WEB','通讯录',166,'SYSTEM',9,NULL,148,NULL,NULL,1),
  (3070,10,'站内私信',NULL,'portal/pri/message/list.action?meetingId=',1,NULL,'WEB','私信',166,'SYSTEM',10,NULL,149,NULL,NULL,1),
  (3071,11,'签到码',NULL,'portal/pri/meeting/signCode.action?meetingId=',1,NULL,'WEB','签到码',166,'SYSTEM',11,NULL,150,NULL,NULL,1),
  (3072,17,'投票',NULL,'portal/pri/meeting/vote_findEnableVote.action?meetingId=',1,NULL,'WEB','投票管理',166,'SYSTEM',20,NULL,152,NULL,NULL,1),
  (3073,3,'会场建议',NULL,'portal/pri/meeting/paper_findEnablePaper.action?meetingId=',1,NULL,'WEB','会场建议',166,'SYSTEM',8,NULL,745,NULL,NULL,1),
  (3074,1,'本地土特产 ',NULL,'portal/pri/reception/specialty_show.action?meetingId=',1,NULL,'WEB','本地土特产',166,'SYSTEM',18,NULL,757,NULL,NULL,1),
  (3075,1,'本地土特产',NULL,'wap/pri/reception/specialty_show.action?meetingId=',1,NULL,'WAP','本地土特产',166,'SYSTEM',18,NULL,758,NULL,NULL,1),
  (3076,1,'新闻中心 ',NULL,'portal/pri/news/show.action?meetingId=',1,NULL,'WEB','新闻中心',166,'SYSTEM',5,NULL,813,NULL,NULL,1),
  (3077,1,'新闻中心',NULL,'wap/pri/news/show.action?meetingId=',1,NULL,'WAP','新闻中心',166,'SYSTEM',5,NULL,814,NULL,NULL,1),
  (3078,2,'抽奖信息',NULL,'portal/pri/meeting/lucky_findLuckyHistory.action?meetingId=',1,NULL,'WEB','抽奖信息',166,'SYSTEM',8,NULL,817,NULL,NULL,1),
  (3079,5,'抽奖信息',NULL,'wap/pri/lucky/lucky_findLuckyHistory.action?meetingId=',1,NULL,'WAP','抽奖信息',166,'SYSTEM',10,NULL,818,NULL,NULL,1),
  (3080,5,'会场建议',NULL,'wap/pri/paper/paper_findEnablePaper.action?meetingId=',1,NULL,'WAP','会场建议',166,'SYSTEM',10,NULL,822,NULL,NULL,1),
  (3081,2,'嘉宾信息',NULL,'portal/pri/meeting/guest_findAllGuest.action?meetingId=',1,NULL,'WEB','嘉宾信息',166,'SYSTEM',8,NULL,825,NULL,NULL,1),
  (3082,5,'嘉宾信息',NULL,'wap/pri/guest/guest_findAllGuest.action?meetingId=',1,NULL,'WAP','嘉宾信息',166,'SYSTEM',8,NULL,826,NULL,NULL,1),
  (3083,1,'酒店信息','','portal/pri/hotel/list.action?meetingId=',1,NULL,'WEB','酒店信息',166,'SYSTEM',21,NULL,828,NULL,NULL,1),
  (3084,1,'酒店信息','','wap/pri/hotel/list.action?meetingId=',1,NULL,'WAP','酒店信息',166,'SYSTEM',21,NULL,830,NULL,NULL,1),
  (3087,0,'首页',NULL,'wap/pri/meeting/getMeetingById.action?returnType=wap&meeting.id=',1,NULL,'WAP','首页',167,'SYSTEM',1,NULL,129,NULL,NULL,1),
  (3088,1,'投票',NULL,'wap/pri/vote/vote_findEnableVote.action?meetingId=',1,NULL,'WAP','投票管理',167,'SYSTEM',1,NULL,130,NULL,NULL,0),
  (3089,1,'会议议程',NULL,'wap/pri/agenda/view.action?meetingId=',1,NULL,'WAP','会议议程',167,'SYSTEM',2,NULL,131,NULL,NULL,1),
  (3090,2,'会议资料','','wap/pri/files/getMeetingFilesPager.action?meetingId=',1,NULL,'WAP','会议资料',167,'SYSTEM',3,NULL,132,NULL,NULL,1),
  (3091,3,'互动交流',NULL,'wap/pri/interaction/postView.action?meetingId=',1,NULL,'WAP','互动交流',167,'SYSTEM',4,NULL,133,NULL,NULL,1),
  (3092,5,'会场位置',NULL,'wap/pri/map/view.action?meeting.id=',1,NULL,'WAP','会场位置',167,'SYSTEM',5,NULL,134,NULL,NULL,1),
  (3093,6,'签到',NULL,'pages/wap/pri/sign/signIn.jsp?meetingId=',1,NULL,'WAP','签到',167,'SYSTEM',6,NULL,135,NULL,NULL,0),
  (3094,7,'餐饮安排',NULL,'wap/pri/meeting/showDinner.action?meetingId=',1,NULL,'WAP','餐饮安排',167,'SYSTEM',7,NULL,136,NULL,NULL,0),
  (3095,9,'通讯录',NULL,'wap/pri/meeting/getMeetingUsers.action?meeting.id=',1,NULL,'WAP','通讯录',167,'SYSTEM',9,NULL,137,NULL,NULL,1),
  (3096,10,'站内私信',NULL,'wap/pri/message/messagebox.action?meetingId=',1,NULL,'WAP','私信',167,'SYSTEM',10,NULL,138,NULL,NULL,1),
  (3097,11,'签到码',NULL,'wap/pri/meeting/signCode.action?meetingId=',1,NULL,'WAP','签到码',167,'SYSTEM',11,NULL,139,NULL,NULL,0),
  (3098,0,'首页',NULL,'portal/pri/meeting/getMeetingById.action?returnType=portal_viewmeeting&meeting.id=',1,NULL,'WEB','首页',167,'SYSTEM',0,NULL,141,NULL,NULL,1),
  (3099,1,'会议议程','','portal/pri/agenda/agendaList.action?meetingId=',1,NULL,'WEB','会议议程',167,'SYSTEM',1,NULL,142,NULL,NULL,1),
  (3100,3,'会议资料',NULL,'portal/pri/meeting/getMeetingFilesPager.action?from=portal&meetingId=',1,NULL,'WEB','会议资料',167,'SYSTEM',2,NULL,143,NULL,NULL,1),
  (3101,4,'互动交流',NULL,'portal/pri/interaction/postList.action?meetingId=',1,NULL,'WEB','互动交流',167,'SYSTEM',3,NULL,144,NULL,NULL,1),
  (3102,5,'餐饮安排 ',NULL,'portal/pri/meeting/getDinnerInfo.action?meetingId=',1,NULL,'WEB','餐饮安排 ',167,'SYSTEM',4,NULL,145,NULL,NULL,0),
  (3103,6,'签到',NULL,'pages/portal/pri/sign/signIn.jsp?meetingId=',1,NULL,'WEB','签到',167,'SYSTEM',6,NULL,146,NULL,NULL,0),
  (3104,5,'会场位置',NULL,'portal/pri/meeting/getMeetingById.action?returnType=portal_map&meeting.id=',1,NULL,'WEB','会场位置',167,'SYSTEM',7,NULL,147,NULL,NULL,1),
  (3105,9,'通讯录',NULL,'portal/pri/meeting/getMeetingUsers.action?meeting.id=',1,NULL,'WEB','通讯录',167,'SYSTEM',9,NULL,148,NULL,NULL,1),
  (3106,10,'站内私信',NULL,'portal/pri/message/list.action?meetingId=',1,NULL,'WEB','私信',167,'SYSTEM',10,NULL,149,NULL,NULL,1),
  (3107,11,'签到码',NULL,'portal/pri/meeting/signCode.action?meetingId=',1,NULL,'WEB','签到码',167,'SYSTEM',11,NULL,150,NULL,NULL,0),
  (3108,17,'投票',NULL,'portal/pri/meeting/vote_findEnableVote.action?meetingId=',1,NULL,'WEB','投票管理',167,'SYSTEM',20,NULL,152,NULL,NULL,0),
  (3109,3,'会场建议',NULL,'portal/pri/meeting/paper_findEnablePaper.action?meetingId=',1,NULL,'WEB','会场建议',167,'SYSTEM',8,NULL,745,NULL,NULL,0),
  (3110,1,'本地土特产 ',NULL,'portal/pri/reception/specialty_show.action?meetingId=',1,NULL,'WEB','本地土特产',167,'SYSTEM',18,NULL,757,NULL,NULL,0),
  (3111,1,'本地土特产',NULL,'wap/pri/reception/specialty_show.action?meetingId=',1,NULL,'WAP','本地土特产',167,'SYSTEM',18,NULL,758,NULL,NULL,0),
  (3112,1,'新闻中心 ',NULL,'portal/pri/news/show.action?meetingId=',1,NULL,'WEB','新闻中心',167,'SYSTEM',5,NULL,813,NULL,NULL,1),
  (3113,1,'新闻中心',NULL,'wap/pri/news/show.action?meetingId=',1,NULL,'WAP','新闻中心',167,'SYSTEM',5,NULL,814,NULL,NULL,1),
  (3114,2,'抽奖信息',NULL,'portal/pri/meeting/lucky_findLuckyHistory.action?meetingId=',1,NULL,'WEB','抽奖信息',167,'SYSTEM',8,NULL,817,NULL,NULL,0),
  (3115,5,'抽奖信息',NULL,'wap/pri/lucky/lucky_findLuckyHistory.action?meetingId=',1,NULL,'WAP','抽奖信息',167,'SYSTEM',10,NULL,818,NULL,NULL,0),
  (3116,5,'会场建议',NULL,'wap/pri/paper/paper_findEnablePaper.action?meetingId=',1,NULL,'WAP','会场建议',167,'SYSTEM',10,NULL,822,NULL,NULL,0),
  (3117,2,'嘉宾信息',NULL,'portal/pri/meeting/guest_findAllGuest.action?meetingId=',1,NULL,'WEB','嘉宾信息',167,'SYSTEM',8,NULL,825,NULL,NULL,0),
  (3118,5,'嘉宾信息',NULL,'wap/pri/guest/guest_findAllGuest.action?meetingId=',1,NULL,'WAP','嘉宾信息',167,'SYSTEM',8,NULL,826,NULL,NULL,0),
  (3119,1,'酒店信息','','portal/pri/hotel/list.action?meetingId=',1,NULL,'WEB','酒店信息',167,'SYSTEM',21,NULL,828,NULL,NULL,0),
  (3120,1,'酒店信息','','wap/pri/hotel/list.action?meetingId=',1,NULL,'WAP','酒店信息',167,'SYSTEM',21,NULL,830,NULL,NULL,0),
  (3121,0,'会议介绍','upload/menu_icon/introduction.png','portal/meeting/getMeetingInfoForClient.action',1,NULL,'CLIENT','会议介绍',166,'SYSTEM',1,NULL,847,NULL,NULL,1),
  (3122,1,'会议议程','upload/menu_icon/MeetingActivity.png','MeetingActivity',1,NULL,'CLIENT','会议议程',166,'SYSTEM',2,NULL,848,NULL,NULL,1),
  (3123,1,'会议资料','upload/menu_icon/PaperActivity.png','PaperActivity',1,NULL,'CLIENT','会议资料',166,'SYSTEM',3,NULL,849,NULL,NULL,1),
  (3124,1,'互动交流','upload/menu_icon/CommunicateActivity.png','CommunicateActivity',1,NULL,'CLIENT','互动交流',166,'SYSTEM',4,NULL,850,NULL,NULL,1),
  (3125,1,'会场位置','upload/menu_icon/MeetingPlaceActivity.png','MeetingPlaceActivity',1,NULL,'CLIENT','会场位置',166,'SYSTEM',5,NULL,851,NULL,NULL,1),
  (3126,1,'餐饮安排','upload/menu_icon/FoodActivity.png','FoodActivity',1,NULL,'CLIENT','餐饮安排',166,'SYSTEM',6,NULL,852,NULL,NULL,1),
  (3127,1,'通讯录','upload/menu_icon/BookActivity.png','BookActivity',1,NULL,'CLIENT','通讯录',166,'SYSTEM',7,NULL,853,NULL,NULL,1),
  (3128,1,'签到','upload/menu_icon/SignActivity.png','BarCodeCaptureActivity',1,NULL,'CLIENT','签到',166,'SYSTEM',8,NULL,854,NULL,NULL,0),
  (3129,1,'签到码','upload/menu_icon/DownloadSignActivity.png','DownloadSignActivity',1,NULL,'CLIENT','签到码',166,'SYSTEM',9,NULL,855,NULL,NULL,1),
  (3130,1,'私信','upload/menu_icon/MessageActivity.png','MessageActivity',1,NULL,'CLIENT','私信',166,'SYSTEM',10,NULL,856,NULL,NULL,1),
  (3131,0,'管理员','upload/menu_icon/administrator.png','client/pri/meeting/gotoAdminPage.action',1,NULL,'CLIENT','管理员',166,'SYSTEM',11,NULL,857,NULL,NULL,0),
  (3132,1,'个人中心','upload/menu_icon/MyCenterActivity.png','MyCenterActivity',1,NULL,'CLIENT','个人中心',166,'SYSTEM',12,NULL,858,NULL,NULL,1),
  (3134,0,'投票','upload/menu_icon/vote.png','client/pri/vote/vote_findEnableVote.action',1,NULL,'CLIENT','投票',166,'SYSTEM',14,NULL,860,NULL,NULL,1),
  (3135,0,'用车安排 ','upload/menu_icon/carPlan.png','client/pri/journey/getJourneyList.action',1,NULL,'CLIENT','用车安排 ',166,'SYSTEM',15,NULL,861,NULL,NULL,0),
  (3136,0,'会场建议',NULL,'client/pri/paper/paper_findEnablePaper.action',1,NULL,'CLIENT','会场建议',166,'SYSTEM',16,NULL,862,NULL,NULL,1),
  (3137,0,'会议介绍','upload/menu_icon/introduction.png','portal/meeting/getMeetingInfoForClient.action',1,NULL,'CLIENT','会议介绍',167,'SYSTEM',1,NULL,847,NULL,NULL,1),
  (3138,1,'会议议程','upload/menu_icon/MeetingActivity.png','MeetingActivity',1,NULL,'CLIENT','会议议程',167,'SYSTEM',2,NULL,848,NULL,NULL,1),
  (3139,1,'会议资料','upload/menu_icon/PaperActivity.png','PaperActivity',1,NULL,'CLIENT','会议资料',167,'SYSTEM',3,NULL,849,NULL,NULL,1),
  (3140,1,'互动交流','upload/menu_icon/CommunicateActivity.png','CommunicateActivity',1,NULL,'CLIENT','互动交流',167,'SYSTEM',4,NULL,850,NULL,NULL,1),
  (3141,1,'会场位置','upload/menu_icon/MeetingPlaceActivity.png','MeetingPlaceActivity',1,NULL,'CLIENT','会场位置',167,'SYSTEM',5,NULL,851,NULL,NULL,1),
  (3142,1,'餐饮安排','upload/menu_icon/FoodActivity.png','FoodActivity',1,NULL,'CLIENT','餐饮安排',167,'SYSTEM',6,NULL,852,NULL,NULL,1),
  (3143,1,'通讯录','upload/menu_icon/BookActivity.png','BookActivity',1,NULL,'CLIENT','通讯录',167,'SYSTEM',7,NULL,853,NULL,NULL,1),
  (3144,1,'签到','upload/menu_icon/SignActivity.png','BarCodeCaptureActivity',1,NULL,'CLIENT','签到',167,'SYSTEM',8,NULL,854,NULL,NULL,0),
  (3145,1,'签到码','upload/menu_icon/DownloadSignActivity.png','DownloadSignActivity',1,NULL,'CLIENT','签到码',167,'SYSTEM',9,NULL,855,NULL,NULL,1),
  (3146,1,'私信','upload/menu_icon/MessageActivity.png','MessageActivity',1,NULL,'CLIENT','私信',167,'SYSTEM',10,NULL,856,NULL,NULL,1),
  (3147,0,'管理员','upload/menu_icon/administrator.png','client/pri/meeting/gotoAdminPage.action',1,NULL,'CLIENT','管理员',167,'SYSTEM',11,NULL,857,NULL,NULL,0),
  (3148,1,'个人中心','upload/menu_icon/MyCenterActivity.png','MyCenterActivity',1,NULL,'CLIENT','个人中心',167,'SYSTEM',12,NULL,858,NULL,NULL,1),
  (3150,0,'投票','upload/menu_icon/vote.png','client/pri/vote/vote_findEnableVote.action',1,NULL,'CLIENT','投票',167,'SYSTEM',14,NULL,860,NULL,NULL,1),
  (3151,0,'用车安排 ','upload/menu_icon/carPlan.png','client/pri/journey/getJourneyList.action',1,NULL,'CLIENT','用车安排 ',167,'SYSTEM',15,NULL,861,NULL,NULL,0),
  (3152,0,'会场建议',NULL,'client/pri/paper/paper_findEnablePaper.action',1,NULL,'CLIENT','会场建议',167,'SYSTEM',16,NULL,862,NULL,NULL,1),
  (3153,0,'会议介绍','upload/menu_icon/introduction.png','portal/meeting/getMeetingInfoForClient.action',1,NULL,'CLIENT','会议介绍',163,'SYSTEM',1,NULL,847,NULL,NULL,1),
  (3154,1,'会议议程','upload/menu_icon/MeetingActivity.png','MeetingActivity',1,NULL,'CLIENT','会议议程',163,'SYSTEM',2,NULL,848,NULL,NULL,1),
  (3155,1,'会议资料','upload/menu_icon/PaperActivity.png','PaperActivity',1,NULL,'CLIENT','会议资料',163,'SYSTEM',3,NULL,849,NULL,NULL,1),
  (3156,1,'互动交流','upload/menu_icon/CommunicateActivity.png','CommunicateActivity',1,NULL,'CLIENT','互动交流',163,'SYSTEM',4,NULL,850,NULL,NULL,1),
  (3157,1,'会场位置','upload/menu_icon/MeetingPlaceActivity.png','MeetingPlaceActivity',1,NULL,'CLIENT','会场位置',163,'SYSTEM',5,NULL,851,NULL,NULL,1),
  (3158,1,'餐饮安排','upload/menu_icon/FoodActivity.png','FoodActivity',1,NULL,'CLIENT','餐饮安排',163,'SYSTEM',6,NULL,852,NULL,NULL,1),
  (3159,1,'通讯录','upload/menu_icon/BookActivity.png','BookActivity',1,NULL,'CLIENT','通讯录',163,'SYSTEM',7,NULL,853,NULL,NULL,1),
  (3160,1,'签到','upload/menu_icon/SignActivity.png','BarCodeCaptureActivity',1,NULL,'CLIENT','签到',163,'SYSTEM',8,NULL,854,NULL,NULL,0),
  (3161,1,'签到码','upload/menu_icon/DownloadSignActivity.png','DownloadSignActivity',1,NULL,'CLIENT','签到码',163,'SYSTEM',9,NULL,855,NULL,NULL,1),
  (3162,1,'私信','upload/menu_icon/MessageActivity.png','MessageActivity',1,NULL,'CLIENT','私信',163,'SYSTEM',10,NULL,856,NULL,NULL,1),
  (3163,0,'管理员','upload/menu_icon/administrator.png','client/pri/meeting/gotoAdminPage.action',1,NULL,'CLIENT','管理员',163,'SYSTEM',11,NULL,857,NULL,NULL,0),
  (3164,1,'个人中心','upload/menu_icon/MyCenterActivity.png','MyCenterActivity',1,NULL,'CLIENT','个人中心',163,'SYSTEM',12,NULL,858,NULL,NULL,1),
  (3166,0,'投票','upload/menu_icon/vote.png','client/pri/vote/vote_findEnableVote.action',1,NULL,'CLIENT','投票',163,'SYSTEM',14,NULL,860,NULL,NULL,1),
  (3167,0,'用车安排 ','upload/menu_icon/carPlan.png','client/pri/journey/getJourneyList.action',1,NULL,'CLIENT','用车安排 ',163,'SYSTEM',15,NULL,861,NULL,NULL,0),
  (3168,0,'会场建议',NULL,'client/pri/paper/paper_findEnablePaper.action',1,NULL,'CLIENT','会场建议',163,'SYSTEM',16,NULL,862,NULL,NULL,1),
  (3169,0,'会议介绍','upload/menu_icon/introduction.png','portal/meeting/getMeetingInfoForClient.action',1,NULL,'CLIENT','会议介绍',164,'SYSTEM',1,NULL,847,NULL,NULL,1),
  (3170,1,'会议议程','upload/menu_icon/MeetingActivity.png','MeetingActivity',1,NULL,'CLIENT','会议议程',164,'SYSTEM',2,NULL,848,NULL,NULL,1),
  (3171,1,'会议资料','upload/menu_icon/PaperActivity.png','PaperActivity',1,NULL,'CLIENT','会议资料',164,'SYSTEM',3,NULL,849,NULL,NULL,1),
  (3172,1,'互动交流','upload/menu_icon/CommunicateActivity.png','CommunicateActivity',1,NULL,'CLIENT','互动交流',164,'SYSTEM',4,NULL,850,NULL,NULL,1),
  (3173,1,'会场位置','upload/menu_icon/MeetingPlaceActivity.png','MeetingPlaceActivity',1,NULL,'CLIENT','会场位置',164,'SYSTEM',5,NULL,851,NULL,NULL,1),
  (3174,1,'餐饮安排','upload/menu_icon/FoodActivity.png','FoodActivity',1,NULL,'CLIENT','餐饮安排',164,'SYSTEM',6,NULL,852,NULL,NULL,1),
  (3175,1,'通讯录','upload/menu_icon/BookActivity.png','BookActivity',1,NULL,'CLIENT','通讯录',164,'SYSTEM',7,NULL,853,NULL,NULL,1),
  (3176,1,'签到','upload/menu_icon/SignActivity.png','BarCodeCaptureActivity',1,NULL,'CLIENT','签到',164,'SYSTEM',8,NULL,854,NULL,NULL,0),
  (3177,1,'签到码','upload/menu_icon/DownloadSignActivity.png','DownloadSignActivity',1,NULL,'CLIENT','签到码',164,'SYSTEM',9,NULL,855,NULL,NULL,1),
  (3178,1,'私信','upload/menu_icon/MessageActivity.png','MessageActivity',1,NULL,'CLIENT','私信',164,'SYSTEM',10,NULL,856,NULL,NULL,1),
  (3179,0,'管理员','upload/menu_icon/administrator.png','client/pri/meeting/gotoAdminPage.action',1,NULL,'CLIENT','管理员',164,'SYSTEM',11,NULL,857,NULL,NULL,0),
  (3180,1,'个人中心','upload/menu_icon/MyCenterActivity.png','MyCenterActivity',1,NULL,'CLIENT','个人中心',164,'SYSTEM',12,NULL,858,NULL,NULL,1),
  (3182,0,'投票','upload/menu_icon/vote.png','client/pri/vote/vote_findEnableVote.action',1,NULL,'CLIENT','投票',164,'SYSTEM',14,NULL,860,NULL,NULL,1),
  (3183,0,'用车安排 ','upload/menu_icon/carPlan.png','client/pri/journey/getJourneyList.action',1,NULL,'CLIENT','用车安排 ',164,'SYSTEM',15,NULL,861,NULL,NULL,0),
  (3184,0,'会场建议',NULL,'client/pri/paper/paper_findEnablePaper.action',1,NULL,'CLIENT','会场建议',164,'SYSTEM',16,NULL,862,NULL,NULL,1),
  (3185,0,'首页',NULL,'wap/pri/meeting/getMeetingById.action?returnType=wap&meeting.id=',1,NULL,'WAP','首页',168,'SYSTEM',1,NULL,129,NULL,NULL,1),
  (3186,1,'投票',NULL,'wap/pri/vote/vote_findEnableVote.action?meetingId=',1,NULL,'WAP','投票管理',168,'SYSTEM',1,NULL,130,NULL,NULL,0),
  (3187,1,'会议议程',NULL,'wap/pri/agenda/view.action?meetingId=',1,NULL,'WAP','会议议程',168,'SYSTEM',2,NULL,131,NULL,NULL,1),
  (3188,2,'会议资料','','wap/pri/files/getMeetingFilesPager.action?meetingId=',1,NULL,'WAP','会议资料',168,'SYSTEM',3,NULL,132,NULL,NULL,1),
  (3189,3,'互动交流',NULL,'wap/pri/interaction/postView.action?meetingId=',1,NULL,'WAP','互动交流',168,'SYSTEM',4,NULL,133,NULL,NULL,1),
  (3190,5,'会场位置',NULL,'wap/pri/map/view.action?meeting.id=',1,NULL,'WAP','会场位置',168,'SYSTEM',5,NULL,134,NULL,NULL,1),
  (3191,6,'签到',NULL,'pages/wap/pri/sign/signIn.jsp?meetingId=',1,NULL,'WAP','签到',168,'SYSTEM',6,NULL,135,NULL,NULL,0),
  (3192,7,'餐饮安排',NULL,'wap/pri/meeting/showDinner.action?meetingId=',1,NULL,'WAP','餐饮安排',168,'SYSTEM',7,NULL,136,NULL,NULL,0),
  (3193,9,'通讯录',NULL,'wap/pri/meeting/getMeetingUsers.action?meeting.id=',1,NULL,'WAP','通讯录',168,'SYSTEM',9,NULL,137,NULL,NULL,1),
  (3194,10,'站内私信',NULL,'wap/pri/message/messagebox.action?meetingId=',1,NULL,'WAP','私信',168,'SYSTEM',10,NULL,138,NULL,NULL,1),
  (3195,11,'签到码',NULL,'wap/pri/meeting/signCode.action?meetingId=',1,NULL,'WAP','签到码',168,'SYSTEM',11,NULL,139,NULL,NULL,0),
  (3196,0,'首页',NULL,'portal/pri/meeting/getMeetingById.action?returnType=portal_viewmeeting&meeting.id=',1,NULL,'WEB','首页',168,'SYSTEM',0,NULL,141,NULL,NULL,1),
  (3197,1,'会议议程','','portal/pri/agenda/agendaList.action?meetingId=',1,NULL,'WEB','会议议程',168,'SYSTEM',1,NULL,142,NULL,NULL,1),
  (3198,3,'会议资料',NULL,'portal/pri/meeting/getMeetingFilesPager.action?from=portal&meetingId=',1,NULL,'WEB','会议资料',168,'SYSTEM',2,NULL,143,NULL,NULL,1),
  (3199,4,'互动交流',NULL,'portal/pri/interaction/postList.action?meetingId=',1,NULL,'WEB','互动交流',168,'SYSTEM',3,NULL,144,NULL,NULL,1),
  (3200,5,'餐饮安排 ',NULL,'portal/pri/meeting/getDinnerInfo.action?meetingId=',1,NULL,'WEB','餐饮安排 ',168,'SYSTEM',4,NULL,145,NULL,NULL,0),
  (3201,6,'签到',NULL,'pages/portal/pri/sign/signIn.jsp?meetingId=',1,NULL,'WEB','签到',168,'SYSTEM',6,NULL,146,NULL,NULL,0),
  (3202,5,'会场位置',NULL,'portal/pri/meeting/getMeetingById.action?returnType=portal_map&meeting.id=',1,NULL,'WEB','会场位置',168,'SYSTEM',7,NULL,147,NULL,NULL,1),
  (3203,9,'通讯录',NULL,'portal/pri/meeting/getMeetingUsers.action?meeting.id=',1,NULL,'WEB','通讯录',168,'SYSTEM',9,NULL,148,NULL,NULL,1),
  (3204,10,'站内私信',NULL,'portal/pri/message/list.action?meetingId=',1,NULL,'WEB','私信',168,'SYSTEM',10,NULL,149,NULL,NULL,1),
  (3205,11,'签到码',NULL,'portal/pri/meeting/signCode.action?meetingId=',1,NULL,'WEB','签到码',168,'SYSTEM',11,NULL,150,NULL,NULL,0),
  (3206,17,'投票',NULL,'portal/pri/meeting/vote_findEnableVote.action?meetingId=',1,NULL,'WEB','投票管理',168,'SYSTEM',20,NULL,152,NULL,NULL,0),
  (3207,3,'会场建议',NULL,'portal/pri/meeting/paper_findEnablePaper.action?meetingId=',1,NULL,'WEB','会场建议',168,'SYSTEM',8,NULL,745,NULL,NULL,0),
  (3208,1,'本地土特产 ',NULL,'portal/pri/reception/specialty_show.action?meetingId=',1,NULL,'WEB','本地土特产',168,'SYSTEM',18,NULL,757,NULL,NULL,0),
  (3209,1,'本地土特产',NULL,'wap/pri/reception/specialty_show.action?meetingId=',1,NULL,'WAP','本地土特产',168,'SYSTEM',18,NULL,758,NULL,NULL,0),
  (3210,1,'新闻中心 ',NULL,'portal/pri/news/show.action?meetingId=',1,NULL,'WEB','新闻中心',168,'SYSTEM',5,NULL,813,NULL,NULL,1),
  (3211,1,'新闻中心',NULL,'wap/pri/news/show.action?meetingId=',1,NULL,'WAP','新闻中心',168,'SYSTEM',5,NULL,814,NULL,NULL,1),
  (3212,2,'抽奖信息',NULL,'portal/pri/meeting/lucky_findLuckyHistory.action?meetingId=',1,NULL,'WEB','抽奖信息',168,'SYSTEM',8,NULL,817,NULL,NULL,0),
  (3213,5,'抽奖信息',NULL,'wap/pri/lucky/lucky_findLuckyHistory.action?meetingId=',1,NULL,'WAP','抽奖信息',168,'SYSTEM',10,NULL,818,NULL,NULL,0),
  (3214,5,'会场建议',NULL,'wap/pri/paper/paper_findEnablePaper.action?meetingId=',1,NULL,'WAP','会场建议',168,'SYSTEM',10,NULL,822,NULL,NULL,0),
  (3215,2,'嘉宾信息',NULL,'portal/pri/meeting/guest_findAllGuest.action?meetingId=',1,NULL,'WEB','嘉宾信息',168,'SYSTEM',8,NULL,825,NULL,NULL,0),
  (3216,5,'嘉宾信息',NULL,'wap/pri/guest/guest_findAllGuest.action?meetingId=',1,NULL,'WAP','嘉宾信息',168,'SYSTEM',8,NULL,826,NULL,NULL,0),
  (3217,1,'酒店信息','','portal/pri/hotel/list.action?meetingId=',1,NULL,'WEB','酒店信息',168,'SYSTEM',21,NULL,828,NULL,NULL,0),
  (3218,1,'酒店信息','','wap/pri/hotel/list.action?meetingId=',1,NULL,'WAP','酒店信息',168,'SYSTEM',21,NULL,830,NULL,NULL,0),
  (3219,0,'会议介绍','upload/menu_icon/introduction.png','portal/meeting/getMeetingInfoForClient.action',1,NULL,'CLIENT','会议介绍',168,'SYSTEM',1,NULL,847,NULL,NULL,1),
  (3220,1,'会议议程','upload/menu_icon/MeetingActivity.png','MeetingActivity',1,NULL,'CLIENT','会议议程',168,'SYSTEM',2,NULL,848,NULL,NULL,1),
  (3221,1,'会议资料','upload/menu_icon/PaperActivity.png','PaperActivity',1,NULL,'CLIENT','会议资料',168,'SYSTEM',3,NULL,849,NULL,NULL,1),
  (3222,1,'互动交流','upload/menu_icon/CommunicateActivity.png','CommunicateActivity',1,NULL,'CLIENT','互动交流',168,'SYSTEM',4,NULL,850,NULL,NULL,1),
  (3223,1,'会场位置','upload/menu_icon/MeetingPlaceActivity.png','MeetingPlaceActivity',1,NULL,'CLIENT','会场位置',168,'SYSTEM',5,NULL,851,NULL,NULL,1),
  (3224,1,'餐饮安排','upload/menu_icon/FoodActivity.png','FoodActivity',1,NULL,'CLIENT','餐饮安排',168,'SYSTEM',6,NULL,852,NULL,NULL,1),
  (3225,1,'通讯录','upload/menu_icon/BookActivity.png','BookActivity',1,NULL,'CLIENT','通讯录',168,'SYSTEM',7,NULL,853,NULL,NULL,1),
  (3226,1,'签到','upload/menu_icon/SignActivity.png','BarCodeCaptureActivity',1,NULL,'CLIENT','签到',168,'SYSTEM',8,NULL,854,NULL,NULL,0),
  (3227,1,'签到码','upload/menu_icon/DownloadSignActivity.png','DownloadSignActivity',1,NULL,'CLIENT','签到码',168,'SYSTEM',9,NULL,855,NULL,NULL,1),
  (3228,1,'私信','upload/menu_icon/MessageActivity.png','MessageActivity',1,NULL,'CLIENT','私信',168,'SYSTEM',10,NULL,856,NULL,NULL,1),
  (3229,0,'管理员','upload/menu_icon/administrator.png','client/pri/meeting/gotoAdminPage.action',1,NULL,'CLIENT','管理员',168,'SYSTEM',11,NULL,857,NULL,NULL,0),
  (3230,1,'个人中心','upload/menu_icon/MyCenterActivity.png','MyCenterActivity',1,NULL,'CLIENT','个人中心',168,'SYSTEM',12,NULL,858,NULL,NULL,1),
  (3231,0,'投票','upload/menu_icon/vote.png','client/pri/vote/vote_findEnableVote.action',1,NULL,'CLIENT','投票',168,'SYSTEM',14,NULL,860,NULL,NULL,1),
  (3232,0,'用车安排 ','upload/menu_icon/carPlan.png','client/pri/journey/getJourneyList.action',1,NULL,'CLIENT','用车安排 ',168,'SYSTEM',15,NULL,861,NULL,NULL,0),
  (3233,0,'会场建议',NULL,'client/pri/paper/paper_findEnablePaper.action',1,NULL,'CLIENT','会场建议',168,'SYSTEM',16,NULL,862,NULL,NULL,1),
  (3234,0,'首页',NULL,'wap/pri/meeting/getMeetingById.action?returnType=wap&meeting.id=',1,NULL,'WAP','首页',169,'SYSTEM',1,NULL,129,NULL,NULL,1),
  (3235,1,'投票',NULL,'wap/pri/vote/vote_findEnableVote.action?meetingId=',1,NULL,'WAP','投票管理',169,'SYSTEM',1,NULL,130,NULL,NULL,0),
  (3236,1,'会议议程',NULL,'wap/pri/agenda/view.action?meetingId=',1,NULL,'WAP','会议议程',169,'SYSTEM',2,NULL,131,NULL,NULL,1),
  (3237,2,'会议资料','','wap/pri/files/getMeetingFilesPager.action?meetingId=',1,NULL,'WAP','会议资料',169,'SYSTEM',3,NULL,132,NULL,NULL,1),
  (3238,3,'互动交流',NULL,'wap/pri/interaction/postView.action?meetingId=',1,NULL,'WAP','互动交流',169,'SYSTEM',4,NULL,133,NULL,NULL,1),
  (3239,5,'会场位置',NULL,'wap/pri/map/view.action?meeting.id=',1,NULL,'WAP','会场位置',169,'SYSTEM',5,NULL,134,NULL,NULL,1),
  (3240,6,'签到',NULL,'pages/wap/pri/sign/signIn.jsp?meetingId=',1,NULL,'WAP','签到',169,'SYSTEM',6,NULL,135,NULL,NULL,0),
  (3241,7,'餐饮安排',NULL,'wap/pri/meeting/showDinner.action?meetingId=',1,NULL,'WAP','餐饮安排',169,'SYSTEM',7,NULL,136,NULL,NULL,0),
  (3242,9,'通讯录',NULL,'wap/pri/meeting/getMeetingUsers.action?meeting.id=',1,NULL,'WAP','通讯录',169,'SYSTEM',9,NULL,137,NULL,NULL,1);

COMMIT;

#
# Data for the `client_menu` table  (LIMIT 500,500)
#

INSERT INTO `client_menu` (`id`, `type`, `name`, `img_url`, `content_url`, `state`, `modify_time`, `terminal_type`, `description`, `meeting_id`, `menu_type`, `default_sort_code`, `content_id`, `base_menu_id`, `package_name`, `download_url`, `is_Initial`) VALUES 
  (3243,10,'站内私信',NULL,'wap/pri/message/messagebox.action?meetingId=',1,NULL,'WAP','私信',169,'SYSTEM',10,NULL,138,NULL,NULL,1),
  (3244,11,'签到码',NULL,'wap/pri/meeting/signCode.action?meetingId=',1,NULL,'WAP','签到码',169,'SYSTEM',11,NULL,139,NULL,NULL,0),
  (3245,0,'首页',NULL,'portal/pri/meeting/getMeetingById.action?returnType=portal_viewmeeting&meeting.id=',1,NULL,'WEB','首页',169,'SYSTEM',0,NULL,141,NULL,NULL,1),
  (3246,1,'会议议程','','portal/pri/agenda/agendaList.action?meetingId=',1,NULL,'WEB','会议议程',169,'SYSTEM',1,NULL,142,NULL,NULL,1),
  (3247,3,'会议资料',NULL,'portal/pri/meeting/getMeetingFilesPager.action?from=portal&meetingId=',1,NULL,'WEB','会议资料',169,'SYSTEM',2,NULL,143,NULL,NULL,1),
  (3248,4,'互动交流',NULL,'portal/pri/interaction/postList.action?meetingId=',1,NULL,'WEB','互动交流',169,'SYSTEM',3,NULL,144,NULL,NULL,1),
  (3249,5,'餐饮安排 ',NULL,'portal/pri/meeting/getDinnerInfo.action?meetingId=',1,NULL,'WEB','餐饮安排 ',169,'SYSTEM',4,NULL,145,NULL,NULL,0),
  (3250,6,'签到',NULL,'pages/portal/pri/sign/signIn.jsp?meetingId=',1,NULL,'WEB','签到',169,'SYSTEM',6,NULL,146,NULL,NULL,0),
  (3251,5,'会场位置',NULL,'portal/pri/meeting/getMeetingById.action?returnType=portal_map&meeting.id=',1,NULL,'WEB','会场位置',169,'SYSTEM',7,NULL,147,NULL,NULL,1),
  (3252,9,'通讯录',NULL,'portal/pri/meeting/getMeetingUsers.action?meeting.id=',1,NULL,'WEB','通讯录',169,'SYSTEM',9,NULL,148,NULL,NULL,1),
  (3253,10,'站内私信',NULL,'portal/pri/message/list.action?meetingId=',1,NULL,'WEB','私信',169,'SYSTEM',10,NULL,149,NULL,NULL,1),
  (3254,11,'签到码',NULL,'portal/pri/meeting/signCode.action?meetingId=',1,NULL,'WEB','签到码',169,'SYSTEM',11,NULL,150,NULL,NULL,0),
  (3255,17,'投票',NULL,'portal/pri/meeting/vote_findEnableVote.action?meetingId=',1,NULL,'WEB','投票管理',169,'SYSTEM',20,NULL,152,NULL,NULL,0),
  (3256,3,'会场建议',NULL,'portal/pri/meeting/paper_findEnablePaper.action?meetingId=',1,NULL,'WEB','会场建议',169,'SYSTEM',8,NULL,745,NULL,NULL,0),
  (3257,1,'本地土特产 ',NULL,'portal/pri/reception/specialty_show.action?meetingId=',1,NULL,'WEB','本地土特产',169,'SYSTEM',18,NULL,757,NULL,NULL,0),
  (3258,1,'本地土特产',NULL,'wap/pri/reception/specialty_show.action?meetingId=',1,NULL,'WAP','本地土特产',169,'SYSTEM',18,NULL,758,NULL,NULL,0),
  (3259,1,'新闻中心 ',NULL,'portal/pri/news/show.action?meetingId=',1,NULL,'WEB','新闻中心',169,'SYSTEM',5,NULL,813,NULL,NULL,1),
  (3260,1,'新闻中心',NULL,'wap/pri/news/show.action?meetingId=',1,NULL,'WAP','新闻中心',169,'SYSTEM',5,NULL,814,NULL,NULL,1),
  (3261,2,'抽奖信息',NULL,'portal/pri/meeting/lucky_findLuckyHistory.action?meetingId=',1,NULL,'WEB','抽奖信息',169,'SYSTEM',8,NULL,817,NULL,NULL,0),
  (3262,5,'抽奖信息',NULL,'wap/pri/lucky/lucky_findLuckyHistory.action?meetingId=',1,NULL,'WAP','抽奖信息',169,'SYSTEM',10,NULL,818,NULL,NULL,0),
  (3263,5,'会场建议',NULL,'wap/pri/paper/paper_findEnablePaper.action?meetingId=',1,NULL,'WAP','会场建议',169,'SYSTEM',10,NULL,822,NULL,NULL,0),
  (3264,2,'嘉宾信息',NULL,'portal/pri/meeting/guest_findAllGuest.action?meetingId=',1,NULL,'WEB','嘉宾信息',169,'SYSTEM',8,NULL,825,NULL,NULL,0),
  (3265,5,'嘉宾信息',NULL,'wap/pri/guest/guest_findAllGuest.action?meetingId=',1,NULL,'WAP','嘉宾信息',169,'SYSTEM',8,NULL,826,NULL,NULL,0),
  (3266,1,'酒店信息','','portal/pri/hotel/list.action?meetingId=',1,NULL,'WEB','酒店信息',169,'SYSTEM',21,NULL,828,NULL,NULL,0),
  (3267,1,'酒店信息','','wap/pri/hotel/list.action?meetingId=',1,NULL,'WAP','酒店信息',169,'SYSTEM',21,NULL,830,NULL,NULL,0),
  (3268,0,'会议介绍','upload/menu_icon/introduction.png','portal/meeting/getMeetingInfoForClient.action',1,NULL,'CLIENT','会议介绍',169,'SYSTEM',1,NULL,847,NULL,NULL,1),
  (3269,1,'会议议程','upload/menu_icon/MeetingActivity.png','MeetingActivity',1,NULL,'CLIENT','会议议程',169,'SYSTEM',2,NULL,848,NULL,NULL,1),
  (3270,1,'会议资料','upload/menu_icon/PaperActivity.png','PaperActivity',1,NULL,'CLIENT','会议资料',169,'SYSTEM',3,NULL,849,NULL,NULL,1),
  (3271,1,'互动交流','upload/menu_icon/CommunicateActivity.png','CommunicateActivity',1,NULL,'CLIENT','互动交流',169,'SYSTEM',4,NULL,850,NULL,NULL,1),
  (3272,1,'会场位置','upload/menu_icon/MeetingPlaceActivity.png','MeetingPlaceActivity',1,NULL,'CLIENT','会场位置',169,'SYSTEM',5,NULL,851,NULL,NULL,1),
  (3273,1,'餐饮安排','upload/menu_icon/FoodActivity.png','FoodActivity',1,NULL,'CLIENT','餐饮安排',169,'SYSTEM',6,NULL,852,NULL,NULL,1),
  (3274,1,'通讯录','upload/menu_icon/BookActivity.png','BookActivity',1,NULL,'CLIENT','通讯录',169,'SYSTEM',7,NULL,853,NULL,NULL,1),
  (3275,1,'签到','upload/menu_icon/SignActivity.png','BarCodeCaptureActivity',1,NULL,'CLIENT','签到',169,'SYSTEM',8,NULL,854,NULL,NULL,0),
  (3276,1,'签到码','upload/menu_icon/DownloadSignActivity.png','DownloadSignActivity',1,NULL,'CLIENT','签到码',169,'SYSTEM',9,NULL,855,NULL,NULL,1),
  (3277,1,'私信','upload/menu_icon/MessageActivity.png','MessageActivity',1,NULL,'CLIENT','私信',169,'SYSTEM',10,NULL,856,NULL,NULL,1),
  (3278,0,'管理员','upload/menu_icon/administrator.png','client/pri/meeting/gotoAdminPage.action',1,NULL,'CLIENT','管理员',169,'SYSTEM',11,NULL,857,NULL,NULL,0),
  (3279,1,'个人中心','upload/menu_icon/MyCenterActivity.png','MyCenterActivity',1,NULL,'CLIENT','个人中心',169,'SYSTEM',12,NULL,858,NULL,NULL,1),
  (3280,0,'投票','upload/menu_icon/vote.png','client/pri/vote/vote_findEnableVote.action',1,NULL,'CLIENT','投票',169,'SYSTEM',14,NULL,860,NULL,NULL,1),
  (3281,0,'用车安排 ','upload/menu_icon/carPlan.png','client/pri/journey/getJourneyList.action',1,NULL,'CLIENT','用车安排 ',169,'SYSTEM',15,NULL,861,NULL,NULL,0),
  (3282,0,'会场建议',NULL,'client/pri/paper/paper_findEnablePaper.action',1,NULL,'CLIENT','会场建议',169,'SYSTEM',16,NULL,862,NULL,NULL,1),
  (3283,0,'首页',NULL,'wap/pri/meeting/getMeetingById.action?returnType=wap&meeting.id=',1,NULL,'WAP','首页',170,'SYSTEM',1,NULL,129,NULL,NULL,1),
  (3284,1,'投票',NULL,'wap/pri/vote/vote_findEnableVote.action?meetingId=',1,NULL,'WAP','投票管理',170,'SYSTEM',1,NULL,130,NULL,NULL,0),
  (3285,1,'会议议程',NULL,'wap/pri/agenda/view.action?meetingId=',1,NULL,'WAP','会议议程',170,'SYSTEM',2,NULL,131,NULL,NULL,1),
  (3286,2,'会议资料','','wap/pri/files/getMeetingFilesPager.action?meetingId=',1,NULL,'WAP','会议资料',170,'SYSTEM',3,NULL,132,NULL,NULL,1),
  (3287,3,'互动交流',NULL,'wap/pri/interaction/postView.action?meetingId=',1,NULL,'WAP','互动交流',170,'SYSTEM',4,NULL,133,NULL,NULL,1),
  (3288,5,'会场位置',NULL,'wap/pri/map/view.action?meeting.id=',1,NULL,'WAP','会场位置',170,'SYSTEM',5,NULL,134,NULL,NULL,1),
  (3289,6,'签到',NULL,'pages/wap/pri/sign/signIn.jsp?meetingId=',1,NULL,'WAP','签到',170,'SYSTEM',6,NULL,135,NULL,NULL,0),
  (3290,7,'餐饮安排',NULL,'wap/pri/meeting/showDinner.action?meetingId=',1,NULL,'WAP','餐饮安排',170,'SYSTEM',7,NULL,136,NULL,NULL,0),
  (3291,9,'通讯录',NULL,'wap/pri/meeting/getMeetingUsers.action?meeting.id=',1,NULL,'WAP','通讯录',170,'SYSTEM',9,NULL,137,NULL,NULL,1),
  (3292,10,'站内私信',NULL,'wap/pri/message/messagebox.action?meetingId=',1,NULL,'WAP','私信',170,'SYSTEM',10,NULL,138,NULL,NULL,1),
  (3293,11,'签到码',NULL,'wap/pri/meeting/signCode.action?meetingId=',1,NULL,'WAP','签到码',170,'SYSTEM',11,NULL,139,NULL,NULL,0),
  (3294,0,'首页',NULL,'portal/pri/meeting/getMeetingById.action?returnType=portal_viewmeeting&meeting.id=',1,NULL,'WEB','首页',170,'SYSTEM',0,NULL,141,NULL,NULL,1),
  (3295,1,'会议议程','','portal/pri/agenda/agendaList.action?meetingId=',1,NULL,'WEB','会议议程',170,'SYSTEM',1,NULL,142,NULL,NULL,1),
  (3296,3,'会议资料',NULL,'portal/pri/meeting/getMeetingFilesPager.action?from=portal&meetingId=',1,NULL,'WEB','会议资料',170,'SYSTEM',2,NULL,143,NULL,NULL,1),
  (3297,4,'互动交流',NULL,'portal/pri/interaction/postList.action?meetingId=',1,NULL,'WEB','互动交流',170,'SYSTEM',3,NULL,144,NULL,NULL,1),
  (3298,5,'餐饮安排 ',NULL,'portal/pri/meeting/getDinnerInfo.action?meetingId=',1,NULL,'WEB','餐饮安排 ',170,'SYSTEM',4,NULL,145,NULL,NULL,0),
  (3299,6,'签到',NULL,'pages/portal/pri/sign/signIn.jsp?meetingId=',1,NULL,'WEB','签到',170,'SYSTEM',6,NULL,146,NULL,NULL,0),
  (3300,5,'会场位置',NULL,'portal/pri/meeting/getMeetingById.action?returnType=portal_map&meeting.id=',1,NULL,'WEB','会场位置',170,'SYSTEM',7,NULL,147,NULL,NULL,1),
  (3301,9,'通讯录',NULL,'portal/pri/meeting/getMeetingUsers.action?meeting.id=',1,NULL,'WEB','通讯录',170,'SYSTEM',9,NULL,148,NULL,NULL,1),
  (3302,10,'站内私信',NULL,'portal/pri/message/list.action?meetingId=',1,NULL,'WEB','私信',170,'SYSTEM',10,NULL,149,NULL,NULL,1),
  (3303,11,'签到码',NULL,'portal/pri/meeting/signCode.action?meetingId=',1,NULL,'WEB','签到码',170,'SYSTEM',11,NULL,150,NULL,NULL,0),
  (3304,17,'投票',NULL,'portal/pri/meeting/vote_findEnableVote.action?meetingId=',1,NULL,'WEB','投票管理',170,'SYSTEM',20,NULL,152,NULL,NULL,0),
  (3305,3,'会场建议',NULL,'portal/pri/meeting/paper_findEnablePaper.action?meetingId=',1,NULL,'WEB','会场建议',170,'SYSTEM',8,NULL,745,NULL,NULL,0),
  (3306,1,'本地土特产 ',NULL,'portal/pri/reception/specialty_show.action?meetingId=',1,NULL,'WEB','本地土特产',170,'SYSTEM',18,NULL,757,NULL,NULL,0),
  (3307,1,'本地土特产',NULL,'wap/pri/reception/specialty_show.action?meetingId=',1,NULL,'WAP','本地土特产',170,'SYSTEM',18,NULL,758,NULL,NULL,0),
  (3308,1,'新闻中心 ',NULL,'portal/pri/news/show.action?meetingId=',1,NULL,'WEB','新闻中心',170,'SYSTEM',5,NULL,813,NULL,NULL,1),
  (3309,1,'新闻中心',NULL,'wap/pri/news/show.action?meetingId=',1,NULL,'WAP','新闻中心',170,'SYSTEM',5,NULL,814,NULL,NULL,1),
  (3310,2,'抽奖信息',NULL,'portal/pri/meeting/lucky_findLuckyHistory.action?meetingId=',1,NULL,'WEB','抽奖信息',170,'SYSTEM',8,NULL,817,NULL,NULL,0),
  (3311,5,'抽奖信息',NULL,'wap/pri/lucky/lucky_findLuckyHistory.action?meetingId=',1,NULL,'WAP','抽奖信息',170,'SYSTEM',10,NULL,818,NULL,NULL,0),
  (3312,5,'会场建议',NULL,'wap/pri/paper/paper_findEnablePaper.action?meetingId=',1,NULL,'WAP','会场建议',170,'SYSTEM',10,NULL,822,NULL,NULL,0),
  (3313,2,'嘉宾信息',NULL,'portal/pri/meeting/guest_findAllGuest.action?meetingId=',1,NULL,'WEB','嘉宾信息',170,'SYSTEM',8,NULL,825,NULL,NULL,0),
  (3314,5,'嘉宾信息',NULL,'wap/pri/guest/guest_findAllGuest.action?meetingId=',1,NULL,'WAP','嘉宾信息',170,'SYSTEM',8,NULL,826,NULL,NULL,0),
  (3315,1,'酒店信息','','portal/pri/hotel/list.action?meetingId=',1,NULL,'WEB','酒店信息',170,'SYSTEM',21,NULL,828,NULL,NULL,0),
  (3316,1,'酒店信息','','wap/pri/hotel/list.action?meetingId=',1,NULL,'WAP','酒店信息',170,'SYSTEM',21,NULL,830,NULL,NULL,0),
  (3317,0,'会议介绍','upload/menu_icon/introduction.png','portal/meeting/getMeetingInfoForClient.action',1,NULL,'CLIENT','会议介绍',170,'SYSTEM',1,NULL,847,NULL,NULL,1),
  (3318,1,'会议议程','upload/menu_icon/MeetingActivity.png','MeetingActivity',1,NULL,'CLIENT','会议议程',170,'SYSTEM',2,NULL,848,NULL,NULL,1),
  (3319,1,'会议资料','upload/menu_icon/PaperActivity.png','PaperActivity',1,NULL,'CLIENT','会议资料',170,'SYSTEM',3,NULL,849,NULL,NULL,1),
  (3320,1,'互动交流','upload/menu_icon/CommunicateActivity.png','CommunicateActivity',1,NULL,'CLIENT','互动交流',170,'SYSTEM',4,NULL,850,NULL,NULL,1),
  (3321,1,'会场位置','upload/menu_icon/MeetingPlaceActivity.png','MeetingPlaceActivity',1,NULL,'CLIENT','会场位置',170,'SYSTEM',5,NULL,851,NULL,NULL,1),
  (3322,1,'餐饮安排','upload/menu_icon/FoodActivity.png','FoodActivity',1,NULL,'CLIENT','餐饮安排',170,'SYSTEM',6,NULL,852,NULL,NULL,1),
  (3323,1,'通讯录','upload/menu_icon/BookActivity.png','BookActivity',1,NULL,'CLIENT','通讯录',170,'SYSTEM',7,NULL,853,NULL,NULL,1),
  (3324,1,'签到','upload/menu_icon/SignActivity.png','BarCodeCaptureActivity',1,NULL,'CLIENT','签到',170,'SYSTEM',8,NULL,854,NULL,NULL,0),
  (3325,1,'签到码','upload/menu_icon/DownloadSignActivity.png','DownloadSignActivity',1,NULL,'CLIENT','签到码',170,'SYSTEM',9,NULL,855,NULL,NULL,1),
  (3326,1,'私信','upload/menu_icon/MessageActivity.png','MessageActivity',1,NULL,'CLIENT','私信',170,'SYSTEM',10,NULL,856,NULL,NULL,1),
  (3327,0,'管理员','upload/menu_icon/administrator.png','client/pri/meeting/gotoAdminPage.action',1,NULL,'CLIENT','管理员',170,'SYSTEM',11,NULL,857,NULL,NULL,0),
  (3328,1,'个人中心','upload/menu_icon/MyCenterActivity.png','MyCenterActivity',1,NULL,'CLIENT','个人中心',170,'SYSTEM',12,NULL,858,NULL,NULL,1),
  (3329,0,'投票','upload/menu_icon/vote.png','client/pri/vote/vote_findEnableVote.action',1,NULL,'CLIENT','投票',170,'SYSTEM',14,NULL,860,NULL,NULL,1),
  (3330,0,'用车安排 ','upload/menu_icon/carPlan.png','client/pri/journey/getJourneyList.action',1,NULL,'CLIENT','用车安排 ',170,'SYSTEM',15,NULL,861,NULL,NULL,0),
  (3331,0,'会场建议',NULL,'client/pri/paper/paper_findEnablePaper.action',1,NULL,'CLIENT','会场建议',170,'SYSTEM',16,NULL,862,NULL,NULL,1),
  (3332,0,'会议议程','upload/menu_icon/touch/meeting_agenda.png','touch/pri/agenda/agendaList.action?meetingId=',1,NULL,'TOUCH','会议议程',164,'SYSTEM',1,NULL,900,NULL,NULL,1),
  (3333,0,'会议资料','upload/menu_icon/touch/meeting_files.png','touch/pri/file/getMeetingFilesList.action?meetingId=',1,NULL,'TOUCH','会议资料',164,'SYSTEM',2,NULL,901,NULL,NULL,1),
  (3334,0,'互动交流','upload/menu_icon/touch/meeting_message.png','touch/pri/interaction/postView.action?meetingId=',1,NULL,'TOUCH','互动交流',164,'SYSTEM',3,NULL,902,NULL,NULL,1),
  (3335,0,'新闻中心','upload/menu_icon/touch/news.png','touch/pri/news/show.action?meetingId=',1,NULL,'TOUCH','新闻中心',164,'SYSTEM',4,NULL,903,NULL,NULL,0),
  (3336,0,'酒店信息','upload/menu_icon/touch/hotel.png','touch/pri/hotel/list.action?meetingId=',1,NULL,'TOUCH','酒店信息',164,'SYSTEM',5,NULL,904,NULL,NULL,0),
  (3337,0,'餐饮安排','upload/menu_icon/touch/meeting_dinner.png','touch/pri/meeting/showDinner.action?meetingId=',1,NULL,'TOUCH','餐饮安排',164,'SYSTEM',6,NULL,905,NULL,NULL,1),
  (3338,0,'会场位置','upload/menu_icon/touch/location.png','touch/pri/meeting/getMeetingById.action?returnType=portal_map&meeting.id=',1,NULL,'TOUCH','会场位置',164,'SYSTEM',7,NULL,906,NULL,NULL,1),
  (3339,0,'通讯录','upload/menu_icon/touch/contacts.png','touch/pri/member/getMeetingUsers.action?meeting.id=',1,NULL,'TOUCH','通讯录',164,'SYSTEM',8,NULL,907,NULL,NULL,1),
  (3340,0,'站内私信','upload/menu_icon/touch/message.png','touch/pri/msg/listMessageUsers.action?meetingId=',1,NULL,'TOUCH','站内私信',164,'SYSTEM',9,NULL,908,NULL,NULL,1),
  (3341,0,'签到码','upload/menu_icon/touch/sign_code.png','pages/touch/pri/sign/QRCode.jsp?meetingId=',1,NULL,'TOUCH','签到码',164,'SYSTEM',10,NULL,909,NULL,NULL,0),
  (3342,0,'车辆安排','upload/menu_icon/touch/auto.png','touch/pri/journey/getJourneyList.action?meetingId=',1,NULL,'TOUCH','车辆安排',164,'SYSTEM',11,NULL,910,NULL,NULL,0),
  (3343,0,'投票','upload/menu_icon/touch/vote.png','touch/pri/vote/vote_findEnableVote.action?meetingId=',1,NULL,'TOUCH','投票',164,'SYSTEM',12,NULL,911,NULL,NULL,0),
  (3344,0,'会场建议','upload/menu_icon/touch/paper.png','touch/pri/paper/paper_findEnablePaper.action?meetingId=',1,NULL,'TOUCH','会场建议',164,'SYSTEM',13,NULL,912,NULL,NULL,0),
  (3345,0,'会议议程','upload/menu_icon/touch/meeting_agenda.png','touch/pri/agenda/agendaList.action?meetingId=',1,NULL,'TOUCH','会议议程',163,'SYSTEM',1,NULL,900,NULL,NULL,1),
  (3346,0,'会议资料','upload/menu_icon/touch/meeting_files.png','touch/pri/file/getMeetingFilesList.action?meetingId=',1,NULL,'TOUCH','会议资料',163,'SYSTEM',2,NULL,901,NULL,NULL,1),
  (3347,0,'互动交流','upload/menu_icon/touch/meeting_message.png','touch/pri/interaction/postView.action?meetingId=',1,NULL,'TOUCH','互动交流',163,'SYSTEM',3,NULL,902,NULL,NULL,1),
  (3348,0,'新闻中心','upload/menu_icon/touch/news.png','touch/pri/news/show.action?meetingId=',1,NULL,'TOUCH','新闻中心',163,'SYSTEM',4,NULL,903,NULL,NULL,0),
  (3349,0,'酒店信息','upload/menu_icon/touch/hotel.png','touch/pri/hotel/list.action?meetingId=',1,NULL,'TOUCH','酒店信息',163,'SYSTEM',5,NULL,904,NULL,NULL,0),
  (3350,0,'餐饮安排','upload/menu_icon/touch/meeting_dinner.png','touch/pri/meeting/showDinner.action?meetingId=',1,NULL,'TOUCH','餐饮安排',163,'SYSTEM',6,NULL,905,NULL,NULL,1),
  (3351,0,'会场位置','upload/menu_icon/touch/location.png','touch/pri/meeting/getMeetingById.action?returnType=portal_map&meeting.id=',1,NULL,'TOUCH','会场位置',163,'SYSTEM',7,NULL,906,NULL,NULL,1),
  (3352,0,'通讯录','upload/menu_icon/touch/contacts.png','touch/pri/member/getMeetingUsers.action?meeting.id=',1,NULL,'TOUCH','通讯录',163,'SYSTEM',8,NULL,907,NULL,NULL,1),
  (3353,0,'站内私信','upload/menu_icon/touch/message.png','touch/pri/msg/listMessageUsers.action?meetingId=',1,NULL,'TOUCH','站内私信',163,'SYSTEM',9,NULL,908,NULL,NULL,1),
  (3354,0,'签到码','upload/menu_icon/touch/sign_code.png','pages/touch/pri/sign/QRCode.jsp?meetingId=',1,NULL,'TOUCH','签到码',163,'SYSTEM',10,NULL,909,NULL,NULL,0),
  (3355,0,'车辆安排','upload/menu_icon/touch/auto.png','touch/pri/journey/getJourneyList.action?meetingId=',1,NULL,'TOUCH','车辆安排',163,'SYSTEM',11,NULL,910,NULL,NULL,0),
  (3356,0,'投票','upload/menu_icon/touch/vote.png','touch/pri/vote/vote_findEnableVote.action?meetingId=',1,NULL,'TOUCH','投票',163,'SYSTEM',12,NULL,911,NULL,NULL,0),
  (3357,0,'会场建议','upload/menu_icon/touch/paper.png','touch/pri/paper/paper_findEnablePaper.action?meetingId=',1,NULL,'TOUCH','会场建议',163,'SYSTEM',13,NULL,912,NULL,NULL,0),
  (3358,0,'会议议程','upload/menu_icon/touch/meeting_agenda.png','touch/pri/agenda/agendaList.action?meetingId=',1,NULL,'TOUCH','会议议程',170,'SYSTEM',1,NULL,900,NULL,NULL,1),
  (3359,0,'会议资料','upload/menu_icon/touch/meeting_files.png','touch/pri/file/getMeetingFilesList.action?meetingId=',1,NULL,'TOUCH','会议资料',170,'SYSTEM',2,NULL,901,NULL,NULL,1),
  (3360,0,'互动交流','upload/menu_icon/touch/meeting_message.png','touch/pri/interaction/postView.action?meetingId=',1,NULL,'TOUCH','互动交流',170,'SYSTEM',3,NULL,902,NULL,NULL,1),
  (3361,0,'新闻中心','upload/menu_icon/touch/news.png','touch/pri/news/show.action?meetingId=',1,NULL,'TOUCH','新闻中心',170,'SYSTEM',4,NULL,903,NULL,NULL,0),
  (3362,0,'酒店信息','upload/menu_icon/touch/hotel.png','touch/pri/hotel/list.action?meetingId=',1,NULL,'TOUCH','酒店信息',170,'SYSTEM',5,NULL,904,NULL,NULL,0),
  (3363,0,'餐饮安排','upload/menu_icon/touch/meeting_dinner.png','touch/pri/meeting/showDinner.action?meetingId=',1,NULL,'TOUCH','餐饮安排',170,'SYSTEM',6,NULL,905,NULL,NULL,1),
  (3364,0,'会场位置','upload/menu_icon/touch/location.png','touch/pri/meeting/getMeetingById.action?returnType=portal_map&meeting.id=',1,NULL,'TOUCH','会场位置',170,'SYSTEM',7,NULL,906,NULL,NULL,1),
  (3365,0,'通讯录','upload/menu_icon/touch/contacts.png','touch/pri/member/getMeetingUsers.action?meeting.id=',1,NULL,'TOUCH','通讯录',170,'SYSTEM',8,NULL,907,NULL,NULL,1),
  (3366,0,'站内私信','upload/menu_icon/touch/message.png','touch/pri/msg/listMessageUsers.action?meetingId=',1,NULL,'TOUCH','站内私信',170,'SYSTEM',9,NULL,908,NULL,NULL,1),
  (3367,0,'签到码','upload/menu_icon/touch/sign_code.png','pages/touch/pri/sign/QRCode.jsp?meetingId=',1,NULL,'TOUCH','签到码',170,'SYSTEM',10,NULL,909,NULL,NULL,0),
  (3368,0,'车辆安排','upload/menu_icon/touch/auto.png','touch/pri/journey/getJourneyList.action?meetingId=',1,NULL,'TOUCH','车辆安排',170,'SYSTEM',11,NULL,910,NULL,NULL,0),
  (3369,0,'投票','upload/menu_icon/touch/vote.png','touch/pri/vote/vote_findEnableVote.action?meetingId=',1,NULL,'TOUCH','投票',170,'SYSTEM',12,NULL,911,NULL,NULL,0),
  (3370,0,'会场建议','upload/menu_icon/touch/paper.png','touch/pri/paper/paper_findEnablePaper.action?meetingId=',1,NULL,'TOUCH','会场建议',170,'SYSTEM',13,NULL,912,NULL,NULL,0),
  (3371,0,'我的会议','upload/menu_icon/touch/person_center.png','touch/pri/meeting/getAttendMeetingList.action?meetingId=',1,NULL,'TOUCH','我的会议',170,'SYSTEM',14,NULL,913,NULL,NULL,1),
  (3372,0,'本地土特产','upload/menu_icon/touch/meeting_specialty.png','touch/pri/reception/specialty_show.action?meetingId=',1,NULL,'TOUCH','本地土特产',170,'SYSTEM',15,NULL,914,NULL,NULL,0),
  (3373,0,'我的会议','upload/menu_icon/touch/person_center.png','touch/pri/meeting/getAttendMeetingList.action?meetingId=',1,NULL,'TOUCH','我的会议',164,'SYSTEM',14,NULL,913,NULL,NULL,1),
  (3374,0,'本地土特产','upload/menu_icon/touch/meeting_specialty.png','touch/pri/reception/specialty_show.action?meetingId=',1,NULL,'TOUCH','本地土特产',164,'SYSTEM',15,NULL,914,NULL,NULL,0),
  (3375,0,'会议议程','upload/menu_icon/touch/meeting_agenda.png','touch/pri/agenda/agendaList.action?meetingId=',1,NULL,'TOUCH','会议议程',166,'SYSTEM',1,NULL,900,NULL,NULL,1),
  (3376,0,'会议资料','upload/menu_icon/touch/meeting_files.png','touch/pri/file/getMeetingFilesList.action?meetingId=',1,NULL,'TOUCH','会议资料',166,'SYSTEM',2,NULL,901,NULL,NULL,1),
  (3377,0,'互动交流','upload/menu_icon/touch/meeting_message.png','touch/pri/interaction/postView.action?meetingId=',1,NULL,'TOUCH','互动交流',166,'SYSTEM',3,NULL,902,NULL,NULL,1),
  (3378,0,'新闻中心','upload/menu_icon/touch/news.png','touch/pri/news/show.action?meetingId=',1,NULL,'TOUCH','新闻中心',166,'SYSTEM',4,NULL,903,NULL,NULL,0),
  (3379,0,'酒店信息','upload/menu_icon/touch/hotel.png','touch/pri/hotel/list.action?meetingId=',1,NULL,'TOUCH','酒店信息',166,'SYSTEM',5,NULL,904,NULL,NULL,0),
  (3380,0,'餐饮安排','upload/menu_icon/touch/meeting_dinner.png','touch/pri/meeting/showDinner.action?meetingId=',1,NULL,'TOUCH','餐饮安排',166,'SYSTEM',6,NULL,905,NULL,NULL,1),
  (3381,0,'会场位置','upload/menu_icon/touch/location.png','touch/pri/meeting/getMeetingById.action?returnType=portal_map&meeting.id=',1,NULL,'TOUCH','会场位置',166,'SYSTEM',7,NULL,906,NULL,NULL,1),
  (3382,0,'通讯录','upload/menu_icon/touch/contacts.png','touch/pri/member/getMeetingUsers.action?meeting.id=',1,NULL,'TOUCH','通讯录',166,'SYSTEM',8,NULL,907,NULL,NULL,1),
  (3383,0,'站内私信','upload/menu_icon/touch/message.png','touch/pri/msg/listMessageUsers.action?meetingId=',1,NULL,'TOUCH','站内私信',166,'SYSTEM',9,NULL,908,NULL,NULL,1),
  (3384,0,'签到码','upload/menu_icon/touch/sign_code.png','pages/touch/pri/sign/QRCode.jsp?meetingId=',1,NULL,'TOUCH','签到码',166,'SYSTEM',10,NULL,909,NULL,NULL,0),
  (3385,0,'车辆安排','upload/menu_icon/touch/auto.png','touch/pri/journey/getJourneyList.action?meetingId=',1,NULL,'TOUCH','车辆安排',166,'SYSTEM',11,NULL,910,NULL,NULL,0),
  (3386,0,'投票','upload/menu_icon/touch/vote.png','touch/pri/vote/vote_findEnableVote.action?meetingId=',1,NULL,'TOUCH','投票',166,'SYSTEM',12,NULL,911,NULL,NULL,0),
  (3387,0,'会场建议','upload/menu_icon/touch/paper.png','touch/pri/paper/paper_findEnablePaper.action?meetingId=',1,NULL,'TOUCH','会场建议',166,'SYSTEM',13,NULL,912,NULL,NULL,0),
  (3388,0,'我的会议','upload/menu_icon/touch/person_center.png','touch/pri/meeting/getAttendMeetingList.action?meetingId=',1,NULL,'TOUCH','我的会议',166,'SYSTEM',14,NULL,913,NULL,NULL,1),
  (3389,0,'本地土特产','upload/menu_icon/touch/meeting_specialty.png','touch/pri/reception/specialty_show.action?meetingId=',1,NULL,'TOUCH','本地土特产',166,'SYSTEM',15,NULL,914,NULL,NULL,0),
  (3390,0,'首页',NULL,'wap/pri/meeting/getMeetingById.action?returnType=wap&meeting.id=',1,NULL,'WAP','首页',171,'SYSTEM',1,NULL,129,NULL,NULL,1),
  (3391,1,'投票',NULL,'wap/pri/vote/vote_findEnableVote.action?meetingId=',1,NULL,'WAP','投票管理',171,'SYSTEM',1,NULL,130,NULL,NULL,0),
  (3392,1,'会议议程',NULL,'wap/pri/agenda/view.action?meetingId=',1,NULL,'WAP','会议议程',171,'SYSTEM',2,NULL,131,NULL,NULL,1),
  (3393,2,'会议资料','','wap/pri/files/getMeetingFilesPager.action?meetingId=',1,NULL,'WAP','会议资料',171,'SYSTEM',3,NULL,132,NULL,NULL,1),
  (3394,3,'互动交流',NULL,'wap/pri/interaction/postView.action?meetingId=',1,NULL,'WAP','互动交流',171,'SYSTEM',4,NULL,133,NULL,NULL,1),
  (3395,5,'会场位置',NULL,'wap/pri/map/view.action?meeting.id=',1,NULL,'WAP','会场位置',171,'SYSTEM',5,NULL,134,NULL,NULL,1),
  (3396,6,'签到',NULL,'pages/wap/pri/sign/signIn.jsp?meetingId=',1,NULL,'WAP','签到',171,'SYSTEM',6,NULL,135,NULL,NULL,0),
  (3397,7,'餐饮安排',NULL,'wap/pri/meeting/showDinner.action?meetingId=',1,NULL,'WAP','餐饮安排',171,'SYSTEM',7,NULL,136,NULL,NULL,0),
  (3398,9,'通讯录',NULL,'wap/pri/meeting/getMeetingUsers.action?meeting.id=',1,NULL,'WAP','通讯录',171,'SYSTEM',9,NULL,137,NULL,NULL,1),
  (3399,10,'站内私信',NULL,'wap/pri/message/messagebox.action?meetingId=',1,NULL,'WAP','私信',171,'SYSTEM',10,NULL,138,NULL,NULL,1),
  (3400,11,'签到码',NULL,'wap/pri/meeting/signCode.action?meetingId=',1,NULL,'WAP','签到码',171,'SYSTEM',11,NULL,139,NULL,NULL,0),
  (3401,0,'首页',NULL,'portal/pri/meeting/getMeetingById.action?returnType=portal_viewmeeting&meeting.id=',1,NULL,'WEB','首页',171,'SYSTEM',0,NULL,141,NULL,NULL,1),
  (3402,1,'会议议程','','portal/pri/agenda/agendaList.action?meetingId=',1,NULL,'WEB','会议议程',171,'SYSTEM',1,NULL,142,NULL,NULL,1),
  (3403,3,'会议资料',NULL,'portal/pri/meeting/getMeetingFilesPager.action?from=portal&meetingId=',1,NULL,'WEB','会议资料',171,'SYSTEM',2,NULL,143,NULL,NULL,1),
  (3404,4,'互动交流',NULL,'portal/pri/interaction/postList.action?meetingId=',1,NULL,'WEB','互动交流',171,'SYSTEM',3,NULL,144,NULL,NULL,1),
  (3405,5,'餐饮安排 ',NULL,'portal/pri/meeting/getDinnerInfo.action?meetingId=',1,NULL,'WEB','餐饮安排 ',171,'SYSTEM',4,NULL,145,NULL,NULL,0),
  (3406,6,'签到',NULL,'pages/portal/pri/sign/signIn.jsp?meetingId=',1,NULL,'WEB','签到',171,'SYSTEM',6,NULL,146,NULL,NULL,0),
  (3407,5,'会场位置',NULL,'portal/pri/meeting/getMeetingById.action?returnType=portal_map&meeting.id=',1,NULL,'WEB','会场位置',171,'SYSTEM',7,NULL,147,NULL,NULL,1),
  (3408,9,'通讯录',NULL,'portal/pri/meeting/getMeetingUsers.action?meeting.id=',1,NULL,'WEB','通讯录',171,'SYSTEM',9,NULL,148,NULL,NULL,1),
  (3409,10,'站内私信',NULL,'portal/pri/message/list.action?meetingId=',1,NULL,'WEB','私信',171,'SYSTEM',10,NULL,149,NULL,NULL,1),
  (3410,11,'签到码',NULL,'portal/pri/meeting/signCode.action?meetingId=',1,NULL,'WEB','签到码',171,'SYSTEM',11,NULL,150,NULL,NULL,0),
  (3411,17,'投票',NULL,'portal/pri/meeting/vote_findEnableVote.action?meetingId=',1,NULL,'WEB','投票管理',171,'SYSTEM',20,NULL,152,NULL,NULL,0),
  (3412,3,'会场建议',NULL,'portal/pri/meeting/paper_findEnablePaper.action?meetingId=',1,NULL,'WEB','会场建议',171,'SYSTEM',8,NULL,745,NULL,NULL,0),
  (3413,1,'本地土特产 ',NULL,'portal/pri/reception/specialty_show.action?meetingId=',1,NULL,'WEB','本地土特产',171,'SYSTEM',18,NULL,757,NULL,NULL,0),
  (3414,1,'本地土特产',NULL,'wap/pri/reception/specialty_show.action?meetingId=',1,NULL,'WAP','本地土特产',171,'SYSTEM',18,NULL,758,NULL,NULL,0),
  (3415,1,'新闻中心 ',NULL,'portal/pri/news/show.action?meetingId=',1,NULL,'WEB','新闻中心',171,'SYSTEM',5,NULL,813,NULL,NULL,1),
  (3416,1,'新闻中心',NULL,'wap/pri/news/show.action?meetingId=',1,NULL,'WAP','新闻中心',171,'SYSTEM',5,NULL,814,NULL,NULL,1),
  (3417,2,'抽奖信息',NULL,'portal/pri/meeting/lucky_findLuckyHistory.action?meetingId=',1,NULL,'WEB','抽奖信息',171,'SYSTEM',8,NULL,817,NULL,NULL,0),
  (3418,5,'抽奖信息',NULL,'wap/pri/lucky/lucky_findLuckyHistory.action?meetingId=',1,NULL,'WAP','抽奖信息',171,'SYSTEM',10,NULL,818,NULL,NULL,0),
  (3419,5,'会场建议',NULL,'wap/pri/paper/paper_findEnablePaper.action?meetingId=',1,NULL,'WAP','会场建议',171,'SYSTEM',10,NULL,822,NULL,NULL,0),
  (3420,2,'嘉宾信息',NULL,'portal/pri/meeting/guest_findAllGuest.action?meetingId=',1,NULL,'WEB','嘉宾信息',171,'SYSTEM',8,NULL,825,NULL,NULL,0),
  (3421,5,'嘉宾信息',NULL,'wap/pri/guest/guest_findAllGuest.action?meetingId=',1,NULL,'WAP','嘉宾信息',171,'SYSTEM',8,NULL,826,NULL,NULL,0),
  (3422,1,'酒店信息','','portal/pri/hotel/list.action?meetingId=',1,NULL,'WEB','酒店信息',171,'SYSTEM',21,NULL,828,NULL,NULL,0),
  (3423,1,'酒店信息','','wap/pri/hotel/list.action?meetingId=',1,NULL,'WAP','酒店信息',171,'SYSTEM',21,NULL,830,NULL,NULL,0),
  (3424,0,'会议介绍','upload/menu_icon/introduction.png','portal/meeting/getMeetingInfoForClient.action',1,NULL,'CLIENT','会议介绍',171,'SYSTEM',1,NULL,847,NULL,NULL,1),
  (3425,1,'会议议程','upload/menu_icon/MeetingActivity.png','MeetingActivity',1,NULL,'CLIENT','会议议程',171,'SYSTEM',2,NULL,848,NULL,NULL,1),
  (3426,1,'会议资料','upload/menu_icon/PaperActivity.png','PaperActivity',1,NULL,'CLIENT','会议资料',171,'SYSTEM',3,NULL,849,NULL,NULL,1),
  (3427,1,'互动交流','upload/menu_icon/CommunicateActivity.png','CommunicateActivity',1,NULL,'CLIENT','互动交流',171,'SYSTEM',4,NULL,850,NULL,NULL,1),
  (3428,1,'会场位置','upload/menu_icon/MeetingPlaceActivity.png','MeetingPlaceActivity',1,NULL,'CLIENT','会场位置',171,'SYSTEM',5,NULL,851,NULL,NULL,1),
  (3429,1,'餐饮安排','upload/menu_icon/FoodActivity.png','FoodActivity',1,NULL,'CLIENT','餐饮安排',171,'SYSTEM',6,NULL,852,NULL,NULL,1),
  (3430,1,'通讯录','upload/menu_icon/BookActivity.png','BookActivity',1,NULL,'CLIENT','通讯录',171,'SYSTEM',7,NULL,853,NULL,NULL,1),
  (3431,1,'签到','upload/menu_icon/SignActivity.png','BarCodeCaptureActivity',1,NULL,'CLIENT','签到',171,'SYSTEM',8,NULL,854,NULL,NULL,0),
  (3432,1,'签到码','upload/menu_icon/DownloadSignActivity.png','DownloadSignActivity',1,NULL,'CLIENT','签到码',171,'SYSTEM',9,NULL,855,NULL,NULL,1),
  (3433,1,'私信','upload/menu_icon/MessageActivity.png','MessageActivity',1,NULL,'CLIENT','私信',171,'SYSTEM',10,NULL,856,NULL,NULL,1),
  (3434,0,'管理员','upload/menu_icon/administrator.png','client/pri/meeting/gotoAdminPage.action',1,NULL,'CLIENT','管理员',171,'SYSTEM',11,NULL,857,NULL,NULL,0),
  (3435,1,'个人中心','upload/menu_icon/MyCenterActivity.png','MyCenterActivity',1,NULL,'CLIENT','个人中心',171,'SYSTEM',12,NULL,858,NULL,NULL,1),
  (3436,0,'投票','upload/menu_icon/vote.png','client/pri/vote/vote_findEnableVote.action',1,NULL,'CLIENT','投票',171,'SYSTEM',14,NULL,860,NULL,NULL,1),
  (3437,0,'用车安排 ','upload/menu_icon/carPlan.png','client/pri/journey/getJourneyList.action',1,NULL,'CLIENT','用车安排 ',171,'SYSTEM',15,NULL,861,NULL,NULL,0),
  (3438,0,'会场建议',NULL,'client/pri/paper/paper_findEnablePaper.action',1,NULL,'CLIENT','会场建议',171,'SYSTEM',16,NULL,862,NULL,NULL,1),
  (3439,0,'会议议程','upload/menu_icon/touch/meeting_agenda.png','touch/pri/agenda/agendaList.action?meetingId=',1,NULL,'TOUCH','会议议程',171,'SYSTEM',1,NULL,900,NULL,NULL,1),
  (3440,0,'会议资料','upload/menu_icon/touch/meeting_files.png','touch/pri/file/getMeetingFilesList.action?meetingId=',1,NULL,'TOUCH','会议资料',171,'SYSTEM',2,NULL,901,NULL,NULL,1),
  (3441,0,'互动交流','upload/menu_icon/touch/meeting_message.png','touch/pri/interaction/postView.action?meetingId=',1,NULL,'TOUCH','互动交流',171,'SYSTEM',3,NULL,902,NULL,NULL,1),
  (3442,0,'新闻中心','upload/menu_icon/touch/news.png','touch/pri/news/show.action?meetingId=',1,NULL,'TOUCH','新闻中心',171,'SYSTEM',4,NULL,903,NULL,NULL,0),
  (3443,0,'酒店信息','upload/menu_icon/touch/hotel.png','touch/pri/hotel/list.action?meetingId=',1,NULL,'TOUCH','酒店信息',171,'SYSTEM',5,NULL,904,NULL,NULL,0),
  (3444,0,'餐饮安排','upload/menu_icon/touch/meeting_dinner.png','touch/pri/meeting/showDinner.action?meetingId=',1,NULL,'TOUCH','餐饮安排',171,'SYSTEM',6,NULL,905,NULL,NULL,1),
  (3445,0,'会场位置','upload/menu_icon/touch/location.png','touch/pri/meeting/getMeetingById.action?returnType=portal_map&meeting.id=',1,NULL,'TOUCH','会场位置',171,'SYSTEM',7,NULL,906,NULL,NULL,1),
  (3446,0,'通讯录','upload/menu_icon/touch/contacts.png','touch/pri/member/getMeetingUsers.action?meeting.id=',1,NULL,'TOUCH','通讯录',171,'SYSTEM',8,NULL,907,NULL,NULL,1),
  (3447,0,'站内私信','upload/menu_icon/touch/message.png','touch/pri/msg/listMessageUsers.action?meetingId=',1,NULL,'TOUCH','站内私信',171,'SYSTEM',9,NULL,908,NULL,NULL,1),
  (3448,0,'签到码','upload/menu_icon/touch/sign_code.png','pages/touch/pri/sign/QRCode.jsp?meetingId=',1,NULL,'TOUCH','签到码',171,'SYSTEM',10,NULL,909,NULL,NULL,0),
  (3449,0,'车辆安排','upload/menu_icon/touch/auto.png','touch/pri/journey/getJourneyList.action?meetingId=',1,NULL,'TOUCH','车辆安排',171,'SYSTEM',11,NULL,910,NULL,NULL,0),
  (3450,0,'投票','upload/menu_icon/touch/vote.png','touch/pri/vote/vote_findEnableVote.action?meetingId=',1,NULL,'TOUCH','投票',171,'SYSTEM',12,NULL,911,NULL,NULL,0),
  (3451,0,'会场建议','upload/menu_icon/touch/paper.png','touch/pri/paper/paper_findEnablePaper.action?meetingId=',1,NULL,'TOUCH','会场建议',171,'SYSTEM',13,NULL,912,NULL,NULL,0),
  (3452,0,'我的会议','upload/menu_icon/touch/person_center.png','touch/pri/meeting/getAttendMeetingList.action?meetingId=',1,NULL,'TOUCH','我的会议',171,'SYSTEM',14,NULL,913,NULL,NULL,1),
  (3453,0,'本地土特产','upload/menu_icon/touch/meeting_specialty.png','touch/pri/reception/specialty_show.action?meetingId=',1,NULL,'TOUCH','本地土特产',171,'SYSTEM',15,NULL,914,NULL,NULL,0),
  (3454,0,'首页',NULL,'wap/pri/meeting/getMeetingById.action?returnType=wap&meeting.id=',1,NULL,'WAP','首页',172,'SYSTEM',1,NULL,129,NULL,NULL,1),
  (3455,1,'投票',NULL,'wap/pri/vote/vote_findEnableVote.action?meetingId=',1,NULL,'WAP','投票管理',172,'SYSTEM',1,NULL,130,NULL,NULL,0),
  (3456,1,'会议议程',NULL,'wap/pri/agenda/view.action?meetingId=',1,NULL,'WAP','会议议程',172,'SYSTEM',2,NULL,131,NULL,NULL,1),
  (3457,2,'会议资料','','wap/pri/files/getMeetingFilesPager.action?meetingId=',1,NULL,'WAP','会议资料',172,'SYSTEM',3,NULL,132,NULL,NULL,1),
  (3458,3,'互动交流',NULL,'wap/pri/interaction/postView.action?meetingId=',1,NULL,'WAP','互动交流',172,'SYSTEM',4,NULL,133,NULL,NULL,1),
  (3459,5,'会场位置',NULL,'wap/pri/map/view.action?meeting.id=',1,NULL,'WAP','会场位置',172,'SYSTEM',5,NULL,134,NULL,NULL,1),
  (3460,6,'签到',NULL,'pages/wap/pri/sign/signIn.jsp?meetingId=',1,NULL,'WAP','签到',172,'SYSTEM',6,NULL,135,NULL,NULL,0),
  (3461,7,'餐饮安排',NULL,'wap/pri/meeting/showDinner.action?meetingId=',1,NULL,'WAP','餐饮安排',172,'SYSTEM',7,NULL,136,NULL,NULL,0),
  (3462,9,'通讯录',NULL,'wap/pri/meeting/getMeetingUsers.action?meeting.id=',1,NULL,'WAP','通讯录',172,'SYSTEM',9,NULL,137,NULL,NULL,1),
  (3463,10,'站内私信',NULL,'wap/pri/message/messagebox.action?meetingId=',1,NULL,'WAP','私信',172,'SYSTEM',10,NULL,138,NULL,NULL,1),
  (3464,11,'签到码',NULL,'wap/pri/meeting/signCode.action?meetingId=',1,NULL,'WAP','签到码',172,'SYSTEM',11,NULL,139,NULL,NULL,0),
  (3465,0,'首页',NULL,'portal/pri/meeting/getMeetingById.action?returnType=portal_viewmeeting&meeting.id=',1,NULL,'WEB','首页',172,'SYSTEM',0,NULL,141,NULL,NULL,1),
  (3466,1,'会议议程','','portal/pri/agenda/agendaList.action?meetingId=',1,NULL,'WEB','会议议程',172,'SYSTEM',1,NULL,142,NULL,NULL,1),
  (3467,3,'会议资料',NULL,'portal/pri/meeting/getMeetingFilesPager.action?from=portal&meetingId=',1,NULL,'WEB','会议资料',172,'SYSTEM',2,NULL,143,NULL,NULL,1),
  (3468,4,'互动交流',NULL,'portal/pri/interaction/postList.action?meetingId=',1,NULL,'WEB','互动交流',172,'SYSTEM',3,NULL,144,NULL,NULL,1),
  (3469,5,'餐饮安排 ',NULL,'portal/pri/meeting/getDinnerInfo.action?meetingId=',1,NULL,'WEB','餐饮安排 ',172,'SYSTEM',4,NULL,145,NULL,NULL,0),
  (3470,6,'签到',NULL,'pages/portal/pri/sign/signIn.jsp?meetingId=',1,NULL,'WEB','签到',172,'SYSTEM',6,NULL,146,NULL,NULL,0),
  (3471,5,'会场位置',NULL,'portal/pri/meeting/getMeetingById.action?returnType=portal_map&meeting.id=',1,NULL,'WEB','会场位置',172,'SYSTEM',7,NULL,147,NULL,NULL,1),
  (3472,9,'通讯录',NULL,'portal/pri/meeting/getMeetingUsers.action?meeting.id=',1,NULL,'WEB','通讯录',172,'SYSTEM',9,NULL,148,NULL,NULL,1),
  (3473,10,'站内私信',NULL,'portal/pri/message/list.action?meetingId=',1,NULL,'WEB','私信',172,'SYSTEM',10,NULL,149,NULL,NULL,1),
  (3474,11,'签到码',NULL,'portal/pri/meeting/signCode.action?meetingId=',1,NULL,'WEB','签到码',172,'SYSTEM',11,NULL,150,NULL,NULL,0),
  (3475,17,'投票',NULL,'portal/pri/meeting/vote_findEnableVote.action?meetingId=',1,NULL,'WEB','投票管理',172,'SYSTEM',20,NULL,152,NULL,NULL,0),
  (3476,3,'会场建议',NULL,'portal/pri/meeting/paper_findEnablePaper.action?meetingId=',1,NULL,'WEB','会场建议',172,'SYSTEM',8,NULL,745,NULL,NULL,0),
  (3477,1,'本地土特产 ',NULL,'portal/pri/reception/specialty_show.action?meetingId=',1,NULL,'WEB','本地土特产',172,'SYSTEM',18,NULL,757,NULL,NULL,0),
  (3478,1,'本地土特产',NULL,'wap/pri/reception/specialty_show.action?meetingId=',1,NULL,'WAP','本地土特产',172,'SYSTEM',18,NULL,758,NULL,NULL,0),
  (3479,1,'新闻中心 ',NULL,'portal/pri/news/show.action?meetingId=',1,NULL,'WEB','新闻中心',172,'SYSTEM',5,NULL,813,NULL,NULL,1),
  (3480,1,'新闻中心',NULL,'wap/pri/news/show.action?meetingId=',1,NULL,'WAP','新闻中心',172,'SYSTEM',5,NULL,814,NULL,NULL,1),
  (3481,2,'抽奖信息',NULL,'portal/pri/meeting/lucky_findLuckyHistory.action?meetingId=',1,NULL,'WEB','抽奖信息',172,'SYSTEM',8,NULL,817,NULL,NULL,0),
  (3482,5,'抽奖信息',NULL,'wap/pri/lucky/lucky_findLuckyHistory.action?meetingId=',1,NULL,'WAP','抽奖信息',172,'SYSTEM',10,NULL,818,NULL,NULL,0),
  (3483,5,'会场建议',NULL,'wap/pri/paper/paper_findEnablePaper.action?meetingId=',1,NULL,'WAP','会场建议',172,'SYSTEM',10,NULL,822,NULL,NULL,0),
  (3484,2,'嘉宾信息',NULL,'portal/pri/meeting/guest_findAllGuest.action?meetingId=',1,NULL,'WEB','嘉宾信息',172,'SYSTEM',8,NULL,825,NULL,NULL,0),
  (3485,5,'嘉宾信息',NULL,'wap/pri/guest/guest_findAllGuest.action?meetingId=',1,NULL,'WAP','嘉宾信息',172,'SYSTEM',8,NULL,826,NULL,NULL,0),
  (3486,1,'酒店信息','','portal/pri/hotel/list.action?meetingId=',1,NULL,'WEB','酒店信息',172,'SYSTEM',21,NULL,828,NULL,NULL,0),
  (3487,1,'酒店信息','','wap/pri/hotel/list.action?meetingId=',1,NULL,'WAP','酒店信息',172,'SYSTEM',21,NULL,830,NULL,NULL,0),
  (3488,0,'会议介绍','upload/menu_icon/introduction.png','portal/meeting/getMeetingInfoForClient.action',1,NULL,'CLIENT','会议介绍',172,'SYSTEM',1,NULL,847,NULL,NULL,1),
  (3489,1,'会议议程','upload/menu_icon/MeetingActivity.png','MeetingActivity',1,NULL,'CLIENT','会议议程',172,'SYSTEM',2,NULL,848,NULL,NULL,1),
  (3490,1,'会议资料','upload/menu_icon/PaperActivity.png','PaperActivity',1,NULL,'CLIENT','会议资料',172,'SYSTEM',3,NULL,849,NULL,NULL,1),
  (3491,1,'互动交流','upload/menu_icon/CommunicateActivity.png','CommunicateActivity',1,NULL,'CLIENT','互动交流',172,'SYSTEM',4,NULL,850,NULL,NULL,1),
  (3492,1,'会场位置','upload/menu_icon/MeetingPlaceActivity.png','MeetingPlaceActivity',1,NULL,'CLIENT','会场位置',172,'SYSTEM',5,NULL,851,NULL,NULL,1),
  (3493,1,'餐饮安排','upload/menu_icon/FoodActivity.png','FoodActivity',1,NULL,'CLIENT','餐饮安排',172,'SYSTEM',6,NULL,852,NULL,NULL,1),
  (3494,1,'通讯录','upload/menu_icon/BookActivity.png','BookActivity',1,NULL,'CLIENT','通讯录',172,'SYSTEM',7,NULL,853,NULL,NULL,1),
  (3495,1,'签到','upload/menu_icon/SignActivity.png','BarCodeCaptureActivity',1,NULL,'CLIENT','签到',172,'SYSTEM',8,NULL,854,NULL,NULL,0),
  (3496,1,'签到码','upload/menu_icon/DownloadSignActivity.png','DownloadSignActivity',1,NULL,'CLIENT','签到码',172,'SYSTEM',9,NULL,855,NULL,NULL,1),
  (3497,1,'私信','upload/menu_icon/MessageActivity.png','MessageActivity',1,NULL,'CLIENT','私信',172,'SYSTEM',10,NULL,856,NULL,NULL,1),
  (3498,0,'管理员','upload/menu_icon/administrator.png','client/pri/meeting/gotoAdminPage.action',1,NULL,'CLIENT','管理员',172,'SYSTEM',11,NULL,857,NULL,NULL,0),
  (3499,1,'个人中心','upload/menu_icon/MyCenterActivity.png','MyCenterActivity',1,NULL,'CLIENT','个人中心',172,'SYSTEM',12,NULL,858,NULL,NULL,1),
  (3500,0,'投票','upload/menu_icon/vote.png','client/pri/vote/vote_findEnableVote.action',1,NULL,'CLIENT','投票',172,'SYSTEM',14,NULL,860,NULL,NULL,1),
  (3501,0,'用车安排 ','upload/menu_icon/carPlan.png','client/pri/journey/getJourneyList.action',1,NULL,'CLIENT','用车安排 ',172,'SYSTEM',15,NULL,861,NULL,NULL,0),
  (3502,0,'会场建议',NULL,'client/pri/paper/paper_findEnablePaper.action',1,NULL,'CLIENT','会场建议',172,'SYSTEM',16,NULL,862,NULL,NULL,1),
  (3503,0,'会议议程','upload/menu_icon/touch/meeting_agenda.png','touch/pri/agenda/agendaList.action?meetingId=',1,NULL,'TOUCH','会议议程',172,'SYSTEM',1,NULL,900,NULL,NULL,1),
  (3504,0,'会议资料','upload/menu_icon/touch/meeting_files.png','touch/pri/file/getMeetingFilesList.action?meetingId=',1,NULL,'TOUCH','会议资料',172,'SYSTEM',2,NULL,901,NULL,NULL,1),
  (3505,0,'互动交流','upload/menu_icon/touch/meeting_message.png','touch/pri/interaction/postView.action?meetingId=',1,NULL,'TOUCH','互动交流',172,'SYSTEM',3,NULL,902,NULL,NULL,1),
  (3506,0,'新闻中心','upload/menu_icon/touch/news.png','touch/pri/news/show.action?meetingId=',1,NULL,'TOUCH','新闻中心',172,'SYSTEM',4,NULL,903,NULL,NULL,0),
  (3507,0,'酒店信息','upload/menu_icon/touch/hotel.png','touch/pri/hotel/list.action?meetingId=',1,NULL,'TOUCH','酒店信息',172,'SYSTEM',5,NULL,904,NULL,NULL,0),
  (3508,0,'餐饮安排','upload/menu_icon/touch/meeting_dinner.png','touch/pri/meeting/showDinner.action?meetingId=',1,NULL,'TOUCH','餐饮安排',172,'SYSTEM',6,NULL,905,NULL,NULL,1),
  (3509,0,'会场位置','upload/menu_icon/touch/location.png','touch/pri/meeting/getMeetingById.action?returnType=portal_map&meeting.id=',1,NULL,'TOUCH','会场位置',172,'SYSTEM',7,NULL,906,NULL,NULL,1),
  (3510,0,'通讯录','upload/menu_icon/touch/contacts.png','touch/pri/member/getMeetingUsers.action?meeting.id=',1,NULL,'TOUCH','通讯录',172,'SYSTEM',8,NULL,907,NULL,NULL,1),
  (3511,0,'站内私信','upload/menu_icon/touch/message.png','touch/pri/msg/listMessageUsers.action?meetingId=',1,NULL,'TOUCH','站内私信',172,'SYSTEM',9,NULL,908,NULL,NULL,1),
  (3512,0,'签到码','upload/menu_icon/touch/sign_code.png','pages/touch/pri/sign/QRCode.jsp?meetingId=',1,NULL,'TOUCH','签到码',172,'SYSTEM',10,NULL,909,NULL,NULL,0),
  (3513,0,'车辆安排','upload/menu_icon/touch/auto.png','touch/pri/journey/getJourneyList.action?meetingId=',1,NULL,'TOUCH','车辆安排',172,'SYSTEM',11,NULL,910,NULL,NULL,0),
  (3514,0,'投票','upload/menu_icon/touch/vote.png','touch/pri/vote/vote_findEnableVote.action?meetingId=',1,NULL,'TOUCH','投票',172,'SYSTEM',12,NULL,911,NULL,NULL,0),
  (3515,0,'会场建议','upload/menu_icon/touch/paper.png','touch/pri/paper/paper_findEnablePaper.action?meetingId=',1,NULL,'TOUCH','会场建议',172,'SYSTEM',13,NULL,912,NULL,NULL,0),
  (3516,0,'我的会议','upload/menu_icon/touch/person_center.png','touch/pri/meeting/getAttendMeetingList.action?meetingId=',1,NULL,'TOUCH','我的会议',172,'SYSTEM',14,NULL,913,NULL,NULL,1),
  (3517,0,'本地土特产','upload/menu_icon/touch/meeting_specialty.png','touch/pri/reception/specialty_show.action?meetingId=',1,NULL,'TOUCH','本地土特产',172,'SYSTEM',15,NULL,914,NULL,NULL,0),
  (3518,0,'首页',NULL,'wap/pri/meeting/getMeetingById.action?returnType=wap&meeting.id=',1,NULL,'WAP','首页',173,'SYSTEM',1,NULL,129,NULL,NULL,1),
  (3519,1,'投票',NULL,'wap/pri/vote/vote_findEnableVote.action?meetingId=',1,NULL,'WAP','投票管理',173,'SYSTEM',1,NULL,130,NULL,NULL,0),
  (3520,1,'会议议程',NULL,'wap/pri/agenda/view.action?meetingId=',1,NULL,'WAP','会议议程',173,'SYSTEM',2,NULL,131,NULL,NULL,1),
  (3521,2,'会议资料','','wap/pri/files/getMeetingFilesPager.action?meetingId=',1,NULL,'WAP','会议资料',173,'SYSTEM',3,NULL,132,NULL,NULL,1),
  (3522,3,'互动交流',NULL,'wap/pri/interaction/postView.action?meetingId=',1,NULL,'WAP','互动交流',173,'SYSTEM',4,NULL,133,NULL,NULL,1),
  (3523,5,'会场位置',NULL,'wap/pri/map/view.action?meeting.id=',1,NULL,'WAP','会场位置',173,'SYSTEM',5,NULL,134,NULL,NULL,1),
  (3524,6,'签到',NULL,'pages/wap/pri/sign/signIn.jsp?meetingId=',1,NULL,'WAP','签到',173,'SYSTEM',6,NULL,135,NULL,NULL,0),
  (3525,7,'餐饮安排',NULL,'wap/pri/meeting/showDinner.action?meetingId=',1,NULL,'WAP','餐饮安排',173,'SYSTEM',7,NULL,136,NULL,NULL,0),
  (3526,9,'通讯录',NULL,'wap/pri/meeting/getMeetingUsers.action?meeting.id=',1,NULL,'WAP','通讯录',173,'SYSTEM',9,NULL,137,NULL,NULL,1),
  (3527,10,'站内私信',NULL,'wap/pri/message/messagebox.action?meetingId=',1,NULL,'WAP','私信',173,'SYSTEM',10,NULL,138,NULL,NULL,1),
  (3528,11,'签到码',NULL,'wap/pri/meeting/signCode.action?meetingId=',1,NULL,'WAP','签到码',173,'SYSTEM',11,NULL,139,NULL,NULL,0),
  (3529,0,'首页',NULL,'portal/pri/meeting/getMeetingById.action?returnType=portal_viewmeeting&meeting.id=',1,NULL,'WEB','首页',173,'SYSTEM',0,NULL,141,NULL,NULL,1),
  (3530,1,'会议议程','','portal/pri/agenda/agendaList.action?meetingId=',1,NULL,'WEB','会议议程',173,'SYSTEM',1,NULL,142,NULL,NULL,1),
  (3531,3,'会议资料',NULL,'portal/pri/meeting/getMeetingFilesPager.action?from=portal&meetingId=',1,NULL,'WEB','会议资料',173,'SYSTEM',2,NULL,143,NULL,NULL,1),
  (3532,4,'互动交流',NULL,'portal/pri/interaction/postList.action?meetingId=',1,NULL,'WEB','互动交流',173,'SYSTEM',3,NULL,144,NULL,NULL,1),
  (3533,5,'餐饮安排 ',NULL,'portal/pri/meeting/getDinnerInfo.action?meetingId=',1,NULL,'WEB','餐饮安排 ',173,'SYSTEM',4,NULL,145,NULL,NULL,0),
  (3534,6,'签到',NULL,'pages/portal/pri/sign/signIn.jsp?meetingId=',1,NULL,'WEB','签到',173,'SYSTEM',6,NULL,146,NULL,NULL,0),
  (3535,5,'会场位置',NULL,'portal/pri/meeting/getMeetingById.action?returnType=portal_map&meeting.id=',1,NULL,'WEB','会场位置',173,'SYSTEM',7,NULL,147,NULL,NULL,1),
  (3536,9,'通讯录',NULL,'portal/pri/meeting/getMeetingUsers.action?meeting.id=',1,NULL,'WEB','通讯录',173,'SYSTEM',9,NULL,148,NULL,NULL,1),
  (3537,10,'站内私信',NULL,'portal/pri/message/list.action?meetingId=',1,NULL,'WEB','私信',173,'SYSTEM',10,NULL,149,NULL,NULL,1),
  (3538,11,'签到码',NULL,'portal/pri/meeting/signCode.action?meetingId=',1,NULL,'WEB','签到码',173,'SYSTEM',11,NULL,150,NULL,NULL,0),
  (3539,17,'投票',NULL,'portal/pri/meeting/vote_findEnableVote.action?meetingId=',1,NULL,'WEB','投票管理',173,'SYSTEM',20,NULL,152,NULL,NULL,0),
  (3540,3,'会场建议',NULL,'portal/pri/meeting/paper_findEnablePaper.action?meetingId=',1,NULL,'WEB','会场建议',173,'SYSTEM',8,NULL,745,NULL,NULL,0),
  (3541,1,'本地土特产 ',NULL,'portal/pri/reception/specialty_show.action?meetingId=',1,NULL,'WEB','本地土特产',173,'SYSTEM',18,NULL,757,NULL,NULL,0),
  (3542,1,'本地土特产',NULL,'wap/pri/reception/specialty_show.action?meetingId=',1,NULL,'WAP','本地土特产',173,'SYSTEM',18,NULL,758,NULL,NULL,0),
  (3543,1,'新闻中心 ',NULL,'portal/pri/news/show.action?meetingId=',1,NULL,'WEB','新闻中心',173,'SYSTEM',5,NULL,813,NULL,NULL,1),
  (3544,1,'新闻中心',NULL,'wap/pri/news/show.action?meetingId=',1,NULL,'WAP','新闻中心',173,'SYSTEM',5,NULL,814,NULL,NULL,1),
  (3545,2,'抽奖信息',NULL,'portal/pri/meeting/lucky_findLuckyHistory.action?meetingId=',1,NULL,'WEB','抽奖信息',173,'SYSTEM',8,NULL,817,NULL,NULL,0),
  (3546,5,'抽奖信息',NULL,'wap/pri/lucky/lucky_findLuckyHistory.action?meetingId=',1,NULL,'WAP','抽奖信息',173,'SYSTEM',10,NULL,818,NULL,NULL,0),
  (3547,5,'会场建议',NULL,'wap/pri/paper/paper_findEnablePaper.action?meetingId=',1,NULL,'WAP','会场建议',173,'SYSTEM',10,NULL,822,NULL,NULL,0),
  (3548,2,'嘉宾信息',NULL,'portal/pri/meeting/guest_findAllGuest.action?meetingId=',1,NULL,'WEB','嘉宾信息',173,'SYSTEM',8,NULL,825,NULL,NULL,0),
  (3549,5,'嘉宾信息',NULL,'wap/pri/guest/guest_findAllGuest.action?meetingId=',1,NULL,'WAP','嘉宾信息',173,'SYSTEM',8,NULL,826,NULL,NULL,0),
  (3550,1,'酒店信息','','portal/pri/hotel/list.action?meetingId=',1,NULL,'WEB','酒店信息',173,'SYSTEM',21,NULL,828,NULL,NULL,0),
  (3551,1,'酒店信息','','wap/pri/hotel/list.action?meetingId=',1,NULL,'WAP','酒店信息',173,'SYSTEM',21,NULL,830,NULL,NULL,0),
  (3552,0,'会议介绍','upload/menu_icon/introduction.png','portal/meeting/getMeetingInfoForClient.action',1,NULL,'CLIENT','会议介绍',173,'SYSTEM',1,NULL,847,NULL,NULL,1),
  (3553,1,'会议议程','upload/menu_icon/MeetingActivity.png','MeetingActivity',1,NULL,'CLIENT','会议议程',173,'SYSTEM',2,NULL,848,NULL,NULL,1),
  (3554,1,'会议资料','upload/menu_icon/PaperActivity.png','PaperActivity',1,NULL,'CLIENT','会议资料',173,'SYSTEM',3,NULL,849,NULL,NULL,1),
  (3555,1,'互动交流','upload/menu_icon/CommunicateActivity.png','CommunicateActivity',1,NULL,'CLIENT','互动交流',173,'SYSTEM',4,NULL,850,NULL,NULL,1),
  (3556,1,'会场位置','upload/menu_icon/MeetingPlaceActivity.png','MeetingPlaceActivity',1,NULL,'CLIENT','会场位置',173,'SYSTEM',5,NULL,851,NULL,NULL,1),
  (3557,1,'餐饮安排','upload/menu_icon/FoodActivity.png','FoodActivity',1,NULL,'CLIENT','餐饮安排',173,'SYSTEM',6,NULL,852,NULL,NULL,1),
  (3558,1,'通讯录','upload/menu_icon/BookActivity.png','BookActivity',1,NULL,'CLIENT','通讯录',173,'SYSTEM',7,NULL,853,NULL,NULL,1),
  (3559,1,'签到','upload/menu_icon/SignActivity.png','BarCodeCaptureActivity',1,NULL,'CLIENT','签到',173,'SYSTEM',8,NULL,854,NULL,NULL,0),
  (3560,1,'签到码','upload/menu_icon/DownloadSignActivity.png','DownloadSignActivity',1,NULL,'CLIENT','签到码',173,'SYSTEM',9,NULL,855,NULL,NULL,1),
  (3561,1,'私信','upload/menu_icon/MessageActivity.png','MessageActivity',1,NULL,'CLIENT','私信',173,'SYSTEM',10,NULL,856,NULL,NULL,1),
  (3562,0,'管理员','upload/menu_icon/administrator.png','client/pri/meeting/gotoAdminPage.action',1,NULL,'CLIENT','管理员',173,'SYSTEM',11,NULL,857,NULL,NULL,0),
  (3563,1,'个人中心','upload/menu_icon/MyCenterActivity.png','MyCenterActivity',1,NULL,'CLIENT','个人中心',173,'SYSTEM',12,NULL,858,NULL,NULL,1),
  (3564,0,'投票','upload/menu_icon/vote.png','client/pri/vote/vote_findEnableVote.action',1,NULL,'CLIENT','投票',173,'SYSTEM',14,NULL,860,NULL,NULL,1),
  (3565,0,'用车安排 ','upload/menu_icon/carPlan.png','client/pri/journey/getJourneyList.action',1,NULL,'CLIENT','用车安排 ',173,'SYSTEM',15,NULL,861,NULL,NULL,0),
  (3566,0,'会场建议',NULL,'client/pri/paper/paper_findEnablePaper.action',1,NULL,'CLIENT','会场建议',173,'SYSTEM',16,NULL,862,NULL,NULL,1),
  (3567,0,'会议议程','upload/menu_icon/touch/meeting_agenda.png','touch/pri/agenda/agendaList.action?meetingId=',1,NULL,'TOUCH','会议议程',173,'SYSTEM',1,NULL,900,NULL,NULL,1),
  (3568,0,'会议资料','upload/menu_icon/touch/meeting_files.png','touch/pri/file/getMeetingFilesList.action?meetingId=',1,NULL,'TOUCH','会议资料',173,'SYSTEM',2,NULL,901,NULL,NULL,1),
  (3569,0,'互动交流','upload/menu_icon/touch/meeting_message.png','touch/pri/interaction/postView.action?meetingId=',1,NULL,'TOUCH','互动交流',173,'SYSTEM',3,NULL,902,NULL,NULL,1),
  (3570,0,'新闻中心','upload/menu_icon/touch/news.png','touch/pri/news/show.action?meetingId=',1,NULL,'TOUCH','新闻中心',173,'SYSTEM',4,NULL,903,NULL,NULL,0),
  (3571,0,'酒店信息','upload/menu_icon/touch/hotel.png','touch/pri/hotel/list.action?meetingId=',1,NULL,'TOUCH','酒店信息',173,'SYSTEM',5,NULL,904,NULL,NULL,0),
  (3572,0,'餐饮安排','upload/menu_icon/touch/meeting_dinner.png','touch/pri/meeting/showDinner.action?meetingId=',1,NULL,'TOUCH','餐饮安排',173,'SYSTEM',6,NULL,905,NULL,NULL,1),
  (3573,0,'会场位置','upload/menu_icon/touch/location.png','touch/pri/meeting/getMeetingById.action?returnType=portal_map&meeting.id=',1,NULL,'TOUCH','会场位置',173,'SYSTEM',7,NULL,906,NULL,NULL,1),
  (3574,0,'通讯录','upload/menu_icon/touch/contacts.png','touch/pri/member/getMeetingUsers.action?meeting.id=',1,NULL,'TOUCH','通讯录',173,'SYSTEM',8,NULL,907,NULL,NULL,1),
  (3575,0,'站内私信','upload/menu_icon/touch/message.png','touch/pri/msg/listMessageUsers.action?meetingId=',1,NULL,'TOUCH','站内私信',173,'SYSTEM',9,NULL,908,NULL,NULL,1),
  (3576,0,'签到码','upload/menu_icon/touch/sign_code.png','pages/touch/pri/sign/QRCode.jsp?meetingId=',1,NULL,'TOUCH','签到码',173,'SYSTEM',10,NULL,909,NULL,NULL,0),
  (3577,0,'车辆安排','upload/menu_icon/touch/auto.png','touch/pri/journey/getJourneyList.action?meetingId=',1,NULL,'TOUCH','车辆安排',173,'SYSTEM',11,NULL,910,NULL,NULL,0),
  (3578,0,'投票','upload/menu_icon/touch/vote.png','touch/pri/vote/vote_findEnableVote.action?meetingId=',1,NULL,'TOUCH','投票',173,'SYSTEM',12,NULL,911,NULL,NULL,0),
  (3579,0,'会场建议','upload/menu_icon/touch/paper.png','touch/pri/paper/paper_findEnablePaper.action?meetingId=',1,NULL,'TOUCH','会场建议',173,'SYSTEM',13,NULL,912,NULL,NULL,0),
  (3580,0,'我的会议','upload/menu_icon/touch/person_center.png','touch/pri/meeting/getAttendMeetingList.action?meetingId=',1,NULL,'TOUCH','我的会议',173,'SYSTEM',14,NULL,913,NULL,NULL,1),
  (3581,0,'本地土特产','upload/menu_icon/touch/meeting_specialty.png','touch/pri/reception/specialty_show.action?meetingId=',1,NULL,'TOUCH','本地土特产',173,'SYSTEM',15,NULL,914,NULL,NULL,0);

COMMIT;

#
# Data for the `client_version` table  (LIMIT 0,500)
#

INSERT INTO `client_version` (`id`, `name`, `version`, `modify_time`, `url`) VALUES 
  (30,'客户端android版',1,'2012-03-31 16:19:54','20120412154734hyy.apk'),
  (31,'客户端android版',2,'2012-04-12 15:47:34','hyy.apk');

COMMIT;

#
# Data for the `data_dict` table  (LIMIT 0,500)
#

INSERT INTO `data_dict` (`data_type`, `data_type_name`, `data_type_desc`) VALUES 
  ('act_type','活动类型','活动类型'),
  ('client_login_bg_pic','客户端登录背景图片','客户端登录背景图片'),
  ('custom_bg_pic','定制背景图片','定制的客户端登录背景图片，供用户选择'),
  ('find_back_password','找回密码','找回密码配置'),
  ('menu_type','菜单类型','菜单类型'),
  ('terminal_type','菜单访问类型','菜单访问类型');

COMMIT;

#
# Data for the `data_dict_config` table  (LIMIT 0,500)
#

INSERT INTO `data_dict_config` (`id`, `data_type`, `act_type`, `data_code`, `data_name`, `data_desc`, `cond`, `data_value`, `order_by`, `remark`) VALUES 
  (1,'act_type','common','0','会议',NULL,NULL,'1',NULL,NULL),
  (2,'act_type','common','1','旅游',NULL,NULL,'2',NULL,NULL),
  (3,'dinner_type','common','1','自助餐',NULL,NULL,'false',NULL,NULL),
  (4,'dinner_type','common','2','桌餐',NULL,NULL,'false',NULL,NULL),
  (5,'dinner_type','common','3','会餐',NULL,NULL,'true',NULL,NULL),
  (6,'dinner_type','common','4','家宴',NULL,NULL,'true',NULL,NULL),
  (7,'dinner_type','common','5','其他',NULL,NULL,'false',NULL,NULL),
  (8,'find_back_password','common','1','找回密码配置',NULL,NULL,'D',NULL,'D表示为动态找回,S表示找回原来的'),
  (10,'terminal_type','common','WEB','WEB门户',NULL,NULL,NULL,NULL,NULL),
  (11,'terminal_type','common','WAP','WAP门户',NULL,NULL,NULL,NULL,NULL),
  (12,'menu_type','common','0','网页链接',NULL,NULL,NULL,NULL,NULL),
  (13,'menu_type','common','1','基本功能',NULL,NULL,NULL,NULL,NULL),
  (14,'menu_type','common','2','第三方软件',NULL,NULL,NULL,NULL,NULL),
  (15,'client_login_bg_pic','common','0','客户端登录背景图片',NULL,NULL,'images/client/default.png',NULL,NULL),
  (17,'custom_bg_pic','common','1','默认图片',NULL,NULL,'images/client/default.png',NULL,NULL),
  (18,'vehicle_type','common','商务车','商务车',NULL,NULL,NULL,NULL,NULL),
  (19,'vehicle_type','common','小轿车','小轿车',NULL,NULL,NULL,NULL,NULL),
  (20,'vehicle_type','common','大客车','大客车',NULL,NULL,NULL,NULL,NULL),
  (21,'vehicle_type','common','面包车','面包车',NULL,NULL,NULL,NULL,NULL);

COMMIT;

#
# Data for the `dining_room` table  (LIMIT 0,500)
#

INSERT INTO `dining_room` (`id`, `hotel_id`, `name`, `business_hours`, `table_cnt`, `capability`, `additional_info`, `floor`, `state`, `create_time`, `modify_time`) VALUES 
  (3,1,'迎客厅','12:00 ~ 22:00',2,20,'df','3',1,'2012-03-20 13:44:34',NULL);

COMMIT;

#
# Data for the `guest` table  (LIMIT 0,500)
#

INSERT INTO `guest` (`id`, `name`, `rank`, `about`, `meetId`) VALUES 
  (23,'李四','经理','他是一个好男人',164);

COMMIT;

#
# Data for the `hotel` table  (LIMIT 0,500)
#

INSERT INTO `hotel` (`id`, `type`, `name`, `address`, `base_info`, `introduction`, `peripheral_info`, `additional_info`, `linking`, `service`, `facilities`, `province`, `city`, `state`, `create_time`, `modify_time`) VALUES 
  (1,NULL,'黄山大酒店','黄山路88号','','','','','','','','26','2603',1,'2012-03-20 13:43:34','2012-03-20 13:45:59'),
  (2,NULL,'天瀑大酒店','安顺主干道黄果树大街','','安顺天瀑大酒店的电话：4006661760，接通后告诉酒店编号：4240 1033，就能查询打折后的优惠房价，也可以提前预订。\r\n\r\n安顺天瀑大酒店 天瀑大酒店于2005年7月开业，座落于安顺主干道黄果树大街旁，距离著名风景区黄果树仅40公里、龙宫风景区27公里，交通极为便利。\r\n\r\n天瀑为国内少有的高星级花园式涉外旅游商务酒店，庭园式结构，占地面积约12000平方米，大堂面积近千平方米，“土、水、火”三大主题园景错落缀镶其间，充满民族风情韵味，典雅气派。\r\n\r\n拥有市内最大游泳池，KTV、洗浴桑拿、宽带、健身一应俱全。正宗潮粤菜，中西式结合国际自助餐，豪华西式扒房，贴心优质服务满足您的要求','','','安顺天瀑大酒店的电话：4006661760','','','26','2603',1,'2012-03-21 11:45:26','2012-03-21 14:43:15');

COMMIT;

#
# Data for the `hotel_image` table  (LIMIT 0,500)
#

INSERT INTO `hotel_image` (`id`, `hotel_id`, `title`, `sort`, `address`, `upload_time`, `upload_user`) VALUES 
  (3,1,'特',0,'hotel/1/20120320134559_0.jpg','2012-03-20 13:45:59',79),
  (4,2,'酒店正门',0,'hotel/2/20120321144315_0.JPG','2012-03-21 14:43:15',79),
  (5,2,'会场',1,'hotel/2/20120321144315_1.JPG','2012-03-21 14:43:15',79);

COMMIT;

#
# Data for the `hotel_room` table  (LIMIT 0,500)
#

INSERT INTO `hotel_room` (`id`, `meeting_id`, `hotel_room_type_id`, `room_no`, `floor`, `state`, `create_time`, `modify_time`) VALUES 
  (5,164,3,'2',NULL,1,'2012-03-20 13:45:14',NULL),
  (6,164,3,'3',NULL,1,'2012-03-20 13:45:14',NULL),
  (7,164,3,'4',NULL,1,'2012-03-20 13:45:14',NULL),
  (8,164,3,'5',NULL,1,'2012-03-20 13:45:14',NULL),
  (9,164,3,'6',NULL,1,'2012-03-20 13:45:14',NULL),
  (10,166,5,'8362',3,0,'2012-03-21 17:30:31','2012-03-22 14:12:54'),
  (11,166,5,'8360',3,1,'2012-03-22 14:05:50',NULL),
  (12,166,5,'8362',3,1,'2012-03-22 14:13:05','2012-03-22 15:36:01'),
  (13,166,5,'100',1,0,'2012-03-22 14:29:22','2012-03-22 14:29:41'),
  (14,164,3,'2',NULL,1,'2012-03-22 17:39:06',NULL),
  (15,164,3,'3',NULL,1,'2012-03-22 17:39:06',NULL),
  (16,164,3,'4',NULL,1,'2012-03-22 17:39:06',NULL),
  (17,164,3,'5',NULL,1,'2012-03-22 17:39:06',NULL),
  (18,166,5,'6',NULL,1,'2012-03-22 17:42:13',NULL),
  (19,166,5,'7',NULL,1,'2012-03-22 17:42:13',NULL),
  (20,166,5,'8',NULL,1,'2012-03-22 17:42:13',NULL),
  (21,166,5,'9',NULL,1,'2012-03-22 17:42:13',NULL),
  (22,166,5,'10',NULL,1,'2012-03-22 17:42:13',NULL),
  (23,166,5,'11',NULL,1,'2012-03-22 17:42:13',NULL),
  (24,166,5,'12',NULL,1,'2012-03-22 17:42:13',NULL),
  (25,166,5,'13',NULL,0,'2012-03-22 17:42:13','2012-03-23 15:47:44'),
  (26,166,5,'14',NULL,0,'2012-03-22 17:42:13','2012-03-23 15:47:52'),
  (27,166,5,'15',NULL,1,'2012-03-22 17:42:13',NULL),
  (28,166,5,'16',NULL,1,'2012-03-22 17:42:13',NULL),
  (29,166,5,'17',NULL,1,'2012-03-22 17:42:13',NULL),
  (30,166,5,'18',NULL,1,'2012-03-22 17:42:13',NULL),
  (31,166,5,'19',NULL,1,'2012-03-22 17:42:13',NULL),
  (32,166,5,'20',NULL,1,'2012-03-22 17:42:13',NULL),
  (33,166,5,'21',NULL,1,'2012-03-22 17:42:13',NULL),
  (34,166,5,'22',NULL,1,'2012-03-22 17:42:13',NULL),
  (35,166,5,'23',NULL,1,'2012-03-22 17:42:13',NULL),
  (36,166,5,'24',NULL,1,'2012-03-22 17:42:13',NULL),
  (37,166,5,'25',NULL,1,'2012-03-22 17:42:13',NULL),
  (38,166,5,'26',NULL,1,'2012-03-22 17:42:13',NULL),
  (39,166,5,'27',NULL,1,'2012-03-22 17:42:13',NULL),
  (40,166,5,'28',NULL,1,'2012-03-22 17:42:13',NULL),
  (41,166,5,'29',NULL,1,'2012-03-22 17:42:13',NULL),
  (42,166,5,'30',NULL,1,'2012-03-22 17:42:13',NULL),
  (43,166,5,'31',NULL,1,'2012-03-22 17:42:13',NULL),
  (44,166,5,'32',NULL,1,'2012-03-22 17:42:13',NULL),
  (45,166,5,'33',NULL,1,'2012-03-22 17:42:13',NULL),
  (46,166,5,'34',NULL,1,'2012-03-22 17:42:13',NULL),
  (47,166,5,'35',NULL,1,'2012-03-22 17:42:13',NULL),
  (48,166,5,'36',NULL,1,'2012-03-22 17:42:13',NULL),
  (49,166,5,'37',NULL,1,'2012-03-22 17:42:13',NULL),
  (50,166,5,'38',NULL,1,'2012-03-22 17:42:13',NULL),
  (51,166,5,'39',NULL,1,'2012-03-22 17:42:14',NULL),
  (52,166,5,'40',NULL,1,'2012-03-22 17:42:14',NULL),
  (53,166,5,'41',NULL,1,'2012-03-22 17:42:14',NULL),
  (54,166,5,'42',NULL,1,'2012-03-22 17:42:14',NULL),
  (55,166,5,'43',NULL,1,'2012-03-22 17:42:14',NULL),
  (56,166,5,'44',NULL,1,'2012-03-23 15:48:22',NULL),
  (57,166,5,'45',NULL,1,'2012-03-23 15:48:22',NULL),
  (58,166,5,'46',NULL,1,'2012-03-23 15:48:22',NULL),
  (59,166,5,'47',NULL,1,'2012-03-26 16:42:02',NULL),
  (60,166,5,'48',NULL,1,'2012-03-26 16:42:02',NULL),
  (61,166,4,'49',NULL,1,'2012-03-26 16:54:50',NULL),
  (62,166,5,'50',NULL,1,'2012-03-26 16:54:50',NULL),
  (63,166,4,'51',NULL,1,'2012-03-26 17:04:14',NULL),
  (64,166,5,'52',NULL,1,'2012-03-26 17:04:14',NULL),
  (65,164,3,'2223',NULL,1,'2012-03-27 19:32:41',NULL),
  (66,166,5,'2',NULL,1,'2012-03-28 16:24:24',NULL);

COMMIT;

#
# Data for the `hotel_room_type` table  (LIMIT 0,500)
#

INSERT INTO `hotel_room_type` (`id`, `hotel_id`, `name`, `area`, `capability`, `bed_width`, `additional_info`, `facilities`, `state`, `create_time`, `modify_time`) VALUES 
  (3,1,'豪华单人间',50,1,2.5,'','',1,'2012-03-20 13:45:05',NULL),
  (4,2,'单人间',50,1,2,'','',1,'2012-03-21 17:27:47',NULL),
  (5,2,'标间',50,2,1.5,'','',1,'2012-03-21 17:30:19',NULL);

COMMIT;

#
# Data for the `hotel_room_user` table  (LIMIT 0,500)
#

INSERT INTO `hotel_room_user` (`hotel_room_id`, `user_id`) VALUES 
  (5,4449),
  (6,4462),
  (8,4460),
  (12,4458),
  (12,4474),
  (14,4450),
  (15,4461),
  (18,4452),
  (18,4453),
  (19,4454),
  (19,4456),
  (20,4476),
  (20,4477),
  (21,4479),
  (21,4480),
  (22,4481),
  (22,4482),
  (23,4484),
  (23,4485),
  (24,4486),
  (24,4487),
  (27,4493),
  (27,4495),
  (28,4498),
  (28,4500),
  (29,4502),
  (29,4503),
  (30,4505),
  (30,4506),
  (31,4507),
  (31,4508),
  (32,4510),
  (32,4513),
  (33,4515),
  (33,4516),
  (34,4519),
  (34,4521),
  (35,4523),
  (35,4524),
  (36,4525),
  (36,4528),
  (37,4529),
  (37,4530),
  (38,4531),
  (38,4532),
  (39,4534),
  (39,4535),
  (40,4536),
  (40,4537),
  (41,4538),
  (41,4539),
  (42,4540),
  (42,4541),
  (43,4543),
  (43,4544),
  (44,4478),
  (45,4483),
  (46,4494),
  (46,4496),
  (47,4497),
  (47,4499),
  (48,4501),
  (48,4504),
  (49,4511),
  (50,4512),
  (51,4517),
  (51,4518),
  (52,4520),
  (52,4522),
  (53,4526),
  (53,4527),
  (54,4533),
  (55,4546),
  (56,4488),
  (56,4490),
  (57,4491),
  (57,4492),
  (58,4455),
  (59,4542),
  (60,4545),
  (62,4509),
  (63,4475),
  (64,4489),
  (64,4514),
  (65,4458),
  (66,4460);

COMMIT;

#
# Data for the `imei_user` table  (LIMIT 0,500)
#

INSERT INTO `imei_user` (`imei`, `user_id`) VALUES 
  ('01ad2393-023b-490a-b901-37241b196cef',4554),
  ('022a6f54-5bcc-48f0-b40f-31947c6fc449',4460),
  ('02724207-a6a1-49cf-9c92-94ffa42fae62',4481),
  ('035d6357-2204-4f61-a225-c9cd54a0e662',4458),
  ('0455899b-1340-41f3-b63d-ddbb481ee6c3',4458),
  ('05d34a5e-20c0-41df-b15a-ed2abf549d56',4458),
  ('08f8e6f5-20bd-4179-8e61-51391dc653be',4460),
  ('0c9bc215-1f5a-4cc7-afdd-93baa2f3ee49',4458),
  ('131aaac9-9878-4258-9c62-952ee89bc54e',4449),
  ('1afeff6d-ad40-4bdf-a4e2-ee2299f3d356',4449),
  ('275a1c70-70e4-45b3-9688-2fa9e6adbd48',4460),
  ('3055d1fb-9af7-4772-8ee3-b0edb85d6860',4449),
  ('3273d0e7-e98b-4ef7-b134-58402064c3fd',4449),
  ('35ea4245-70e1-44d6-8052-61b01f7bf553',4474),
  ('398c1395-dedd-4b7c-a6c8-1bf9af332068',4458),
  ('3b437ae1-c18c-4612-acab-99f8db612043',4458),
  ('3dfbd104-e31f-4c9a-92fc-ac7d9b031c48',4458),
  ('3faf712e-706c-40ba-8366-be13f3a039e3',4458),
  ('406e7ebf-b754-46d0-abe1-509099129992',4458),
  ('5565ba78-0f7f-4565-ae78-75541ffc8b56',4458),
  ('565860f7-97d3-4c58-89ac-ff625d5b8bbf',4455),
  ('59318916-d9e8-4e88-9051-4a54cfe8b829',4458),
  ('5f42646f-7896-4504-bd4b-85ce91de495b',4458),
  ('6037d5f6-2ff6-4c35-bbce-e0631b25b3ca',4458),
  ('6084391a-32af-41c9-bc30-461091e537ff',4458),
  ('60dd3793-6949-435a-92cc-75c69b6c16bd',4458),
  ('61c7fdd8-7fff-465d-8f9a-f7d8ef761917',4608),
  ('63565050-2e7d-421e-8e8e-1aa480b233a8',4449),
  ('6516d1ab-96ae-464b-b6d3-9f32853fbeeb',4460),
  ('67b14674-bcd8-458d-9fd7-3eec39748ab8',4449),
  ('6e7fabbe-d800-4d8a-83ad-9a45d95a9ec8',4460),
  ('6faf7d60-a710-450a-89be-ff54cf2ccd4a',4458),
  ('70d1e8b9-8b14-456e-9917-80ea52497bed',4481),
  ('74116b9c-ef5c-493a-b576-a20247722449',4458),
  ('7da4ffd3-e163-43a5-8912-bbb573aaef37',4481),
  ('8283bb68-07b1-4a82-b65e-d8ae5d4e9345',4458),
  ('8835c832-8bc5-4547-9061-3d987a5a9655',4458),
  ('899120a5-b141-4e28-9aab-45699ec2d849',4449),
  ('95aefc43-d316-442c-87b1-1788ffafa6ad',4460),
  ('9d7d0693-ca32-420c-90c4-83d8084a9871',4474),
  ('a0acd88c-3bd4-45f5-a773-44225331a1a7',4458),
  ('a0f89368-bc97-4188-9330-1b300faff727',4460),
  ('a1e3c3f8-d113-4488-bd69-b79283acb00f',4460),
  ('a2ceea97-6d4b-416f-bd99-62bbdedfb3d9',4458),
  ('a7a6fc7d-a53d-449f-90cd-bfc414e2915b',4460),
  ('b5133daa-b3df-4c9f-a9b4-b002e6494ba1',4481),
  ('b6190dca-7b1b-4cf9-b708-43f51572b966',4458),
  ('bd9fe70a-65f9-40af-a450-686a80e817c5',4608),
  ('c0c2b2ce-fa30-486b-96af-8961192637d2',4449),
  ('c2968973-3ee2-4b82-9efd-bb43a0ac33ef',4460),
  ('c7f14db4-1e50-4696-b3d9-996ee7faff7f',4449),
  ('d040a08b-cb3d-49e4-a527-83cd0012aca1',4460),
  ('d0d40985-22c8-4eeb-a5ad-6372dd64ab12',4460),
  ('d3d7f60f-302e-4986-a354-8c24e8cf7801',4458),
  ('d7923eca-6885-4502-9fed-d61f636e84a9',4460),
  ('dd4b8eac-9973-45c9-99f4-7a191aa06338',4460),
  ('dd8e0d45-0a47-4075-820f-be306fb7d40a',4458),
  ('e3b11575-b549-4b9d-97d7-fa94a37154ab',4460),
  ('e71bb7bd-9a5b-4c1b-98b6-610d6002b931',4458),
  ('e8d23405-9d66-4e6c-afab-565a7fed471d',4449),
  ('edf1d004-3a75-4105-b4f7-8859663dd849',4458),
  ('ef23978a-c978-41d2-8cda-fa865106adf8',4458),
  ('f0261683-ef91-422b-b299-f5d2c46d6d67',4460),
  ('f28c69f3-a55d-4189-929c-a05aed89f5aa',4458),
  ('f42f0075-70c0-4b70-969e-de27729661a5',4449),
  ('fa8f9cea-20af-4277-84be-ef70e047b114',4449),
  ('fb877f87-43c4-44b6-bc3f-f569af629769',4460);

COMMIT;

#
# Data for the `issue_card` table  (LIMIT 0,500)
#

INSERT INTO `issue_card` (`id`, `issue_time`, `state`, `meeting_id`, `user_id`, `card_id`, `loss_time`, `loss_reason`) VALUES 
  (14,'2012-04-20 15:20:40',1,166,4547,14,NULL,NULL),
  (15,'2012-04-20 15:20:56',1,166,4458,15,NULL,NULL);

COMMIT;

#
# Data for the `journey` table  (LIMIT 0,500)
#

INSERT INTO `journey` (`id`, `name`, `departure`, `destination`, `start_time`, `end_time`, `comments`, `meeting_id`, `vehicle_id`, `driver_id`) VALUES 
  (38,'清明节一日游','安徽合肥','大蜀山','2012-04-01 10:00:00','2012-04-02 10:00:00','唉',164,27,23),
  (39,'北京故宫五日游','','','2012-03-09 10:00:00',NULL,'',164,27,23),
  (40,'机场接人','贵阳省公司','贵阳龙洞堡国际机场','2012-04-13 15:00:00','2012-04-13 15:50:00','',166,26,24);

COMMIT;

#
# Data for the `journey_member` table  (LIMIT 0,500)
#

INSERT INTO `journey_member` (`id`, `meeting_id`, `journey_id`, `user_id`, `number`) VALUES 
  (2295,166,40,4475,1),
  (2296,166,40,4476,2),
  (2297,166,40,4477,3),
  (2298,166,40,4478,4),
  (2299,166,40,4479,5),
  (2300,166,40,4480,6),
  (2301,164,38,4458,1),
  (2302,164,38,4460,2),
  (2303,164,38,4461,3),
  (2304,164,38,4462,4),
  (2305,164,38,4547,5);

COMMIT;

#
# Data for the `local_specialty` table  (LIMIT 0,500)
#

INSERT INTO `local_specialty` (`id`, `name`, `memo`, `image`, `province`, `city`) VALUES 
  (31,'df','df','specialty/31/20120320140554053.jpg','26','2603'),
  (32,'辣子鸡','以本地土鸡作为主料，选用贵阳花溪辣椒舂制的糍粑辣椒作为辅料烹制而成，香辣味浓、色泽红亮、粑糯爽口，是贵阳人逢年过节必备团圆菜之一。',NULL,'17','1757806'),
  (33,'糟辣脆皮鱼','贵州糟辣椒是黔味菜肴的重要调味品之一，此菜选用贵州独有的槽辣椒作为主要调料制成，清香脆嫩，其味鲜咸，经久不易变味，能促进食欲开胃，颇具独特地方风味。是我市传统名菜之一。','specialty/33/20120410191334435.jpg','17','1757806'),
  (34,'青岩豆腐','以地方特产青岩豆腐为主料，配以青椒等辅料制成。具有绵滑清香等特点。',NULL,'17','1757806'),
  (35,'宫保鸡丁','选用净仔公鸡肉为主料，糍粑辣椒等辅料烹制而成。此菜为黔味传统名菜，红而不辣、辣而不猛、香辣味浓、肉质滑脆。据传，此菜创始人丁宝桢，贵州织金人，咸丰进士，授宫保衔，历任山东巡抚，四川总督，美食家，自幼聪颖，偏爱辣鸡，常以家乡此菜宴请宾客，流传至今。1918年，留学日本早稻田大学原贵阳市政协秘书长赵惠民曾将宫保鸡传到日本，深得日本人士赞扬。',NULL,'17','1757806'),
  (36,'状元蹄','又称“青岩卤猪脚”。据记载，1886年4月2日，在光绪丙戍年科殿试大考中荣获状元的青岩贡士赵以炯年青时常去青岩北门街夜市吃卤猪蹄。故乡人们为怀念为这位历史名人，称卤猪蹄为状元蹄。如今“游青岩古镇，品青岩美蹄”已成为当地的一种旅游文化现象。该道菜色泽红褐、皮充盈泽润、肥而不腻、味道醇厚。',NULL,'17','1757806');

COMMIT;

#
# Data for the `lucky` table  (LIMIT 0,500)
#

INSERT INTO `lucky` (`id`, `name`, `award`, `create_time`, `state`, `meetId`, `checked`) VALUES 
  (11,'一等奖','ipad2','2012-03-20',1,163,NULL),
  (12,'二等奖','phone','2012-03-20',1,163,NULL),
  (13,'一等奖','ipad','2012-03-22',1,164,2),
  (14,'二等奖','phone','2012-03-20',1,164,NULL),
  (17,'2222','222','2012-03-22',1,164,2),
  (18,'特等奖','奥迪A6L','2012-03-22',1,164,2);

COMMIT;

#
# Data for the `luckyhistory` table  (LIMIT 0,500)
#

INSERT INTO `luckyhistory` (`id`, `adminId`, `userId`, `luckyId`, `meetId`, `create_time`) VALUES 
  (32,79,4453,11,163,'2012-03-20 14:21:40'),
  (33,79,4454,12,163,'2012-03-20 14:21:45'),
  (34,79,4456,11,163,'2012-03-20 14:21:50'),
  (35,79,4455,11,163,'2012-03-20 14:21:51'),
  (36,79,4452,11,163,'2012-03-20 14:21:53'),
  (37,79,4451,11,163,'2012-03-20 14:21:54'),
  (38,79,4460,13,164,'2012-03-20 15:16:06'),
  (39,79,4449,14,164,'2012-03-20 15:16:20'),
  (40,79,4458,14,164,'2012-03-20 15:16:26'),
  (41,79,4450,14,164,'2012-03-20 15:16:27'),
  (42,79,4461,14,164,'2012-03-20 15:16:29'),
  (51,79,4460,17,164,'2012-03-21 19:05:04'),
  (52,79,4449,14,164,'2012-03-21 19:05:11'),
  (53,79,4458,13,164,'2012-03-21 19:05:15'),
  (54,79,4458,13,164,'2012-03-22 10:36:49'),
  (55,79,4460,17,164,'2012-03-22 10:37:10'),
  (56,79,4461,17,164,'2012-03-22 10:37:14'),
  (57,79,4450,17,164,'2012-03-22 10:37:16'),
  (58,79,4462,17,164,'2012-03-22 10:37:18');

COMMIT;

#
# Data for the `luckyuser` table  (LIMIT 0,500)
#

INSERT INTO `luckyuser` (`id`, `userId`, `luckyId`, `meetingId`) VALUES 
  (7,4458,13,164),
  (8,4450,18,164),
  (9,4460,18,164),
  (10,4461,18,164);

COMMIT;

#
# Data for the `meeting` table  (LIMIT 0,500)
#

INSERT INTO `meeting` (`id`, `meeting_name`, `meeting_type`, `topic`, `start_time`, `end_time`, `location`, `create_time`, `modify_time`, `comments`, `state`, `creator`, `modifier`, `location_xy`, `access_start_time`, `access_end_time`, `service_number`, `free_sms_num`, `notice`, `province`, `city`, `district`, `join_time`, `pwd_Is_Dynamic`, `host`, `organizer`, `logo_image`, `theme_id`) VALUES 
  (162,'test',1,'test','2012-03-14 15:00:00','2012-03-16 15:00:59','test','2012-03-14 15:18:04','2012-03-21 10:01:59','',9,'79','79',NULL,NULL,NULL,'',500,'','01','0101',NULL,'',NULL,'test','test',NULL,1),
  (163,'创新管理',1,'创新','2012-03-22 11:00:00','2012-03-23 11:00:59','腾龙酒店','2012-03-19 11:13:34','2012-03-27 17:39:18','d',1,'79','79',NULL,NULL,NULL,'',100,'','17','1757816',NULL,'',NULL,'贵州移动','',NULL,NULL),
  (164,'测试会议',1,'测试会议','2012-03-19 23:00:00','2012-03-30 23:00:59','11','2012-03-19 23:19:30','2012-03-29 17:46:57','asdf',1,'79','79','105.9613947356,26.239375255885',NULL,'2020-10-01 23:59:59','',900,'','17','1757806',NULL,'',NULL,'网达软件协助测试','',NULL,NULL),
  (165,'创新会议',1,'创新会议','2012-03-22 14:00:00','2012-03-24 14:00:59','安顺天瀑大酒店','2012-03-20 14:56:35','2012-03-21 10:02:16','',9,'117','79',NULL,NULL,NULL,'',1000000,'','26','2603',NULL,'2012-03-22 14:00',NULL,'贵州移动安顺分公司','',NULL,4),
  (166,'贵州创新管理会议',1,'黄果树瀑布风景区位于贵州省镇宁、关岭两县境内北盘江支流、打帮河上游的白水河和坝陵河上。景区以黄果树大瀑布为中心，以瀑布、溶洞、地下湖为主体，素有“天下奇景”之称。\n\n天星桥景区位于黄果树大瀑布下游 5公里处，这里主要观赏石、树、水的美妙结合，是水上石林变化而成的天然盆景区。天星桥景区石笋密集，植被茂盛，集山、水、林、洞为一体，被游人称赞为：“风刀水剑刻就”的“万倾盆景”，“根笔藤墨绘帛”的的“千古绝画”。概括了天星桥景区的神韵。。','2012-03-22 09:00:00','2012-03-23 18:00:59','天瀑大酒店','2012-03-21 10:29:54','2012-04-18 17:31:21','',1,'118','79','105.96289153433,26.238546302915',NULL,NULL,'',10000000,'','17','1757806',NULL,'2012-03-22 09:00',NULL,'贵州移动省公司','贵州移动安顺分公司',NULL,NULL),
  (167,'测试会议2',1,'大ddd','2012-03-29 17:00:00','2012-03-29 17:00:59','ddd','2012-03-29 17:52:20',NULL,'',1,'79',NULL,NULL,NULL,NULL,'',222,'','10','1058102',NULL,'',NULL,'dddd','',NULL,NULL),
  (168,'meeting guide',1,'test','2012-04-13 11:00:00','2012-04-13 11:00:59','aaaa','2012-04-13 11:04:00','2012-04-13 11:10:47','',9,'79','79',NULL,NULL,NULL,'',22,'','17','1757816',NULL,'',NULL,'2','',NULL,NULL),
  (169,'ddd',1,'ddd','2012-04-13 12:00:00','2012-04-13 12:00:59','ddd','2012-04-13 12:00:37','2012-04-13 12:00:59','',9,'79','79',NULL,NULL,NULL,'',222,'','10','1058102',NULL,'',NULL,'22','',NULL,NULL),
  (170,'信息技术部测试会议',1,'测试1111','2012-04-16 13:00:00','2012-04-18 13:00:59','省公司','2012-04-16 13:47:58','2012-04-17 16:50:01','',1,'79','79','106.7130624464,26.596055572811','2012-04-16','2012-04-25 23:59:59','',1000,'信息技术部测试会议','17','1757816',NULL,'2012-04-18 13:00',NULL,'信息技术部','',NULL,NULL),
  (171,'tewtggg',1,'111','2012-04-12 13:00:00','2012-04-19 13:00:59','11','2012-04-18 13:44:46','2012-04-18 13:46:25','',9,'79','79',NULL,NULL,NULL,'',1,'','24','2454161',NULL,'',NULL,'11','111',NULL,NULL),
  (172,'安顺烟草工作会议',1,'安顺烟草工作会议','2012-04-18 14:00:00','2012-04-19 14:00:59','天瀑大酒店','2012-04-18 14:34:29',NULL,'',1,'79',NULL,NULL,NULL,NULL,'',1000,'','17','1757806',NULL,'2012-04-18 14:00',NULL,'安顺烟草局','安顺移动公司',NULL,3),
  (173,'中国移动贵州公司2012年法律、安全管理工作会议',1,'中国移动贵州公司2012年法律、安全管理工作会议','2012-04-23 09:05:00','2012-04-25 12:00:59','能辉酒店','2012-04-19 11:06:07',NULL,'',1,'79','79','106.70574654232,26.574492335286',NULL,NULL,'',1000,'','17','1757816',NULL,'2012-04-23 11:00',NULL,'省公司综合部','',NULL,NULL);

COMMIT;

#
# Data for the `meeting_access_log` table  (LIMIT 0,500)
#

INSERT INTO `meeting_access_log` (`id`, `meeting_id`, `user_id`, `portal_type`, `access_time`) VALUES 
  (265,162,4451,1,'2012-03-14 17:03:03'),
  (266,163,4455,1,'2012-03-19 12:05:03'),
  (267,164,4460,1,'2012-03-19 23:48:32'),
  (268,164,4458,1,'2012-03-20 03:47:35'),
  (269,163,4455,1,'2012-03-20 08:57:19'),
  (270,164,4458,1,'2012-03-20 09:03:34'),
  (271,164,4458,1,'2012-03-20 09:19:40'),
  (272,164,4449,1,'2012-03-20 12:52:31'),
  (273,164,4449,1,'2012-03-20 12:53:24'),
  (274,164,4449,1,'2012-03-20 13:48:44'),
  (275,164,4458,1,'2012-03-20 14:09:23'),
  (276,164,4458,1,'2012-03-20 14:52:00'),
  (277,165,4458,1,'2012-03-20 14:58:35'),
  (278,164,4458,1,'2012-03-20 15:06:00'),
  (279,164,4458,1,'2012-03-20 15:10:01'),
  (280,164,4458,1,'2012-03-20 15:10:21'),
  (281,165,4458,1,'2012-03-20 15:42:47'),
  (282,164,4449,1,'2012-03-20 16:00:51'),
  (283,164,4458,1,'2012-03-20 16:04:54'),
  (284,164,4449,1,'2012-03-20 17:54:29'),
  (285,163,4455,1,'2012-03-21 09:17:46'),
  (286,165,4458,1,'2012-03-21 09:58:35'),
  (287,164,4458,1,'2012-03-21 10:15:11'),
  (288,164,4458,1,'2012-03-21 10:24:20'),
  (289,166,4458,1,'2012-03-21 10:34:52'),
  (290,164,4461,1,'2012-03-21 10:37:22'),
  (291,164,4458,1,'2012-03-21 11:02:47'),
  (292,164,4458,1,'2012-03-21 11:03:24'),
  (293,164,4458,1,'2012-03-21 11:05:06'),
  (294,164,4458,1,'2012-03-21 11:28:22'),
  (295,166,4458,1,'2012-03-21 11:32:14'),
  (296,166,4458,1,'2012-03-21 11:34:57'),
  (297,166,4458,1,'2012-03-21 11:38:45'),
  (298,166,4458,1,'2012-03-21 11:46:57'),
  (299,166,4458,1,'2012-03-21 11:47:31'),
  (300,166,4458,1,'2012-03-21 13:11:35'),
  (301,166,4458,1,'2012-03-21 13:23:03'),
  (302,166,4474,1,'2012-03-21 14:47:18'),
  (303,166,4458,1,'2012-03-21 14:50:42'),
  (304,166,4474,1,'2012-03-21 14:57:01'),
  (305,166,4458,1,'2012-03-21 15:13:45'),
  (306,166,4474,1,'2012-03-21 15:26:59'),
  (307,166,4474,1,'2012-03-21 15:28:06'),
  (308,166,4474,1,'2012-03-21 16:18:55'),
  (309,166,4458,1,'2012-03-21 16:39:18'),
  (310,164,4458,2,'2012-03-21 17:00:59'),
  (311,166,4458,2,'2012-03-21 17:01:13'),
  (312,166,4458,1,'2012-03-21 17:16:48'),
  (313,166,4458,1,'2012-03-21 17:17:05'),
  (314,164,4458,2,'2012-03-21 17:18:53'),
  (315,164,4458,2,'2012-03-21 17:19:41'),
  (316,166,4455,1,'2012-03-21 17:21:38'),
  (317,166,4458,1,'2012-03-21 17:33:14'),
  (318,166,4458,1,'2012-03-21 17:38:16'),
  (319,166,4461,1,'2012-03-21 17:46:27'),
  (320,166,4474,1,'2012-03-21 17:48:32'),
  (321,166,4474,1,'2012-03-21 18:54:37'),
  (322,166,4474,1,'2012-03-21 18:54:55'),
  (323,166,4474,1,'2012-03-21 18:55:34'),
  (324,166,4474,1,'2012-03-21 18:55:40'),
  (325,166,4474,1,'2012-03-21 18:55:41'),
  (326,166,4474,1,'2012-03-21 18:55:43'),
  (327,166,4474,1,'2012-03-21 18:55:51'),
  (328,166,4474,1,'2012-03-21 18:55:52'),
  (329,166,4474,1,'2012-03-21 18:55:59'),
  (330,164,4460,1,'2012-03-21 18:56:11'),
  (331,166,4458,1,'2012-03-21 18:56:56'),
  (332,164,4460,1,'2012-03-21 19:01:45'),
  (333,164,4460,1,'2012-03-22 09:17:07'),
  (334,166,4458,1,'2012-03-22 09:54:07'),
  (335,164,4460,1,'2012-03-22 10:09:01'),
  (336,166,4474,1,'2012-03-22 10:22:45'),
  (337,166,4458,1,'2012-03-22 10:44:35'),
  (338,166,4458,1,'2012-03-22 13:25:22'),
  (339,164,4460,1,'2012-03-22 17:42:23'),
  (340,164,4460,1,'2012-03-22 17:45:22'),
  (341,166,4474,1,'2012-03-22 22:30:24'),
  (342,166,4458,1,'2012-03-23 15:17:22'),
  (343,164,4461,1,'2012-03-23 17:22:39'),
  (344,164,4449,1,'2012-03-26 18:11:22'),
  (345,164,4449,1,'2012-03-27 17:37:35'),
  (346,164,4462,1,'2012-03-27 18:26:04'),
  (347,166,4462,1,'2012-03-27 18:33:42'),
  (348,164,4462,1,'2012-03-27 18:33:46'),
  (349,164,4449,1,'2012-03-27 19:34:21'),
  (350,166,4475,1,'2012-03-28 00:17:41'),
  (351,166,4475,1,'2012-03-28 00:27:44'),
  (352,166,4475,1,'2012-03-28 09:02:51'),
  (353,162,4475,1,'2012-03-28 09:04:39'),
  (354,166,4475,1,'2012-03-28 09:04:47'),
  (355,166,4462,1,'2012-03-28 09:06:58'),
  (356,164,4462,1,'2012-03-28 09:07:29'),
  (357,164,4462,1,'2012-03-28 09:15:58'),
  (358,166,4460,1,'2012-03-28 09:16:28'),
  (359,166,4475,1,'2012-03-28 09:20:48'),
  (360,166,4475,1,'2012-03-28 09:21:11'),
  (361,166,4475,1,'2012-03-28 09:21:25'),
  (362,166,4475,1,'2012-03-28 14:07:51'),
  (363,166,4548,1,'2012-03-29 10:09:02'),
  (364,166,4548,1,'2012-03-29 10:20:44'),
  (365,166,4460,1,'2012-03-29 17:58:58'),
  (366,166,4458,1,'2012-03-29 18:00:01'),
  (367,166,4458,3,'2012-03-31 09:39:14'),
  (368,164,4458,3,'2012-03-31 09:57:04'),
  (369,164,4458,3,'2012-03-31 09:59:29'),
  (370,164,4458,3,'2012-03-31 10:00:46'),
  (371,164,4458,3,'2012-03-31 10:01:02'),
  (372,164,4458,3,'2012-03-31 10:35:22'),
  (373,164,4458,3,'2012-03-31 11:04:06'),
  (374,164,4458,3,'2012-03-31 11:04:35'),
  (375,166,4458,3,'2012-03-31 11:04:45'),
  (376,164,4458,3,'2012-03-31 11:05:05'),
  (377,164,4458,3,'2012-03-31 11:06:09'),
  (378,166,4460,3,'2012-03-31 11:08:10'),
  (379,166,4458,3,'2012-03-31 11:09:19'),
  (380,166,4460,3,'2012-03-31 11:24:41'),
  (381,166,4460,3,'2012-03-31 11:29:45'),
  (382,166,4460,3,'2012-03-31 11:34:33'),
  (383,166,4458,3,'2012-03-31 13:19:14'),
  (384,166,4458,3,'2012-03-31 13:21:59'),
  (385,164,4458,3,'2012-03-31 13:22:56'),
  (386,166,4458,3,'2012-03-31 13:24:31'),
  (387,164,4458,3,'2012-03-31 13:24:52'),
  (388,166,4458,3,'2012-03-31 13:26:33'),
  (389,164,4458,3,'2012-03-31 13:27:16'),
  (390,166,4458,3,'2012-03-31 13:55:38'),
  (391,164,4458,3,'2012-03-31 13:56:41'),
  (392,164,4449,1,'2012-03-31 16:26:10'),
  (393,164,4449,2,'2012-03-31 16:31:07'),
  (394,164,4449,1,'2012-03-31 16:35:16'),
  (395,166,4458,2,'2012-03-31 16:37:48'),
  (396,166,4458,2,'2012-03-31 16:38:24'),
  (397,166,4458,3,'2012-03-31 17:06:30'),
  (398,166,4458,3,'2012-03-31 17:07:59'),
  (399,164,4458,3,'2012-03-31 17:08:36'),
  (400,166,4458,1,'2012-03-31 17:43:52'),
  (401,164,4458,1,'2012-03-31 17:44:21'),
  (402,166,4458,1,'2012-03-31 17:44:38'),
  (403,166,4458,2,'2012-03-31 17:45:25'),
  (404,164,4449,2,'2012-04-05 10:00:13'),
  (405,164,4449,3,'2012-04-05 11:04:41'),
  (406,164,4449,3,'2012-04-05 11:05:36'),
  (407,164,4449,3,'2012-04-05 11:06:14'),
  (408,164,4449,3,'2012-04-05 11:06:43'),
  (409,164,4449,3,'2012-04-05 13:54:36'),
  (410,164,4449,3,'2012-04-05 14:49:10'),
  (411,164,4449,3,'2012-04-06 09:29:43'),
  (412,164,4449,3,'2012-04-06 09:30:40'),
  (413,164,4449,3,'2012-04-10 16:59:11'),
  (414,164,4449,3,'2012-04-10 17:00:01'),
  (415,166,4460,1,'2012-04-11 23:22:30'),
  (416,166,4460,1,'2012-04-12 10:05:12'),
  (417,166,4460,1,'2012-04-12 10:45:12'),
  (418,164,4460,1,'2012-04-12 10:48:17'),
  (419,166,4460,1,'2012-04-12 10:48:20'),
  (420,166,4460,3,'2012-04-12 10:52:15'),
  (421,166,4460,3,'2012-04-12 10:55:05'),
  (422,166,4460,3,'2012-04-12 10:57:47'),
  (423,166,4460,1,'2012-04-12 11:02:31'),
  (424,166,4460,1,'2012-04-12 11:02:40'),
  (425,166,4460,1,'2012-04-12 11:37:35'),
  (426,166,4474,3,'2012-04-12 11:42:31'),
  (427,166,4474,3,'2012-04-12 11:44:44'),
  (428,166,4474,2,'2012-04-12 11:51:21'),
  (429,166,4460,3,'2012-04-12 14:28:23'),
  (430,166,4460,3,'2012-04-12 15:40:59'),
  (431,166,4455,3,'2012-04-13 09:19:31'),
  (432,166,4460,3,'2012-04-15 21:51:28'),
  (433,170,4455,1,'2012-04-16 14:27:00'),
  (434,170,4548,2,'2012-04-16 15:13:04'),
  (435,170,4549,2,'2012-04-16 15:13:27'),
  (436,170,4548,1,'2012-04-16 15:15:52'),
  (437,170,4452,1,'2012-04-16 15:21:58'),
  (438,166,4460,1,'2012-04-16 15:53:23'),
  (439,170,4553,2,'2012-04-16 17:11:19'),
  (440,170,4549,2,'2012-04-16 17:14:25'),
  (441,166,4460,3,'2012-04-16 18:34:18'),
  (442,166,4460,3,'2012-04-16 18:39:56'),
  (443,166,4460,2,'2012-04-17 13:52:05'),
  (444,166,4460,3,'2012-04-17 13:55:32'),
  (445,170,4548,1,'2012-04-17 14:59:41'),
  (446,170,4554,2,'2012-04-17 15:24:00'),
  (447,170,4554,3,'2012-04-17 15:31:10'),
  (448,170,4554,3,'2012-04-17 15:33:29'),
  (449,166,4460,3,'2012-04-17 16:29:47'),
  (450,166,4460,3,'2012-04-17 16:59:44'),
  (451,170,4554,1,'2012-04-17 17:37:54'),
  (452,164,4449,1,'2012-04-17 17:44:36'),
  (453,164,4449,3,'2012-04-17 17:47:12'),
  (454,164,4449,3,'2012-04-17 17:50:06'),
  (455,164,4449,3,'2012-04-17 17:50:45'),
  (456,166,4449,3,'2012-04-17 17:58:27'),
  (457,166,4458,3,'2012-04-17 17:58:58'),
  (458,166,4458,3,'2012-04-17 17:59:47'),
  (459,170,4458,3,'2012-04-17 18:07:34'),
  (460,170,4458,3,'2012-04-17 18:08:51'),
  (461,170,4458,3,'2012-04-17 18:10:18'),
  (462,170,4458,3,'2012-04-17 18:14:19'),
  (463,170,4460,3,'2012-04-17 18:26:14'),
  (464,170,4460,3,'2012-04-17 18:27:19'),
  (465,166,4460,1,'2012-04-18 10:15:00'),
  (466,164,4458,3,'2012-04-18 11:41:53'),
  (467,164,4458,3,'2012-04-18 11:44:30'),
  (468,166,4458,3,'2012-04-18 11:45:58'),
  (469,170,4458,3,'2012-04-18 11:47:17'),
  (470,166,4458,3,'2012-04-18 11:51:33'),
  (471,170,4458,3,'2012-04-18 12:24:09'),
  (472,166,4458,3,'2012-04-18 12:27:51'),
  (473,164,4458,3,'2012-04-18 12:33:36'),
  (474,166,4458,3,'2012-04-18 12:39:00'),
  (475,166,4460,1,'2012-04-18 13:08:48'),
  (476,166,4460,3,'2012-04-18 14:17:03'),
  (477,166,4548,1,'2012-04-18 14:25:10'),
  (478,172,4548,1,'2012-04-18 14:38:26'),
  (479,172,4548,1,'2012-04-18 14:46:12'),
  (480,166,4548,1,'2012-04-18 14:50:32'),
  (481,166,4460,1,'2012-04-18 15:16:47'),
  (482,166,4548,1,'2012-04-18 16:11:49'),
  (483,166,4481,2,'2012-04-18 16:44:23'),
  (484,166,4481,2,'2012-04-18 16:54:08'),
  (485,166,4481,2,'2012-04-18 16:54:08'),
  (486,166,4481,3,'2012-04-18 16:56:11'),
  (487,166,4481,3,'2012-04-18 16:56:48'),
  (488,166,4481,3,'2012-04-18 16:58:20'),
  (489,166,4460,3,'2012-04-18 16:58:58'),
  (490,166,4460,1,'2012-04-18 17:15:20'),
  (491,166,4460,1,'2012-04-18 17:27:02'),
  (492,166,4481,3,'2012-04-19 08:46:50'),
  (493,166,4548,1,'2012-04-19 10:56:18'),
  (494,173,4606,1,'2012-04-19 11:40:18'),
  (495,173,4460,2,'2012-04-19 14:11:23'),
  (496,173,4460,1,'2012-04-19 17:48:03'),
  (497,166,4460,1,'2012-04-20 13:28:47'),
  (498,164,4460,1,'2012-04-20 13:32:20'),
  (499,166,4460,1,'2012-04-20 13:32:36'),
  (500,173,4458,3,'2012-04-20 16:53:43'),
  (501,173,4458,3,'2012-04-20 16:55:04'),
  (502,166,4458,1,'2012-04-20 17:37:02'),
  (503,170,4458,1,'2012-04-20 17:37:30'),
  (504,164,4458,1,'2012-04-23 09:54:18'),
  (505,173,4548,1,'2012-04-23 16:17:56'),
  (506,173,4460,1,'2012-04-23 17:12:14'),
  (507,173,4460,2,'2012-04-23 17:13:51'),
  (508,173,4549,1,'2012-04-24 08:58:13'),
  (509,173,4548,1,'2012-04-24 08:58:48'),
  (510,173,4481,1,'2012-04-24 09:01:16'),
  (511,173,4576,1,'2012-04-24 09:06:28'),
  (512,173,4588,1,'2012-04-24 09:08:53'),
  (513,173,4608,2,'2012-04-24 09:23:42'),
  (514,173,4544,1,'2012-04-24 09:39:54'),
  (515,173,4608,3,'2012-04-24 09:46:33'),
  (516,173,4549,1,'2012-04-24 09:57:35'),
  (517,173,4481,2,'2012-04-24 09:57:41'),
  (518,173,4460,1,'2012-04-24 10:14:31'),
  (519,170,4460,1,'2012-04-24 10:15:37'),
  (520,166,4460,1,'2012-04-24 10:15:56'),
  (521,164,4460,1,'2012-04-24 10:16:25'),
  (522,173,4574,1,'2012-04-24 10:47:04'),
  (523,173,4481,2,'2012-04-24 11:32:46'),
  (524,166,4481,2,'2012-04-24 11:35:31'),
  (525,173,4481,2,'2012-04-24 11:36:27'),
  (526,166,4460,1,'2012-04-24 13:20:11'),
  (527,173,4549,1,'2012-04-24 13:55:04'),
  (528,173,4548,1,'2012-04-24 14:00:54'),
  (529,173,4608,3,'2012-04-24 14:09:16');

COMMIT;

#
# Data for the `meeting_admin` table  (LIMIT 0,500)
#

INSERT INTO `meeting_admin` (`meeting_id`, `user_id`) VALUES 
  (167,123),
  (169,123);

COMMIT;

#
# Data for the `meeting_agenda` table  (LIMIT 0,500)
#

INSERT INTO `meeting_agenda` (`id`, `meeting_id`, `topic`, `description`, `host`, `location`, `date`, `start_time`, `end_time`, `create_time`, `creator`, `modifier`, `modify_time`, `comments`, `state`, `attendee`) VALUES 
  (313,164,'test','asdfadf','asdf','','2012-02-29','22:30','22:30','2012-03-19 23:49:40',NULL,79,'2012-03-21 18:50:40',NULL,NULL,''),
  (329,166,'安顺公司致欢迎辞','安顺公司致欢迎辞','演讲人:张丽','','2012-03-23','09:00','09:10',NULL,NULL,79,'2012-03-29 17:56:58',NULL,NULL,''),
  (330,166,'刘总讲话','刘总讲话','演讲人:刘国锋','','2012-03-23','09:10','10:10',NULL,NULL,NULL,NULL,NULL,NULL,NULL),
  (331,166,'茶歇（合影）','茶歇（合影）','','','2012-03-23','10:10','10:30',NULL,NULL,NULL,NULL,NULL,NULL,NULL),
  (332,166,'公司创新机制介绍','公司创新机制介绍','演讲人:狄芸','','2012-03-23','10:30','11:00',NULL,NULL,NULL,NULL,NULL,NULL,NULL),
  (333,166,'科技创新重点工作介绍','科技创新重点工作介绍','演讲人:邹朝晖','','2012-03-23','11:00','11:30',NULL,NULL,NULL,NULL,NULL,NULL,NULL),
  (334,166,'创新在我身边活动方案宣贯','创新在我身边活动方案宣贯','演讲人:邹朝晖','','2012-03-23','11:30','11:50',NULL,NULL,NULL,NULL,NULL,NULL,NULL),
  (335,166,'“创新在我身边”活动启动仪式','“创新在我身边”活动启动仪式','','','2012-03-23','14:00','14:10',NULL,NULL,NULL,NULL,NULL,NULL,NULL),
  (336,166,'总部创新理念解读','总部创新理念解读','演讲人:杜倩','','2012-03-23','14:10','15:10',NULL,NULL,NULL,NULL,NULL,NULL,NULL),
  (337,166,'3个单位创新工作经验交流','3个单位创新工作经验交流','演讲人:安顺、数据部、客户服务中','','2012-03-23','15:10','15:55',NULL,NULL,NULL,NULL,NULL,NULL,NULL),
  (338,166,'3项创新成果介绍','3项创新成果介绍','演讲人:贵阳、黔东南、毕节','','2012-03-23','15:55','16:25',NULL,NULL,NULL,NULL,NULL,NULL,NULL),
  (339,166,'茶歇/参观','茶歇/参观','','','2012-03-23','16:25','16:55',NULL,NULL,NULL,NULL,NULL,NULL,NULL),
  (340,166,'创新示范基地授牌、创新颁奖','创新示范基地授牌、创新颁奖','','','2012-03-23','16:55','17:25',NULL,NULL,NULL,NULL,NULL,NULL,NULL),
  (341,166,'会议总结','会议总结','演讲人:狄芸','','2012-03-23','17:25','17:40',NULL,NULL,NULL,NULL,NULL,NULL,NULL),
  (342,168,'开幕致辞','嘉宾介绍，领导讲话，宣布会议开始。','主持人：张三','财富广场','2011-12-01','09:00','17:00',NULL,NULL,NULL,NULL,NULL,NULL,NULL),
  (343,170,'测试开始','测试开始','','移动','2012-04-16','14:30','15:00','2012-04-16 14:12:36',79,NULL,NULL,NULL,NULL,'4548,4452,4549,4455,4550,4456,4551,4552,4553,'),
  (344,170,'测试','测试1','刘鸥','省公司','2012-04-16','16:00','17:00','2012-04-16 14:14:19',79,NULL,NULL,NULL,NULL,'4548,4452,4549,4455,4550,4456,4551,4552,4553,'),
  (345,170,'测试2','测试2','','贵阳','2012-04-17','09:00','12:00','2012-04-16 14:15:29',79,NULL,NULL,NULL,NULL,'4548,4452,4549,4455,4550,4456,4551,4552,4553,'),
  (346,173,'刘国锋副总经理讲话','刘国锋副总经理讲话','陶建成','酒店21楼大会议室','2012-04-24','09:00','10:00',NULL,NULL,79,'2012-04-23 16:18:49',NULL,NULL,''),
  (347,173,'茶歇','茶歇','','酒店21楼大会议室','2012-04-24','10:00','10:20',NULL,NULL,79,'2012-04-23 16:20:11',NULL,NULL,''),
  (348,173,'综合部罗健总经理作2011年法律、安全管理工作报告','综合部罗健总经理作2011年法律、安全管理工作报告','陶建成','酒店21楼大会议室','2012-04-24','10:20','12:00',NULL,NULL,79,'2012-04-23 16:19:02',NULL,NULL,''),
  (349,173,'黔南分公司法律管理工作经验交流','黔南分公司法律管理工作经验交流','陶建成','酒店21楼大会议室','2012-04-24','14:00','14:30',NULL,NULL,79,'2012-04-23 16:19:09',NULL,NULL,''),
  (350,173,'六盘水分公司法律管理工作经验交流','六盘水分公司法律管理工作经验交流','陶建成','酒店21楼大会议室','2012-04-24','14:30','15:00',NULL,NULL,79,'2012-04-23 16:19:17',NULL,NULL,''),
  (351,173,'黔西南分公司法律管理工作经验交流','黔西南分公司法律管理工作经验交流','陶建成','酒店21楼大会议室','2012-04-24','15:00','15:30',NULL,NULL,79,'2012-04-23 16:19:26',NULL,NULL,''),
  (352,173,'贵阳分公司安全管理工作经验交流','贵阳分公司安全管理工作经验交流','陶建成','酒店21楼大会议室','2012-04-24','15:30','16:00',NULL,NULL,79,'2012-04-23 16:19:59',NULL,NULL,''),
  (353,173,'茶歇','茶歇','','酒店21楼大会议室','2012-04-24','16:00','16:20',NULL,NULL,79,'2012-04-23 16:20:33',NULL,NULL,''),
  (354,173,'黔东南分公司安全管理工作经验交流','黔东南分公司安全管理工作经验交流','陶建成','酒店21楼大会议室','2012-04-24','16:20','16:50',NULL,NULL,79,'2012-04-23 16:20:43',NULL,NULL,''),
  (355,173,'六盘水分公司安全管理工作经验交流','六盘水分公司安全管理工作经验交流','陶建成','酒店21楼大会议室','2012-04-24','16:50','17:20',NULL,NULL,79,'2012-04-23 16:20:52',NULL,NULL,''),
  (356,173,'基站防盗工作情况通报','基站防盗工作情况通报','陶建成','酒店21楼大会议室','2012-04-25','09:00','09:20',NULL,NULL,79,'2012-04-23 16:21:25',NULL,NULL,''),
  (357,173,'合同管理工作情况通报','合同管理工作情况通报','陶建成','酒店21楼大会议室','2012-04-25','09:20','09:40',NULL,NULL,79,'2012-04-23 16:21:33',NULL,NULL,''),
  (358,173,'茶歇','茶歇','','酒店21楼大会议室','2012-04-25','09:40','10:00',NULL,NULL,79,'2012-04-23 16:21:02',NULL,NULL,''),
  (359,173,'分组讨论','分组讨论','','','2012-04-25','10:00','11:40',NULL,NULL,NULL,NULL,NULL,NULL,NULL),
  (360,173,'综合部陶建成副总经理作会议总结','综合部陶建成副总经理作会议总结','石星','酒店21楼大会议室','2012-04-25','11:40','12:00',NULL,NULL,79,'2012-04-23 16:21:12',NULL,NULL,'');

COMMIT;

#
# Data for the `meeting_area` table  (LIMIT 0,500)
#

INSERT INTO `meeting_area` (`code`, `name`, `parent`) VALUES 
  ('10','安徽','province'),
  ('1058102','亳州','10'),
  ('1058116','淮北','10'),
  ('1058122','宿州','10'),
  ('1058203','阜阳','10'),
  ('1058221','蚌埠','10'),
  ('1058224','淮南','10'),
  ('1058236','滁州','10'),
  ('1058311','六安','10'),
  ('1058321','合肥','10'),
  ('1058326','巢湖','10'),
  ('1058334','芜湖','10'),
  ('1058336','马鞍山','10'),
  ('1058424','安庆','10'),
  ('1058427','池州','10'),
  ('1058429','铜陵','10'),
  ('1058433','宣城','10'),
  ('1058437','黄山','10'),
  ('11','澳门','province'),
  ('1145011','澳门','11'),
  ('12','北京','province'),
  ('1254511','北京','12'),
  ('13','福建','province'),
  ('1358828','三明','13'),
  ('1358834','南平','13'),
  ('1358846','宁德','13'),
  ('1358847','福州','13'),
  ('1358927','龙岩','13'),
  ('1358946','莆田','13'),
  ('1359126','漳州','13'),
  ('1359131','泉州','13'),
  ('1359134','厦门','13'),
  ('14','甘肃','province'),
  ('1452436','嘉峪关','14'),
  ('1452533','酒泉','14'),
  ('1452652','张掖','14'),
  ('1452675','金昌','14'),
  ('1452679','武威','14'),
  ('1452889','兰州','14'),
  ('1452896','白银','14'),
  ('1452984','临夏','14'),
  ('1452995','定西','14'),
  ('1453915','平凉','14'),
  ('1453923','庆阳','14'),
  ('1456080','合作','14'),
  ('1456096','陇南','14'),
  ('1457006','天水','14'),
  ('15','广东','province'),
  ('1559082','韶关','15'),
  ('1559109','梅州','15'),
  ('1559278','肇庆','15'),
  ('1559280','清远','15'),
  ('1559287','广州','15'),
  ('1559288','佛山','15'),
  ('1559289','东莞','15'),
  ('1559293','河源','15'),
  ('1559297','惠州','15'),
  ('1559312','潮州','15'),
  ('1559315','揭阳','15'),
  ('1559316','汕头','15'),
  ('1559471','云浮','15'),
  ('1559473','江门','15'),
  ('1559485','中山','15'),
  ('1559488','珠海','15'),
  ('1559493','深圳','15'),
  ('1559501','汕尾','15'),
  ('1559658','湛江','15'),
  ('1559659','茂名','15'),
  ('1559663','阳江','15'),
  ('16','广西','province'),
  ('1657957','桂林','16'),
  ('1659023','河池','16'),
  ('1659046','柳州','16'),
  ('1659065','贺州','16'),
  ('1659211','百色','16'),
  ('1659242','来宾','16'),
  ('1659249','贵港','16'),
  ('1659265','梧州','16'),
  ('1659425','崇左','16'),
  ('1659431','南宁','16'),
  ('1659453','玉林','16'),
  ('1659632','钦州','16'),
  ('1659635','防城港','16'),
  ('1659644','北海','16'),
  ('17','贵州','province'),
  ('1756693','六盘水','17'),
  ('1757707','毕节','17'),
  ('1757713','遵义','17'),
  ('1757741','铜仁','17'),
  ('1757806','安顺','17'),
  ('1757816','贵阳','17'),
  ('1757825','凯里','17'),
  ('1757827','都匀','17'),
  ('1757907','兴义','17'),
  ('18','海南','province'),
  ('1859758','海口','18'),
  ('1859838','东方','18'),
  ('1859845','儋州','18'),
  ('1859849','琼中','18'),
  ('1859855','琼海','18'),
  ('1859856','文昌','18'),
  ('1859941','五指山','18'),
  ('1859948','三亚','18'),
  ('19','河北','province'),
  ('1953698','石家庄','19'),
  ('1953798','邢台','19'),
  ('1953892','邯郸','19'),
  ('1954401','张家口','19'),
  ('1954423','承德','19'),
  ('1954449','秦皇岛','19'),
  ('1954515','廊坊','19'),
  ('1954534','唐山','19'),
  ('1954602','保定','19'),
  ('1954616','沧州','19'),
  ('1954702','衡水','19'),
  ('20','河南','province'),
  ('2053898','安阳','20'),
  ('2053978','济源','20'),
  ('2053982','焦作','20'),
  ('2053986','新乡','20'),
  ('2053990','鹤壁','20'),
  ('2054900','濮阳','20'),
  ('2057051','三门峡','20'),
  ('2057073','洛阳','20'),
  ('2057083','郑州','20'),
  ('2057089','许昌','20'),
  ('2057091','开封','20'),
  ('2057171','平顶山','20'),
  ('2057178','南阳','20'),
  ('2057186','漯河','20'),
  ('2057195','周口','20'),
  ('2057290','驻马店','20'),
  ('2057297','信阳','20'),
  ('2058005','商丘','20'),
  ('21','黑龙江','province'),
  ('2150442','大兴安岭','21'),
  ('2150468','黑河','21'),
  ('2150745','齐齐哈尔','21'),
  ('2150774','伊春','21'),
  ('2150775','鹤岗','21'),
  ('2150842','大庆','21'),
  ('2150853','绥化','21'),
  ('2150873','佳木斯','21'),
  ('2150884','双鸭山','21'),
  ('2150953','哈尔滨','21'),
  ('2150973','七台河','21'),
  ('2150978','鸡西','21'),
  ('2154094','牡丹江','21'),
  ('22','湖北','province'),
  ('2257252','十堰','22'),
  ('2257278','襄樊','22'),
  ('2257362','神农架','22'),
  ('2257377','荆门','22'),
  ('2257381','随州','22'),
  ('2257447','恩施','22'),
  ('2257461','宜昌','22'),
  ('2257475','潜江','22'),
  ('2257476','荆州','22'),
  ('2257482','孝感','22'),
  ('2257483','天门','22'),
  ('2257485','仙桃','22'),
  ('2257494','武汉','22'),
  ('2257496','鄂州','22'),
  ('2257498','黄冈','22'),
  ('2257590','咸宁','22'),
  ('2258407','黄石','22'),
  ('23','湖南','province'),
  ('2357558','张家界','23'),
  ('2357584','岳阳','23'),
  ('2357649','湘西','23'),
  ('2357662','常德','23'),
  ('2357674','益阳','23'),
  ('2357687','长沙','23'),
  ('2357749','怀化','23'),
  ('2357763','娄底','23'),
  ('2357766','邵阳','23'),
  ('2357773','湘潭','23'),
  ('2357780','株洲','23'),
  ('2357865','永州','23'),
  ('2357872','衡阳','23'),
  ('2357972','郴州','23'),
  ('24','吉林','province'),
  ('2450936','白城','24'),
  ('2450949','松原','24'),
  ('2454157','四平','24'),
  ('2454161','长春','24'),
  ('2454172','吉林','24'),
  ('2454260','辽源','24'),
  ('2454292','延边','24'),
  ('2454363','通化','24'),
  ('2454371','白山','24'),
  ('25','江苏','province'),
  ('2558027','徐州','25'),
  ('2558044','连云港','25'),
  ('2558131','宿迁','25'),
  ('2558141','淮安','25'),
  ('2558151','盐城','25'),
  ('2558238','南京','25'),
  ('2558245','扬州','25'),
  ('2558246','泰州','25'),
  ('2558248','镇江','25'),
  ('2558259','南通','25'),
  ('2558343','常州','25'),
  ('2558354','无锡','25'),
  ('2558357','苏州','25'),
  ('26','江西','province'),
  ('2657786','萍乡','26'),
  ('2657793','宜春','26'),
  ('2657796','新余','26'),
  ('2657799','吉安','26'),
  ('2657993','赣州','26'),
  ('2658502','九江','26'),
  ('2658527','景德镇','26'),
  ('2658606','南昌','26'),
  ('2658617','抚州','26'),
  ('2658627','鹰潭','26'),
  ('2658637','上饶','26'),
  ('27','辽宁','province'),
  ('2754237','阜新','27'),
  ('2754249','铁岭','27'),
  ('2754324','朝阳','27'),
  ('2754337','锦州','27'),
  ('2754338','盘锦','27'),
  ('2754339','鞍山','27'),
  ('2754342','沈阳','27'),
  ('2754346','本溪','27'),
  ('2754347','辽阳','27'),
  ('2754353','抚顺','27'),
  ('2754453','葫芦岛','27'),
  ('2754471','营口','27'),
  ('2754497','丹东','27'),
  ('2754662','大连','27'),
  ('28','内蒙古','province'),
  ('2850527','呼伦贝尔','28'),
  ('2850838','兴安盟','28'),
  ('2853446','包头','28'),
  ('2853463','呼和浩特','28'),
  ('2853480','乌兰察布','28'),
  ('2853512','乌海','28'),
  ('2853513','巴彦淖尔','28'),
  ('2853543','鄂尔多斯','28'),
  ('2853602','阿拉善','28'),
  ('2854102','锡林郭勒','28'),
  ('2854135','通辽','28'),
  ('2854218','赤峰','28'),
  ('29','宁夏','province'),
  ('2953518','石嘴山','29'),
  ('2953612','吴忠','29'),
  ('2953614','银川','29'),
  ('2953704','中卫','29'),
  ('2953817','固原','29'),
  ('30','青海','province'),
  ('3052737','德令哈','30'),
  ('3052853','海晏','30'),
  ('3052866','西宁','30'),
  ('3052875','海东','30'),
  ('3052957','共和','30'),
  ('3052968','同仁','30'),
  ('3056029','玉树','30'),
  ('3056043','果洛','30'),
  ('31','山东','province'),
  ('3154714','德州','31'),
  ('3154734','滨州','31'),
  ('3154736','东营','31'),
  ('3154765','烟台','31'),
  ('3154774','威海','31'),
  ('3154806','聊城','31'),
  ('3154823','济南','31'),
  ('3154827','泰安','31'),
  ('3154828','莱芜','31'),
  ('3154830','淄博','31'),
  ('3154843','潍坊','31'),
  ('3154857','青岛','31'),
  ('3154906','菏泽','31'),
  ('3154915','济宁','31'),
  ('3154938','临沂','31'),
  ('3154945','日照','31'),
  ('3158024','枣庄','31'),
  ('32','山西','province'),
  ('3253487','大同','32'),
  ('3253578','朔州','32'),
  ('3253674','忻州','32'),
  ('3253764','吕梁','32'),
  ('3253772','太原','32'),
  ('3253776','晋中','32'),
  ('3253782','阳泉','32'),
  ('3253868','临汾','32'),
  ('3253882','长治','32'),
  ('3253959','运城','32'),
  ('3253976','晋城','32'),
  ('33','陕西','province'),
  ('3353646','榆林','33'),
  ('3353845','延安','33'),
  ('3353947','铜川','33'),
  ('3357016','宝鸡','33'),
  ('3357036','西安','33'),
  ('3357045','渭南','33'),
  ('3357048','咸阳','33'),
  ('3357127','汉中','33'),
  ('3357143','商洛','33'),
  ('3357245','安康','33'),
  ('34','上海','province'),
  ('3458362','上海','34'),
  ('35','四川','province'),
  ('3556146','甘孜','35'),
  ('3556171','阿坝','35'),
  ('3556196','绵阳','35'),
  ('3556198','德阳','35'),
  ('3556287','雅安','35'),
  ('3556294','成都','35'),
  ('3556298','资阳','35'),
  ('3556386','乐山','35'),
  ('3556391','眉山','35'),
  ('3556396','自贡','35'),
  ('3556492','宜宾','35'),
  ('3556571','西昌','35'),
  ('3556666','攀枝花','35'),
  ('3557206','广元','35'),
  ('3557313','巴中','35'),
  ('3557328','达州','35'),
  ('3557405','遂宁','35'),
  ('3557411','南充','35'),
  ('3557415','广安','35'),
  ('3557504','内江','35'),
  ('3557602','泸州','35'),
  ('36','台湾','province'),
  ('3658968','台北','36'),
  ('3659158','台中','36'),
  ('3659554','高雄','36'),
  ('37','天津','province'),
  ('3754527','天津','37'),
  ('38','西藏','province'),
  ('3855299','那曲','38'),
  ('3855437','阿里','38'),
  ('3855578','日喀则','38'),
  ('3855591','拉萨','38'),
  ('3855597','山南','38'),
  ('3856137','昌都','38'),
  ('3856312','林芝','38'),
  ('39','香港','province'),
  ('3945007','香港','39'),
  ('40','新疆','province'),
  ('4051076','阿勒泰','40'),
  ('4051133','塔城','40'),
  ('4051238','博乐','40'),
  ('4051243','克拉玛依','40'),
  ('4051356','石河子','40'),
  ('4051368','昌吉','40'),
  ('4051431','伊宁','40'),
  ('4051463','乌鲁木齐','40'),
  ('4051573','吐鲁番','40'),
  ('4051628','阿克苏','40'),
  ('4051656','库尔勒','40'),
  ('4051704','阿图什','40'),
  ('4051709','喀什','40'),
  ('4051730','阿拉尔','40'),
  ('4051828','和田','40'),
  ('4052203','哈密','40'),
  ('41','云南','province'),
  ('4156444','迪庆','41'),
  ('4156586','昭通','41'),
  ('4156643','怒江','41'),
  ('4156651','丽江','41'),
  ('4156748','保山','41'),
  ('4156751','大理','41'),
  ('4156768','楚雄','41'),
  ('4156778','昆明','41'),
  ('4156783','曲靖','41'),
  ('4156844','德宏','41'),
  ('4156875','玉溪','41'),
  ('4156951','临沧','41'),
  ('4156959','西双版纳','41'),
  ('4156964','思茅','41'),
  ('4156975','红河','41'),
  ('4156994','文山','41'),
  ('42','浙江','province'),
  ('4258450','湖州','42'),
  ('4258452','嘉兴','42'),
  ('4258453','绍兴','42'),
  ('4258457','杭州','42'),
  ('4258465','宁波','42'),
  ('4258477','舟山','42'),
  ('4258549','金华','42'),
  ('4258633','衢州','42'),
  ('4258646','丽水','42'),
  ('4258651','台州','42'),
  ('4258659','温州','42'),
  ('43','重庆','province'),
  ('4357516','重庆','43');

COMMIT;

#
# Data for the `meeting_client_menu` table  (LIMIT 0,500)
#

INSERT INTO `meeting_client_menu` (`meeting_id`, `menu_id`, `sort`, `member_level`, `terminal_Type`) VALUES 
  (162,2912,0,1,'WAP'),
  (162,2912,0,2,'WAP'),
  (162,2912,0,3,'WAP'),
  (162,2912,0,4,'WAP'),
  (162,2912,0,5,'WAP'),
  (162,2913,1,1,'WAP'),
  (162,2913,1,2,'WAP'),
  (162,2913,1,3,'WAP'),
  (162,2913,1,4,'WAP'),
  (162,2913,1,5,'WAP'),
  (162,2914,2,1,'WAP'),
  (162,2914,2,2,'WAP'),
  (162,2914,2,3,'WAP'),
  (162,2914,2,4,'WAP'),
  (162,2914,2,5,'WAP'),
  (162,2915,3,1,'WAP'),
  (162,2915,3,2,'WAP'),
  (162,2915,3,3,'WAP'),
  (162,2915,3,4,'WAP'),
  (162,2915,3,5,'WAP'),
  (162,2916,4,1,'WAP'),
  (162,2916,4,2,'WAP'),
  (162,2916,4,3,'WAP'),
  (162,2916,4,4,'WAP'),
  (162,2916,4,5,'WAP'),
  (162,2917,5,1,'WAP'),
  (162,2917,5,2,'WAP'),
  (162,2917,5,3,'WAP'),
  (162,2917,5,4,'WAP'),
  (162,2917,5,5,'WAP'),
  (162,2919,7,1,'WAP'),
  (162,2919,7,2,'WAP'),
  (162,2919,7,3,'WAP'),
  (162,2919,7,4,'WAP'),
  (162,2919,7,5,'WAP'),
  (162,2920,9,1,'WAP'),
  (162,2920,9,2,'WAP'),
  (162,2920,9,3,'WAP'),
  (162,2920,9,4,'WAP'),
  (162,2920,9,5,'WAP'),
  (162,2921,10,1,'WAP'),
  (162,2921,10,2,'WAP'),
  (162,2921,10,3,'WAP'),
  (162,2921,10,4,'WAP'),
  (162,2921,10,5,'WAP'),
  (162,2922,13,1,'WAP'),
  (162,2922,13,2,'WAP'),
  (162,2922,13,3,'WAP'),
  (162,2922,13,4,'WAP'),
  (162,2922,13,5,'WAP'),
  (162,2923,0,1,'WEB'),
  (162,2923,0,2,'WEB'),
  (162,2923,0,3,'WEB'),
  (162,2923,0,4,'WEB'),
  (162,2923,0,5,'WEB'),
  (162,2924,1,1,'WEB'),
  (162,2924,1,2,'WEB'),
  (162,2924,1,3,'WEB'),
  (162,2924,1,4,'WEB'),
  (162,2924,1,5,'WEB'),
  (162,2925,2,1,'WEB'),
  (162,2925,2,2,'WEB'),
  (162,2925,2,3,'WEB'),
  (162,2925,2,4,'WEB'),
  (162,2925,2,5,'WEB'),
  (162,2926,3,1,'WEB'),
  (162,2926,3,2,'WEB'),
  (162,2926,3,3,'WEB'),
  (162,2926,3,4,'WEB'),
  (162,2926,3,5,'WEB'),
  (162,2927,4,1,'WEB'),
  (162,2927,4,2,'WEB'),
  (162,2927,4,3,'WEB'),
  (162,2927,4,4,'WEB'),
  (162,2927,4,5,'WEB'),
  (162,2929,6,1,'WEB'),
  (162,2929,6,2,'WEB'),
  (162,2929,6,3,'WEB'),
  (162,2929,6,4,'WEB'),
  (162,2929,6,5,'WEB'),
  (162,2930,10,1,'WEB'),
  (162,2930,10,2,'WEB'),
  (162,2930,10,3,'WEB'),
  (162,2930,10,4,'WEB'),
  (162,2930,10,5,'WEB'),
  (162,2931,11,1,'WEB'),
  (162,2931,11,2,'WEB'),
  (162,2931,11,3,'WEB'),
  (162,2931,11,4,'WEB'),
  (162,2931,11,5,'WEB'),
  (162,2932,12,1,'WEB'),
  (162,2932,12,2,'WEB'),
  (162,2932,12,3,'WEB'),
  (162,2932,12,4,'WEB'),
  (162,2932,12,5,'WEB'),
  (162,2933,14,1,'WEB'),
  (162,2933,14,2,'WEB'),
  (162,2933,14,3,'WEB'),
  (162,2933,14,4,'WEB'),
  (162,2933,14,5,'WEB'),
  (162,2934,7,1,'WEB'),
  (162,2934,7,2,'WEB'),
  (162,2934,7,3,'WEB'),
  (162,2934,7,4,'WEB'),
  (162,2934,7,5,'WEB'),
  (162,2935,13,1,'WEB'),
  (162,2935,13,2,'WEB'),
  (162,2935,13,3,'WEB'),
  (162,2935,13,4,'WEB'),
  (162,2935,13,5,'WEB'),
  (162,2936,14,1,'WAP'),
  (162,2936,14,2,'WAP'),
  (162,2936,14,3,'WAP'),
  (162,2936,14,4,'WAP'),
  (162,2936,14,5,'WAP'),
  (162,2937,5,1,'WEB'),
  (162,2937,5,2,'WEB'),
  (162,2937,5,3,'WEB'),
  (162,2937,5,4,'WEB'),
  (162,2937,5,5,'WEB'),
  (162,2938,6,1,'WAP'),
  (162,2938,6,2,'WAP'),
  (162,2938,6,3,'WAP'),
  (162,2938,6,4,'WAP'),
  (162,2938,6,5,'WAP'),
  (162,2939,8,1,'WEB'),
  (162,2939,8,2,'WEB'),
  (162,2939,8,3,'WEB'),
  (162,2939,8,4,'WEB'),
  (162,2939,8,5,'WEB'),
  (162,2940,11,1,'WAP'),
  (162,2940,11,2,'WAP'),
  (162,2940,11,3,'WAP'),
  (162,2940,11,4,'WAP'),
  (162,2940,11,5,'WAP'),
  (162,2941,12,1,'WAP'),
  (162,2941,12,2,'WAP'),
  (162,2941,12,3,'WAP'),
  (162,2941,12,4,'WAP'),
  (162,2941,12,5,'WAP'),
  (162,2942,9,1,'WEB'),
  (162,2942,9,2,'WEB'),
  (162,2942,9,3,'WEB'),
  (162,2942,9,4,'WEB'),
  (162,2942,9,5,'WEB'),
  (162,2943,8,1,'WAP'),
  (162,2943,8,2,'WAP'),
  (162,2943,8,3,'WAP'),
  (162,2943,8,4,'WAP'),
  (162,2943,8,5,'WAP'),
  (162,2944,15,1,'WEB'),
  (162,2944,15,2,'WEB'),
  (162,2944,15,3,'WEB'),
  (162,2944,15,4,'WEB'),
  (162,2944,15,5,'WEB'),
  (162,2945,15,1,'WAP'),
  (162,2945,15,2,'WAP'),
  (162,2945,15,3,'WAP'),
  (162,2945,15,4,'WAP'),
  (162,2945,15,5,'WAP'),
  (163,2946,0,1,'WAP'),
  (163,2946,0,2,'WAP'),
  (163,2946,0,3,'WAP'),
  (163,2946,0,4,'WAP'),
  (163,2946,0,5,'WAP'),
  (163,2947,1,1,'WAP'),
  (163,2947,1,2,'WAP'),
  (163,2947,1,3,'WAP'),
  (163,2947,1,4,'WAP'),
  (163,2947,1,5,'WAP'),
  (163,2948,2,1,'WAP'),
  (163,2948,2,2,'WAP'),
  (163,2948,2,3,'WAP'),
  (163,2948,2,4,'WAP'),
  (163,2948,2,5,'WAP'),
  (163,2949,3,1,'WAP'),
  (163,2949,3,2,'WAP'),
  (163,2949,3,3,'WAP'),
  (163,2949,3,4,'WAP'),
  (163,2949,3,5,'WAP'),
  (163,2950,4,1,'WAP'),
  (163,2950,4,2,'WAP'),
  (163,2950,4,3,'WAP'),
  (163,2950,4,4,'WAP'),
  (163,2950,4,5,'WAP'),
  (163,2951,5,1,'WAP'),
  (163,2951,5,2,'WAP'),
  (163,2951,5,3,'WAP'),
  (163,2951,5,4,'WAP'),
  (163,2951,5,5,'WAP'),
  (163,2953,7,1,'WAP'),
  (163,2953,7,2,'WAP'),
  (163,2953,7,3,'WAP'),
  (163,2953,7,4,'WAP'),
  (163,2953,7,5,'WAP'),
  (163,2954,9,1,'WAP'),
  (163,2954,9,2,'WAP'),
  (163,2954,9,3,'WAP'),
  (163,2954,9,4,'WAP'),
  (163,2954,9,5,'WAP'),
  (163,2955,10,1,'WAP'),
  (163,2955,10,2,'WAP'),
  (163,2955,10,3,'WAP'),
  (163,2955,10,4,'WAP'),
  (163,2955,10,5,'WAP'),
  (163,2956,13,1,'WAP'),
  (163,2956,13,2,'WAP'),
  (163,2956,13,3,'WAP'),
  (163,2956,13,4,'WAP'),
  (163,2956,13,5,'WAP'),
  (163,2957,0,1,'WEB'),
  (163,2957,0,2,'WEB'),
  (163,2957,0,3,'WEB'),
  (163,2957,0,4,'WEB'),
  (163,2957,0,5,'WEB'),
  (163,2958,1,1,'WEB'),
  (163,2958,1,2,'WEB'),
  (163,2958,1,3,'WEB'),
  (163,2958,1,4,'WEB'),
  (163,2958,1,5,'WEB'),
  (163,2959,2,1,'WEB'),
  (163,2959,2,2,'WEB'),
  (163,2959,2,3,'WEB'),
  (163,2959,2,4,'WEB'),
  (163,2959,2,5,'WEB'),
  (163,2960,3,1,'WEB'),
  (163,2960,3,2,'WEB'),
  (163,2960,3,3,'WEB'),
  (163,2960,3,4,'WEB'),
  (163,2960,3,5,'WEB'),
  (163,2961,4,1,'WEB'),
  (163,2961,4,2,'WEB'),
  (163,2961,4,3,'WEB'),
  (163,2961,4,4,'WEB'),
  (163,2961,4,5,'WEB'),
  (163,2963,6,1,'WEB'),
  (163,2963,6,2,'WEB'),
  (163,2963,6,3,'WEB'),
  (163,2963,6,4,'WEB'),
  (163,2963,6,5,'WEB'),
  (163,2964,10,1,'WEB'),
  (163,2964,10,2,'WEB'),
  (163,2964,10,3,'WEB'),
  (163,2964,10,4,'WEB'),
  (163,2964,10,5,'WEB'),
  (163,2965,11,1,'WEB'),
  (163,2965,11,2,'WEB'),
  (163,2965,11,3,'WEB'),
  (163,2965,11,4,'WEB'),
  (163,2965,11,5,'WEB'),
  (163,2966,12,1,'WEB'),
  (163,2966,12,2,'WEB'),
  (163,2966,12,3,'WEB'),
  (163,2966,12,4,'WEB'),
  (163,2966,12,5,'WEB'),
  (163,2967,14,1,'WEB'),
  (163,2967,14,2,'WEB'),
  (163,2967,14,3,'WEB'),
  (163,2967,14,4,'WEB'),
  (163,2967,14,5,'WEB'),
  (163,2968,7,1,'WEB'),
  (163,2968,7,2,'WEB'),
  (163,2968,7,3,'WEB'),
  (163,2968,7,4,'WEB'),
  (163,2968,7,5,'WEB'),
  (163,2969,13,1,'WEB'),
  (163,2969,13,2,'WEB'),
  (163,2969,13,3,'WEB'),
  (163,2969,13,4,'WEB'),
  (163,2969,13,5,'WEB'),
  (163,2970,14,1,'WAP'),
  (163,2970,14,2,'WAP'),
  (163,2970,14,3,'WAP'),
  (163,2970,14,4,'WAP'),
  (163,2970,14,5,'WAP'),
  (163,2971,5,1,'WEB'),
  (163,2971,5,2,'WEB'),
  (163,2971,5,3,'WEB'),
  (163,2971,5,4,'WEB'),
  (163,2971,5,5,'WEB'),
  (163,2972,6,1,'WAP'),
  (163,2972,6,2,'WAP'),
  (163,2972,6,3,'WAP'),
  (163,2972,6,4,'WAP'),
  (163,2972,6,5,'WAP'),
  (163,2973,8,1,'WEB'),
  (163,2973,8,2,'WEB'),
  (163,2973,8,3,'WEB'),
  (163,2973,8,4,'WEB'),
  (163,2973,8,5,'WEB'),
  (163,2974,11,1,'WAP'),
  (163,2974,11,2,'WAP'),
  (163,2974,11,3,'WAP'),
  (163,2974,11,4,'WAP'),
  (163,2974,11,5,'WAP'),
  (163,2975,12,1,'WAP'),
  (163,2975,12,2,'WAP'),
  (163,2975,12,3,'WAP'),
  (163,2975,12,4,'WAP'),
  (163,2975,12,5,'WAP'),
  (163,2976,9,1,'WEB'),
  (163,2976,9,2,'WEB'),
  (163,2976,9,3,'WEB'),
  (163,2976,9,4,'WEB'),
  (163,2976,9,5,'WEB'),
  (163,2977,8,1,'WAP'),
  (163,2977,8,2,'WAP'),
  (163,2977,8,3,'WAP'),
  (163,2977,8,4,'WAP'),
  (163,2977,8,5,'WAP'),
  (163,2978,15,1,'WEB'),
  (163,2978,15,2,'WEB'),
  (163,2978,15,3,'WEB'),
  (163,2978,15,4,'WEB'),
  (163,2978,15,5,'WEB'),
  (163,2979,15,1,'WAP'),
  (163,2979,15,2,'WAP'),
  (163,2979,15,3,'WAP'),
  (163,2979,15,4,'WAP'),
  (163,2979,15,5,'WAP'),
  (164,2980,0,1,'WAP'),
  (164,2980,0,2,'WAP'),
  (164,2980,0,3,'WAP'),
  (164,2980,0,4,'WAP'),
  (164,2980,0,5,'WAP'),
  (164,2981,1,1,'WAP'),
  (164,2981,1,2,'WAP'),
  (164,2981,1,3,'WAP'),
  (164,2981,1,4,'WAP'),
  (164,2981,1,5,'WAP'),
  (164,2982,2,1,'WAP'),
  (164,2982,2,2,'WAP'),
  (164,2982,2,3,'WAP'),
  (164,2982,2,4,'WAP'),
  (164,2982,2,5,'WAP'),
  (164,2983,3,1,'WAP'),
  (164,2983,3,2,'WAP'),
  (164,2983,3,3,'WAP'),
  (164,2983,3,4,'WAP'),
  (164,2983,3,5,'WAP'),
  (164,2984,4,1,'WAP'),
  (164,2984,4,2,'WAP'),
  (164,2984,4,3,'WAP'),
  (164,2984,4,4,'WAP'),
  (164,2984,4,5,'WAP'),
  (164,2985,5,1,'WAP'),
  (164,2985,5,2,'WAP'),
  (164,2985,5,3,'WAP'),
  (164,2985,5,4,'WAP'),
  (164,2985,5,5,'WAP'),
  (164,2986,2,1,'WAP'),
  (164,2987,7,1,'WAP'),
  (164,2987,7,2,'WAP'),
  (164,2987,7,3,'WAP'),
  (164,2987,7,4,'WAP'),
  (164,2987,7,5,'WAP'),
  (164,2988,9,1,'WAP'),
  (164,2988,9,2,'WAP'),
  (164,2988,9,3,'WAP'),
  (164,2988,9,4,'WAP'),
  (164,2988,9,5,'WAP'),
  (164,2989,10,1,'WAP'),
  (164,2989,10,2,'WAP'),
  (164,2989,10,3,'WAP'),
  (164,2989,10,4,'WAP'),
  (164,2989,10,5,'WAP'),
  (164,2990,13,1,'WAP'),
  (164,2990,13,2,'WAP'),
  (164,2990,13,3,'WAP'),
  (164,2990,13,4,'WAP'),
  (164,2990,13,5,'WAP'),
  (164,2991,0,1,'WEB'),
  (164,2991,0,2,'WEB'),
  (164,2991,0,3,'WEB'),
  (164,2991,0,4,'WEB'),
  (164,2991,0,5,'WEB'),
  (164,2992,1,1,'WEB'),
  (164,2992,1,2,'WEB'),
  (164,2992,1,3,'WEB'),
  (164,2992,1,4,'WEB'),
  (164,2992,1,5,'WEB'),
  (164,2993,2,1,'WEB'),
  (164,2993,2,2,'WEB'),
  (164,2993,2,3,'WEB'),
  (164,2993,2,4,'WEB'),
  (164,2993,2,5,'WEB'),
  (164,2994,3,1,'WEB'),
  (164,2994,3,2,'WEB'),
  (164,2994,3,3,'WEB'),
  (164,2994,3,4,'WEB'),
  (164,2994,3,5,'WEB'),
  (164,2995,4,1,'WEB'),
  (164,2995,4,2,'WEB'),
  (164,2995,4,3,'WEB'),
  (164,2995,4,4,'WEB'),
  (164,2995,4,5,'WEB'),
  (164,2996,2,1,'WEB'),
  (164,2997,6,1,'WEB'),
  (164,2997,6,2,'WEB'),
  (164,2997,6,3,'WEB'),
  (164,2997,6,4,'WEB'),
  (164,2997,6,5,'WEB'),
  (164,2998,10,1,'WEB'),
  (164,2998,10,2,'WEB'),
  (164,2998,10,3,'WEB'),
  (164,2998,10,4,'WEB'),
  (164,2998,10,5,'WEB'),
  (164,2999,11,1,'WEB'),
  (164,2999,11,2,'WEB'),
  (164,2999,11,3,'WEB'),
  (164,2999,11,4,'WEB'),
  (164,2999,11,5,'WEB'),
  (164,3000,12,1,'WEB'),
  (164,3000,12,2,'WEB'),
  (164,3000,12,3,'WEB'),
  (164,3000,12,4,'WEB'),
  (164,3000,12,5,'WEB'),
  (164,3001,14,1,'WEB'),
  (164,3001,14,2,'WEB'),
  (164,3001,14,3,'WEB'),
  (164,3001,14,4,'WEB'),
  (164,3001,14,5,'WEB'),
  (164,3002,7,1,'WEB'),
  (164,3002,7,2,'WEB'),
  (164,3002,7,3,'WEB'),
  (164,3002,7,4,'WEB'),
  (164,3002,7,5,'WEB'),
  (164,3003,13,1,'WEB'),
  (164,3003,13,2,'WEB'),
  (164,3003,13,3,'WEB'),
  (164,3003,13,4,'WEB'),
  (164,3003,13,5,'WEB'),
  (164,3004,14,1,'WAP'),
  (164,3004,14,2,'WAP'),
  (164,3004,14,3,'WAP'),
  (164,3004,14,4,'WAP'),
  (164,3004,14,5,'WAP'),
  (164,3005,5,1,'WEB'),
  (164,3005,5,2,'WEB'),
  (164,3005,5,3,'WEB'),
  (164,3005,5,4,'WEB'),
  (164,3005,5,5,'WEB'),
  (164,3006,6,1,'WAP'),
  (164,3006,6,2,'WAP'),
  (164,3006,6,3,'WAP'),
  (164,3006,6,4,'WAP'),
  (164,3006,6,5,'WAP'),
  (164,3007,8,1,'WEB'),
  (164,3007,8,2,'WEB'),
  (164,3007,8,3,'WEB'),
  (164,3007,8,4,'WEB'),
  (164,3007,8,5,'WEB'),
  (164,3008,11,1,'WAP'),
  (164,3008,11,2,'WAP'),
  (164,3008,11,3,'WAP'),
  (164,3008,11,4,'WAP'),
  (164,3008,11,5,'WAP'),
  (164,3009,12,1,'WAP'),
  (164,3009,12,2,'WAP'),
  (164,3009,12,3,'WAP'),
  (164,3009,12,4,'WAP'),
  (164,3009,12,5,'WAP'),
  (164,3010,9,1,'WEB'),
  (164,3010,9,2,'WEB'),
  (164,3010,9,3,'WEB'),
  (164,3010,9,4,'WEB'),
  (164,3010,9,5,'WEB'),
  (164,3011,8,1,'WAP'),
  (164,3011,8,2,'WAP'),
  (164,3011,8,3,'WAP'),
  (164,3011,8,4,'WAP'),
  (164,3011,8,5,'WAP'),
  (164,3012,15,1,'WEB'),
  (164,3012,15,2,'WEB'),
  (164,3012,15,3,'WEB'),
  (164,3012,15,4,'WEB'),
  (164,3012,15,5,'WEB'),
  (164,3013,15,1,'WAP'),
  (164,3013,15,2,'WAP'),
  (164,3013,15,3,'WAP'),
  (164,3013,15,4,'WAP'),
  (164,3013,15,5,'WAP'),
  (164,3016,1,1,'WEB'),
  (164,3169,1,1,'CLIENT'),
  (164,3170,2,1,'CLIENT'),
  (164,3171,3,1,'CLIENT'),
  (164,3172,4,1,'CLIENT'),
  (164,3173,5,1,'CLIENT'),
  (164,3174,6,1,'CLIENT'),
  (164,3175,7,1,'CLIENT'),
  (164,3176,8,1,'CLIENT'),
  (164,3177,9,1,'CLIENT'),
  (164,3178,10,1,'CLIENT'),
  (164,3179,11,1,'CLIENT'),
  (164,3180,12,1,'CLIENT'),
  (164,3182,14,1,'CLIENT'),
  (164,3183,15,1,'CLIENT'),
  (164,3184,16,1,'CLIENT'),
  (164,3332,1,1,'TOUCH'),
  (164,3333,2,1,'TOUCH');

COMMIT;

#
# Data for the `meeting_client_menu` table  (LIMIT 500,500)
#

INSERT INTO `meeting_client_menu` (`meeting_id`, `menu_id`, `sort`, `member_level`, `terminal_Type`) VALUES 
  (164,3334,3,1,'TOUCH'),
  (164,3335,4,1,'TOUCH'),
  (164,3336,5,1,'TOUCH'),
  (164,3337,6,1,'TOUCH'),
  (164,3338,7,1,'TOUCH'),
  (164,3339,8,1,'TOUCH'),
  (164,3340,9,1,'TOUCH'),
  (164,3341,10,1,'TOUCH'),
  (164,3342,11,1,'TOUCH'),
  (164,3343,12,1,'TOUCH'),
  (164,3344,13,1,'TOUCH'),
  (164,3373,1,1,'TOUCH'),
  (164,3374,2,1,'TOUCH'),
  (165,3017,0,1,'WAP'),
  (165,3017,0,2,'WAP'),
  (165,3017,0,3,'WAP'),
  (165,3017,0,4,'WAP'),
  (165,3017,0,5,'WAP'),
  (165,3018,1,1,'WAP'),
  (165,3018,1,2,'WAP'),
  (165,3018,1,3,'WAP'),
  (165,3018,1,4,'WAP'),
  (165,3018,1,5,'WAP'),
  (165,3019,2,1,'WAP'),
  (165,3019,2,2,'WAP'),
  (165,3019,2,3,'WAP'),
  (165,3019,2,4,'WAP'),
  (165,3019,2,5,'WAP'),
  (165,3020,3,1,'WAP'),
  (165,3020,3,2,'WAP'),
  (165,3020,3,3,'WAP'),
  (165,3020,3,4,'WAP'),
  (165,3020,3,5,'WAP'),
  (165,3021,4,1,'WAP'),
  (165,3021,4,2,'WAP'),
  (165,3021,4,3,'WAP'),
  (165,3021,4,4,'WAP'),
  (165,3021,4,5,'WAP'),
  (165,3022,5,1,'WAP'),
  (165,3022,5,2,'WAP'),
  (165,3022,5,3,'WAP'),
  (165,3022,5,4,'WAP'),
  (165,3022,5,5,'WAP'),
  (165,3024,7,1,'WAP'),
  (165,3024,7,2,'WAP'),
  (165,3024,7,3,'WAP'),
  (165,3024,7,4,'WAP'),
  (165,3024,7,5,'WAP'),
  (165,3025,9,1,'WAP'),
  (165,3025,9,2,'WAP'),
  (165,3025,9,3,'WAP'),
  (165,3025,9,4,'WAP'),
  (165,3025,9,5,'WAP'),
  (165,3026,10,1,'WAP'),
  (165,3026,10,2,'WAP'),
  (165,3026,10,3,'WAP'),
  (165,3026,10,4,'WAP'),
  (165,3026,10,5,'WAP'),
  (165,3027,13,1,'WAP'),
  (165,3027,13,2,'WAP'),
  (165,3027,13,3,'WAP'),
  (165,3027,13,4,'WAP'),
  (165,3027,13,5,'WAP'),
  (165,3028,0,1,'WEB'),
  (165,3028,0,2,'WEB'),
  (165,3028,0,3,'WEB'),
  (165,3028,0,4,'WEB'),
  (165,3028,0,5,'WEB'),
  (165,3029,1,1,'WEB'),
  (165,3029,1,2,'WEB'),
  (165,3029,1,3,'WEB'),
  (165,3029,1,4,'WEB'),
  (165,3029,1,5,'WEB'),
  (165,3030,2,1,'WEB'),
  (165,3030,2,2,'WEB'),
  (165,3030,2,3,'WEB'),
  (165,3030,2,4,'WEB'),
  (165,3030,2,5,'WEB'),
  (165,3031,3,1,'WEB'),
  (165,3031,3,2,'WEB'),
  (165,3031,3,3,'WEB'),
  (165,3031,3,4,'WEB'),
  (165,3031,3,5,'WEB'),
  (165,3032,4,1,'WEB'),
  (165,3032,4,2,'WEB'),
  (165,3032,4,3,'WEB'),
  (165,3032,4,4,'WEB'),
  (165,3032,4,5,'WEB'),
  (165,3034,6,1,'WEB'),
  (165,3034,6,2,'WEB'),
  (165,3034,6,3,'WEB'),
  (165,3034,6,4,'WEB'),
  (165,3034,6,5,'WEB'),
  (165,3035,10,1,'WEB'),
  (165,3035,10,2,'WEB'),
  (165,3035,10,3,'WEB'),
  (165,3035,10,4,'WEB'),
  (165,3035,10,5,'WEB'),
  (165,3036,11,1,'WEB'),
  (165,3036,11,2,'WEB'),
  (165,3036,11,3,'WEB'),
  (165,3036,11,4,'WEB'),
  (165,3036,11,5,'WEB'),
  (165,3037,12,1,'WEB'),
  (165,3037,12,2,'WEB'),
  (165,3037,12,3,'WEB'),
  (165,3037,12,4,'WEB'),
  (165,3037,12,5,'WEB'),
  (165,3038,14,1,'WEB'),
  (165,3038,14,2,'WEB'),
  (165,3038,14,3,'WEB'),
  (165,3038,14,4,'WEB'),
  (165,3038,14,5,'WEB'),
  (165,3039,7,1,'WEB'),
  (165,3039,7,2,'WEB'),
  (165,3039,7,3,'WEB'),
  (165,3039,7,4,'WEB'),
  (165,3039,7,5,'WEB'),
  (165,3040,13,1,'WEB'),
  (165,3040,13,2,'WEB'),
  (165,3040,13,3,'WEB'),
  (165,3040,13,4,'WEB'),
  (165,3040,13,5,'WEB'),
  (165,3041,14,1,'WAP'),
  (165,3041,14,2,'WAP'),
  (165,3041,14,3,'WAP'),
  (165,3041,14,4,'WAP'),
  (165,3041,14,5,'WAP'),
  (165,3042,5,1,'WEB'),
  (165,3042,5,2,'WEB'),
  (165,3042,5,3,'WEB'),
  (165,3042,5,4,'WEB'),
  (165,3042,5,5,'WEB'),
  (165,3043,6,1,'WAP'),
  (165,3043,6,2,'WAP'),
  (165,3043,6,3,'WAP'),
  (165,3043,6,4,'WAP'),
  (165,3043,6,5,'WAP'),
  (165,3044,8,1,'WEB'),
  (165,3044,8,2,'WEB'),
  (165,3044,8,3,'WEB'),
  (165,3044,8,4,'WEB'),
  (165,3044,8,5,'WEB'),
  (165,3045,11,1,'WAP'),
  (165,3045,11,2,'WAP'),
  (165,3045,11,3,'WAP'),
  (165,3045,11,4,'WAP'),
  (165,3045,11,5,'WAP'),
  (165,3046,12,1,'WAP'),
  (165,3046,12,2,'WAP'),
  (165,3046,12,3,'WAP'),
  (165,3046,12,4,'WAP'),
  (165,3046,12,5,'WAP'),
  (165,3047,9,1,'WEB'),
  (165,3047,9,2,'WEB'),
  (165,3047,9,3,'WEB'),
  (165,3047,9,4,'WEB'),
  (165,3047,9,5,'WEB'),
  (165,3048,8,1,'WAP'),
  (165,3048,8,2,'WAP'),
  (165,3048,8,3,'WAP'),
  (165,3048,8,4,'WAP'),
  (165,3048,8,5,'WAP'),
  (165,3049,15,1,'WEB'),
  (165,3049,15,2,'WEB'),
  (165,3049,15,3,'WEB'),
  (165,3049,15,4,'WEB'),
  (165,3049,15,5,'WEB'),
  (165,3050,15,1,'WAP'),
  (165,3050,15,2,'WAP'),
  (165,3050,15,3,'WAP'),
  (165,3050,15,4,'WAP'),
  (165,3050,15,5,'WAP'),
  (166,3051,0,1,'WAP'),
  (166,3051,0,2,'WAP'),
  (166,3051,0,3,'WAP'),
  (166,3051,0,4,'WAP'),
  (166,3051,0,5,'WAP'),
  (166,3052,1,2,'WAP'),
  (166,3052,1,3,'WAP'),
  (166,3052,1,4,'WAP'),
  (166,3052,1,5,'WAP'),
  (166,3053,2,1,'WAP'),
  (166,3053,2,2,'WAP'),
  (166,3053,2,3,'WAP'),
  (166,3053,2,4,'WAP'),
  (166,3053,2,5,'WAP'),
  (166,3054,3,1,'WAP'),
  (166,3054,3,2,'WAP'),
  (166,3054,3,3,'WAP'),
  (166,3054,3,4,'WAP'),
  (166,3054,3,5,'WAP'),
  (166,3055,4,1,'WAP'),
  (166,3055,4,2,'WAP'),
  (166,3055,4,3,'WAP'),
  (166,3055,4,4,'WAP'),
  (166,3055,4,5,'WAP'),
  (166,3056,5,1,'WAP'),
  (166,3056,6,2,'WAP'),
  (166,3056,6,3,'WAP'),
  (166,3056,6,4,'WAP'),
  (166,3056,6,5,'WAP'),
  (166,3058,7,2,'WAP'),
  (166,3058,7,3,'WAP'),
  (166,3058,7,4,'WAP'),
  (166,3058,7,5,'WAP'),
  (166,3059,1,1,'WAP'),
  (166,3059,9,2,'WAP'),
  (166,3059,9,3,'WAP'),
  (166,3059,9,4,'WAP'),
  (166,3059,9,5,'WAP'),
  (166,3060,12,2,'WAP'),
  (166,3060,12,3,'WAP'),
  (166,3060,12,4,'WAP'),
  (166,3060,12,5,'WAP'),
  (166,3061,13,2,'WAP'),
  (166,3061,13,3,'WAP'),
  (166,3061,13,4,'WAP'),
  (166,3061,13,5,'WAP'),
  (166,3062,0,1,'WEB'),
  (166,3062,0,2,'WEB'),
  (166,3062,0,3,'WEB'),
  (166,3062,0,4,'WEB'),
  (166,3062,0,5,'WEB'),
  (166,3063,1,2,'WEB'),
  (166,3063,1,3,'WEB'),
  (166,3063,1,4,'WEB'),
  (166,3063,1,5,'WEB'),
  (166,3064,2,2,'WEB'),
  (166,3064,2,3,'WEB'),
  (166,3064,2,4,'WEB'),
  (166,3064,2,5,'WEB'),
  (166,3065,3,1,'WEB'),
  (166,3065,3,2,'WEB'),
  (166,3065,3,3,'WEB'),
  (166,3065,3,4,'WEB'),
  (166,3065,3,5,'WEB'),
  (166,3066,4,2,'WEB'),
  (166,3066,4,3,'WEB'),
  (166,3066,4,4,'WEB'),
  (166,3066,4,5,'WEB'),
  (166,3068,6,2,'WEB'),
  (166,3068,6,3,'WEB'),
  (166,3068,6,4,'WEB'),
  (166,3068,6,5,'WEB'),
  (166,3069,1,1,'WEB'),
  (166,3069,10,2,'WEB'),
  (166,3069,10,3,'WEB'),
  (166,3069,10,4,'WEB'),
  (166,3069,10,5,'WEB'),
  (166,3070,11,2,'WEB'),
  (166,3070,11,3,'WEB'),
  (166,3070,11,4,'WEB'),
  (166,3070,11,5,'WEB'),
  (166,3071,12,2,'WEB'),
  (166,3071,12,3,'WEB'),
  (166,3071,12,4,'WEB'),
  (166,3071,12,5,'WEB'),
  (166,3072,8,1,'WEB'),
  (166,3072,14,2,'WEB'),
  (166,3072,14,3,'WEB'),
  (166,3072,14,4,'WEB'),
  (166,3072,14,5,'WEB'),
  (166,3073,7,2,'WEB'),
  (166,3073,7,3,'WEB'),
  (166,3073,7,4,'WEB'),
  (166,3073,7,5,'WEB'),
  (166,3074,13,2,'WEB'),
  (166,3074,13,3,'WEB'),
  (166,3074,13,4,'WEB'),
  (166,3074,13,5,'WEB'),
  (166,3075,14,2,'WAP'),
  (166,3075,14,3,'WAP'),
  (166,3075,14,4,'WAP'),
  (166,3075,14,5,'WAP'),
  (166,3076,5,2,'WEB'),
  (166,3076,5,3,'WEB'),
  (166,3076,5,4,'WEB'),
  (166,3076,5,5,'WEB'),
  (166,3077,3,1,'WAP'),
  (166,3077,5,2,'WAP'),
  (166,3077,5,3,'WAP'),
  (166,3077,5,4,'WAP'),
  (166,3077,5,5,'WAP'),
  (166,3078,8,2,'WEB'),
  (166,3078,8,3,'WEB'),
  (166,3078,8,4,'WEB'),
  (166,3078,8,5,'WEB'),
  (166,3079,10,2,'WAP'),
  (166,3079,10,3,'WAP'),
  (166,3079,10,4,'WAP'),
  (166,3079,10,5,'WAP'),
  (166,3080,11,2,'WAP'),
  (166,3080,11,3,'WAP'),
  (166,3080,11,4,'WAP'),
  (166,3080,11,5,'WAP'),
  (166,3081,9,2,'WEB'),
  (166,3081,9,3,'WEB'),
  (166,3081,9,4,'WEB'),
  (166,3081,9,5,'WEB'),
  (166,3082,8,2,'WAP'),
  (166,3082,8,3,'WAP'),
  (166,3082,8,4,'WAP'),
  (166,3082,8,5,'WAP'),
  (166,3083,15,2,'WEB'),
  (166,3083,15,3,'WEB'),
  (166,3083,15,4,'WEB'),
  (166,3083,15,5,'WEB'),
  (166,3084,7,1,'WAP'),
  (166,3084,15,2,'WAP'),
  (166,3084,15,3,'WAP'),
  (166,3084,15,4,'WAP'),
  (166,3084,15,5,'WAP'),
  (166,3121,1,1,'CLIENT'),
  (166,3122,2,1,'CLIENT'),
  (166,3123,3,1,'CLIENT'),
  (166,3124,8,1,'CLIENT'),
  (166,3125,9,1,'CLIENT'),
  (166,3126,4,1,'CLIENT'),
  (166,3127,5,1,'CLIENT'),
  (166,3128,10,1,'CLIENT'),
  (166,3129,11,1,'CLIENT'),
  (166,3130,6,1,'CLIENT'),
  (166,3132,7,1,'CLIENT'),
  (166,3134,12,1,'CLIENT'),
  (166,3135,13,1,'CLIENT'),
  (166,3136,14,1,'CLIENT'),
  (166,3375,1,1,'TOUCH'),
  (166,3376,2,1,'TOUCH'),
  (166,3377,3,1,'TOUCH'),
  (166,3378,4,1,'TOUCH'),
  (166,3379,5,1,'TOUCH'),
  (166,3380,6,1,'TOUCH'),
  (166,3381,7,1,'TOUCH'),
  (166,3382,8,1,'TOUCH'),
  (166,3383,9,1,'TOUCH'),
  (166,3384,10,1,'TOUCH'),
  (166,3385,11,1,'TOUCH'),
  (166,3386,12,1,'TOUCH'),
  (166,3387,13,1,'TOUCH'),
  (166,3388,14,1,'TOUCH'),
  (166,3389,15,1,'TOUCH'),
  (167,3087,0,1,'WAP'),
  (167,3087,0,2,'WAP'),
  (167,3087,0,3,'WAP'),
  (167,3087,0,4,'WAP'),
  (167,3087,0,5,'WAP'),
  (167,3089,1,1,'WAP'),
  (167,3089,1,2,'WAP'),
  (167,3089,1,3,'WAP'),
  (167,3089,1,4,'WAP'),
  (167,3089,1,5,'WAP'),
  (167,3090,2,1,'WAP'),
  (167,3090,2,2,'WAP'),
  (167,3090,2,3,'WAP'),
  (167,3090,2,4,'WAP'),
  (167,3090,2,5,'WAP'),
  (167,3091,3,1,'WAP'),
  (167,3091,3,2,'WAP'),
  (167,3091,3,3,'WAP'),
  (167,3091,3,4,'WAP'),
  (167,3091,3,5,'WAP'),
  (167,3092,4,1,'WAP'),
  (167,3092,4,2,'WAP'),
  (167,3092,4,3,'WAP'),
  (167,3092,4,4,'WAP'),
  (167,3092,4,5,'WAP'),
  (167,3095,6,1,'WAP'),
  (167,3095,6,2,'WAP'),
  (167,3095,6,3,'WAP'),
  (167,3095,6,4,'WAP'),
  (167,3095,6,5,'WAP'),
  (167,3096,7,1,'WAP'),
  (167,3096,7,2,'WAP'),
  (167,3096,7,3,'WAP'),
  (167,3096,7,4,'WAP'),
  (167,3096,7,5,'WAP'),
  (167,3098,0,1,'WEB'),
  (167,3098,0,2,'WEB'),
  (167,3098,0,3,'WEB'),
  (167,3098,0,4,'WEB'),
  (167,3098,0,5,'WEB'),
  (167,3099,1,1,'WEB'),
  (167,3099,1,2,'WEB'),
  (167,3099,1,3,'WEB'),
  (167,3099,1,4,'WEB'),
  (167,3099,1,5,'WEB'),
  (167,3100,2,1,'WEB'),
  (167,3100,2,2,'WEB'),
  (167,3100,2,3,'WEB'),
  (167,3100,2,4,'WEB'),
  (167,3100,2,5,'WEB'),
  (167,3101,3,1,'WEB'),
  (167,3101,3,2,'WEB'),
  (167,3101,3,3,'WEB'),
  (167,3101,3,4,'WEB'),
  (167,3101,3,5,'WEB'),
  (167,3104,5,1,'WEB'),
  (167,3104,5,2,'WEB'),
  (167,3104,5,3,'WEB'),
  (167,3104,5,4,'WEB'),
  (167,3104,5,5,'WEB'),
  (167,3105,6,1,'WEB'),
  (167,3105,6,2,'WEB'),
  (167,3105,6,3,'WEB'),
  (167,3105,6,4,'WEB'),
  (167,3105,6,5,'WEB'),
  (167,3106,7,1,'WEB'),
  (167,3106,7,2,'WEB'),
  (167,3106,7,3,'WEB'),
  (167,3106,7,4,'WEB'),
  (167,3106,7,5,'WEB'),
  (167,3112,4,1,'WEB'),
  (167,3112,4,2,'WEB'),
  (167,3112,4,3,'WEB'),
  (167,3112,4,4,'WEB'),
  (167,3112,4,5,'WEB'),
  (167,3113,5,1,'WAP'),
  (167,3113,5,2,'WAP'),
  (167,3113,5,3,'WAP'),
  (167,3113,5,4,'WAP'),
  (167,3113,5,5,'WAP'),
  (168,3185,0,1,'WAP'),
  (168,3185,0,2,'WAP'),
  (168,3185,0,3,'WAP'),
  (168,3185,0,4,'WAP'),
  (168,3185,0,5,'WAP'),
  (168,3187,1,1,'WAP'),
  (168,3187,1,2,'WAP'),
  (168,3187,1,3,'WAP'),
  (168,3187,1,4,'WAP'),
  (168,3187,1,5,'WAP'),
  (168,3188,2,1,'WAP'),
  (168,3188,2,2,'WAP'),
  (168,3188,2,3,'WAP'),
  (168,3188,2,4,'WAP'),
  (168,3188,2,5,'WAP'),
  (168,3189,3,1,'WAP'),
  (168,3189,3,2,'WAP'),
  (168,3189,3,3,'WAP'),
  (168,3189,3,4,'WAP'),
  (168,3189,3,5,'WAP'),
  (168,3190,4,1,'WAP'),
  (168,3190,4,2,'WAP'),
  (168,3190,4,3,'WAP'),
  (168,3190,4,4,'WAP'),
  (168,3190,4,5,'WAP'),
  (168,3193,6,1,'WAP'),
  (168,3193,6,2,'WAP'),
  (168,3193,6,3,'WAP'),
  (168,3193,6,4,'WAP'),
  (168,3193,6,5,'WAP'),
  (168,3194,7,1,'WAP'),
  (168,3194,7,2,'WAP'),
  (168,3194,7,3,'WAP'),
  (168,3194,7,4,'WAP'),
  (168,3194,7,5,'WAP'),
  (168,3196,0,1,'WEB'),
  (168,3196,0,2,'WEB'),
  (168,3196,0,3,'WEB'),
  (168,3196,0,4,'WEB'),
  (168,3196,0,5,'WEB'),
  (168,3197,1,1,'WEB'),
  (168,3197,1,2,'WEB'),
  (168,3197,1,3,'WEB'),
  (168,3197,1,4,'WEB'),
  (168,3197,1,5,'WEB'),
  (168,3198,2,1,'WEB'),
  (168,3198,2,2,'WEB'),
  (168,3198,2,3,'WEB'),
  (168,3198,2,4,'WEB'),
  (168,3198,2,5,'WEB'),
  (168,3199,3,1,'WEB'),
  (168,3199,3,2,'WEB'),
  (168,3199,3,3,'WEB'),
  (168,3199,3,4,'WEB'),
  (168,3199,3,5,'WEB'),
  (168,3202,5,1,'WEB'),
  (168,3202,5,2,'WEB'),
  (168,3202,5,3,'WEB'),
  (168,3202,5,4,'WEB'),
  (168,3202,5,5,'WEB'),
  (168,3203,6,1,'WEB'),
  (168,3203,6,2,'WEB'),
  (168,3203,6,3,'WEB'),
  (168,3203,6,4,'WEB'),
  (168,3203,6,5,'WEB'),
  (168,3204,7,1,'WEB'),
  (168,3204,7,2,'WEB'),
  (168,3204,7,3,'WEB'),
  (168,3204,7,4,'WEB'),
  (168,3204,7,5,'WEB'),
  (168,3210,4,1,'WEB'),
  (168,3210,4,2,'WEB'),
  (168,3210,4,3,'WEB'),
  (168,3210,4,4,'WEB'),
  (168,3210,4,5,'WEB'),
  (168,3211,5,1,'WAP'),
  (168,3211,5,2,'WAP'),
  (168,3211,5,3,'WAP');

COMMIT;

#
# Data for the `meeting_client_menu` table  (LIMIT 1000,500)
#

INSERT INTO `meeting_client_menu` (`meeting_id`, `menu_id`, `sort`, `member_level`, `terminal_Type`) VALUES 
  (168,3211,5,4,'WAP'),
  (168,3211,5,5,'WAP'),
  (168,3219,0,1,'CLIENT'),
  (168,3219,0,2,'CLIENT'),
  (168,3219,0,3,'CLIENT'),
  (168,3219,0,4,'CLIENT'),
  (168,3219,0,5,'CLIENT'),
  (168,3220,1,1,'CLIENT'),
  (168,3220,1,2,'CLIENT'),
  (168,3220,1,3,'CLIENT'),
  (168,3220,1,4,'CLIENT'),
  (168,3220,1,5,'CLIENT'),
  (168,3221,2,1,'CLIENT'),
  (168,3221,2,2,'CLIENT'),
  (168,3221,2,3,'CLIENT'),
  (168,3221,2,4,'CLIENT'),
  (168,3221,2,5,'CLIENT'),
  (168,3222,3,1,'CLIENT'),
  (168,3222,3,2,'CLIENT'),
  (168,3222,3,3,'CLIENT'),
  (168,3222,3,4,'CLIENT'),
  (168,3222,3,5,'CLIENT'),
  (168,3223,4,1,'CLIENT'),
  (168,3223,4,2,'CLIENT'),
  (168,3223,4,3,'CLIENT'),
  (168,3223,4,4,'CLIENT'),
  (168,3223,4,5,'CLIENT'),
  (168,3224,5,1,'CLIENT'),
  (168,3224,5,2,'CLIENT'),
  (168,3224,5,3,'CLIENT'),
  (168,3224,5,4,'CLIENT'),
  (168,3224,5,5,'CLIENT'),
  (168,3225,6,1,'CLIENT'),
  (168,3225,6,2,'CLIENT'),
  (168,3225,6,3,'CLIENT'),
  (168,3225,6,4,'CLIENT'),
  (168,3225,6,5,'CLIENT'),
  (168,3227,7,1,'CLIENT'),
  (168,3227,7,2,'CLIENT'),
  (168,3227,7,3,'CLIENT'),
  (168,3227,7,4,'CLIENT'),
  (168,3227,7,5,'CLIENT'),
  (168,3228,8,1,'CLIENT'),
  (168,3228,8,2,'CLIENT'),
  (168,3228,8,3,'CLIENT'),
  (168,3228,8,4,'CLIENT'),
  (168,3228,8,5,'CLIENT'),
  (168,3230,9,1,'CLIENT'),
  (168,3230,9,2,'CLIENT'),
  (168,3230,9,3,'CLIENT'),
  (168,3230,9,4,'CLIENT'),
  (168,3230,9,5,'CLIENT'),
  (168,3231,10,1,'CLIENT'),
  (168,3231,10,2,'CLIENT'),
  (168,3231,10,3,'CLIENT'),
  (168,3231,10,4,'CLIENT'),
  (168,3231,10,5,'CLIENT'),
  (168,3233,11,1,'CLIENT'),
  (168,3233,11,2,'CLIENT'),
  (168,3233,11,3,'CLIENT'),
  (168,3233,11,4,'CLIENT'),
  (168,3233,11,5,'CLIENT'),
  (169,3234,0,1,'WAP'),
  (169,3234,0,2,'WAP'),
  (169,3234,0,3,'WAP'),
  (169,3234,0,4,'WAP'),
  (169,3234,0,5,'WAP'),
  (169,3236,1,1,'WAP'),
  (169,3236,1,2,'WAP'),
  (169,3236,1,3,'WAP'),
  (169,3236,1,4,'WAP'),
  (169,3236,1,5,'WAP'),
  (169,3237,2,1,'WAP'),
  (169,3237,2,2,'WAP'),
  (169,3237,2,3,'WAP'),
  (169,3237,2,4,'WAP'),
  (169,3237,2,5,'WAP'),
  (169,3238,3,1,'WAP'),
  (169,3238,3,2,'WAP'),
  (169,3238,3,3,'WAP'),
  (169,3238,3,4,'WAP'),
  (169,3238,3,5,'WAP'),
  (169,3239,4,1,'WAP'),
  (169,3239,4,2,'WAP'),
  (169,3239,4,3,'WAP'),
  (169,3239,4,4,'WAP'),
  (169,3239,4,5,'WAP'),
  (169,3242,6,1,'WAP'),
  (169,3242,6,2,'WAP'),
  (169,3242,6,3,'WAP'),
  (169,3242,6,4,'WAP'),
  (169,3242,6,5,'WAP'),
  (169,3243,7,1,'WAP'),
  (169,3243,7,2,'WAP'),
  (169,3243,7,3,'WAP'),
  (169,3243,7,4,'WAP'),
  (169,3243,7,5,'WAP'),
  (169,3245,0,1,'WEB'),
  (169,3245,0,2,'WEB'),
  (169,3245,0,3,'WEB'),
  (169,3245,0,4,'WEB'),
  (169,3245,0,5,'WEB'),
  (169,3246,1,1,'WEB'),
  (169,3246,1,2,'WEB'),
  (169,3246,1,3,'WEB'),
  (169,3246,1,4,'WEB'),
  (169,3246,1,5,'WEB'),
  (169,3247,2,1,'WEB'),
  (169,3247,2,2,'WEB'),
  (169,3247,2,3,'WEB'),
  (169,3247,2,4,'WEB'),
  (169,3247,2,5,'WEB'),
  (169,3248,3,1,'WEB'),
  (169,3248,3,2,'WEB'),
  (169,3248,3,3,'WEB'),
  (169,3248,3,4,'WEB'),
  (169,3248,3,5,'WEB'),
  (169,3251,5,1,'WEB'),
  (169,3251,5,2,'WEB'),
  (169,3251,5,3,'WEB'),
  (169,3251,5,4,'WEB'),
  (169,3251,5,5,'WEB'),
  (169,3252,6,1,'WEB'),
  (169,3252,6,2,'WEB'),
  (169,3252,6,3,'WEB'),
  (169,3252,6,4,'WEB'),
  (169,3252,6,5,'WEB'),
  (169,3253,7,1,'WEB'),
  (169,3253,7,2,'WEB'),
  (169,3253,7,3,'WEB'),
  (169,3253,7,4,'WEB'),
  (169,3253,7,5,'WEB'),
  (169,3259,4,1,'WEB'),
  (169,3259,4,2,'WEB'),
  (169,3259,4,3,'WEB'),
  (169,3259,4,4,'WEB'),
  (169,3259,4,5,'WEB'),
  (169,3260,5,1,'WAP'),
  (169,3260,5,2,'WAP'),
  (169,3260,5,3,'WAP'),
  (169,3260,5,4,'WAP'),
  (169,3260,5,5,'WAP'),
  (169,3268,0,1,'CLIENT'),
  (169,3268,0,2,'CLIENT'),
  (169,3268,0,3,'CLIENT'),
  (169,3268,0,4,'CLIENT'),
  (169,3268,0,5,'CLIENT'),
  (169,3269,1,1,'CLIENT'),
  (169,3269,1,2,'CLIENT'),
  (169,3269,1,3,'CLIENT'),
  (169,3269,1,4,'CLIENT'),
  (169,3269,1,5,'CLIENT'),
  (169,3270,2,1,'CLIENT'),
  (169,3270,2,2,'CLIENT'),
  (169,3270,2,3,'CLIENT'),
  (169,3270,2,4,'CLIENT'),
  (169,3270,2,5,'CLIENT'),
  (169,3271,3,1,'CLIENT'),
  (169,3271,3,2,'CLIENT'),
  (169,3271,3,3,'CLIENT'),
  (169,3271,3,4,'CLIENT'),
  (169,3271,3,5,'CLIENT'),
  (169,3272,4,1,'CLIENT'),
  (169,3272,4,2,'CLIENT'),
  (169,3272,4,3,'CLIENT'),
  (169,3272,4,4,'CLIENT'),
  (169,3272,4,5,'CLIENT'),
  (169,3273,5,1,'CLIENT'),
  (169,3273,5,2,'CLIENT'),
  (169,3273,5,3,'CLIENT'),
  (169,3273,5,4,'CLIENT'),
  (169,3273,5,5,'CLIENT'),
  (169,3274,6,1,'CLIENT'),
  (169,3274,6,2,'CLIENT'),
  (169,3274,6,3,'CLIENT'),
  (169,3274,6,4,'CLIENT'),
  (169,3274,6,5,'CLIENT'),
  (169,3276,7,1,'CLIENT'),
  (169,3276,7,2,'CLIENT'),
  (169,3276,7,3,'CLIENT'),
  (169,3276,7,4,'CLIENT'),
  (169,3276,7,5,'CLIENT'),
  (169,3277,8,1,'CLIENT'),
  (169,3277,8,2,'CLIENT'),
  (169,3277,8,3,'CLIENT'),
  (169,3277,8,4,'CLIENT'),
  (169,3277,8,5,'CLIENT'),
  (169,3279,9,1,'CLIENT'),
  (169,3279,9,2,'CLIENT'),
  (169,3279,9,3,'CLIENT'),
  (169,3279,9,4,'CLIENT'),
  (169,3279,9,5,'CLIENT'),
  (169,3280,10,1,'CLIENT'),
  (169,3280,10,2,'CLIENT'),
  (169,3280,10,3,'CLIENT'),
  (169,3280,10,4,'CLIENT'),
  (169,3280,10,5,'CLIENT'),
  (169,3282,11,1,'CLIENT'),
  (169,3282,11,2,'CLIENT'),
  (169,3282,11,3,'CLIENT'),
  (169,3282,11,4,'CLIENT'),
  (169,3282,11,5,'CLIENT'),
  (170,3283,0,1,'WAP'),
  (170,3283,0,2,'WAP'),
  (170,3283,0,3,'WAP'),
  (170,3283,0,4,'WAP'),
  (170,3283,0,5,'WAP'),
  (170,3285,1,1,'WAP'),
  (170,3285,1,2,'WAP'),
  (170,3285,1,3,'WAP'),
  (170,3285,1,4,'WAP'),
  (170,3285,1,5,'WAP'),
  (170,3286,2,1,'WAP'),
  (170,3286,2,2,'WAP'),
  (170,3286,2,3,'WAP'),
  (170,3286,2,4,'WAP'),
  (170,3286,2,5,'WAP'),
  (170,3287,3,1,'WAP'),
  (170,3287,3,2,'WAP'),
  (170,3287,3,3,'WAP'),
  (170,3287,3,4,'WAP'),
  (170,3287,3,5,'WAP'),
  (170,3288,4,1,'WAP'),
  (170,3288,4,2,'WAP'),
  (170,3288,4,3,'WAP'),
  (170,3288,4,4,'WAP'),
  (170,3288,4,5,'WAP'),
  (170,3291,6,1,'WAP'),
  (170,3291,6,2,'WAP'),
  (170,3291,6,3,'WAP'),
  (170,3291,6,4,'WAP'),
  (170,3291,6,5,'WAP'),
  (170,3292,7,1,'WAP'),
  (170,3292,7,2,'WAP'),
  (170,3292,7,3,'WAP'),
  (170,3292,7,4,'WAP'),
  (170,3292,7,5,'WAP'),
  (170,3294,0,1,'WEB'),
  (170,3294,0,2,'WEB'),
  (170,3294,0,3,'WEB'),
  (170,3294,0,4,'WEB'),
  (170,3294,0,5,'WEB'),
  (170,3295,1,1,'WEB'),
  (170,3295,1,2,'WEB'),
  (170,3295,1,3,'WEB'),
  (170,3295,1,4,'WEB'),
  (170,3295,1,5,'WEB'),
  (170,3296,2,1,'WEB'),
  (170,3296,2,2,'WEB'),
  (170,3296,2,3,'WEB'),
  (170,3296,2,4,'WEB'),
  (170,3296,2,5,'WEB'),
  (170,3297,3,1,'WEB'),
  (170,3297,3,2,'WEB'),
  (170,3297,3,3,'WEB'),
  (170,3297,3,4,'WEB'),
  (170,3297,3,5,'WEB'),
  (170,3300,5,1,'WEB'),
  (170,3300,5,2,'WEB'),
  (170,3300,5,3,'WEB'),
  (170,3300,5,4,'WEB'),
  (170,3300,5,5,'WEB'),
  (170,3301,6,1,'WEB'),
  (170,3301,6,2,'WEB'),
  (170,3301,6,3,'WEB'),
  (170,3301,6,4,'WEB'),
  (170,3301,6,5,'WEB'),
  (170,3302,7,1,'WEB'),
  (170,3302,7,2,'WEB'),
  (170,3302,7,3,'WEB'),
  (170,3302,7,4,'WEB'),
  (170,3302,7,5,'WEB'),
  (170,3308,4,1,'WEB'),
  (170,3308,4,2,'WEB'),
  (170,3308,4,3,'WEB'),
  (170,3308,4,4,'WEB'),
  (170,3308,4,5,'WEB'),
  (170,3309,5,1,'WAP'),
  (170,3309,5,2,'WAP'),
  (170,3309,5,3,'WAP'),
  (170,3309,5,4,'WAP'),
  (170,3309,5,5,'WAP'),
  (170,3317,0,1,'CLIENT'),
  (170,3317,0,2,'CLIENT'),
  (170,3317,0,3,'CLIENT'),
  (170,3317,0,4,'CLIENT'),
  (170,3317,0,5,'CLIENT'),
  (170,3318,1,1,'CLIENT'),
  (170,3318,1,2,'CLIENT'),
  (170,3318,1,3,'CLIENT'),
  (170,3318,1,4,'CLIENT'),
  (170,3318,1,5,'CLIENT'),
  (170,3319,2,1,'CLIENT'),
  (170,3319,2,2,'CLIENT'),
  (170,3319,2,3,'CLIENT'),
  (170,3319,2,4,'CLIENT'),
  (170,3319,2,5,'CLIENT'),
  (170,3320,3,1,'CLIENT'),
  (170,3320,3,2,'CLIENT'),
  (170,3320,3,3,'CLIENT'),
  (170,3320,3,4,'CLIENT'),
  (170,3320,3,5,'CLIENT'),
  (170,3321,4,1,'CLIENT'),
  (170,3321,4,2,'CLIENT'),
  (170,3321,4,3,'CLIENT'),
  (170,3321,4,4,'CLIENT'),
  (170,3321,4,5,'CLIENT'),
  (170,3322,5,1,'CLIENT'),
  (170,3322,5,2,'CLIENT'),
  (170,3322,5,3,'CLIENT'),
  (170,3322,5,4,'CLIENT'),
  (170,3322,5,5,'CLIENT'),
  (170,3323,6,1,'CLIENT'),
  (170,3323,6,2,'CLIENT'),
  (170,3323,6,3,'CLIENT'),
  (170,3323,6,4,'CLIENT'),
  (170,3323,6,5,'CLIENT'),
  (170,3324,12,1,'CLIENT'),
  (170,3324,12,2,'CLIENT'),
  (170,3325,7,1,'CLIENT'),
  (170,3325,7,2,'CLIENT'),
  (170,3325,7,3,'CLIENT'),
  (170,3325,7,4,'CLIENT'),
  (170,3325,7,5,'CLIENT'),
  (170,3326,8,1,'CLIENT'),
  (170,3326,8,2,'CLIENT'),
  (170,3326,8,3,'CLIENT'),
  (170,3326,8,4,'CLIENT'),
  (170,3326,8,5,'CLIENT'),
  (170,3328,9,1,'CLIENT'),
  (170,3328,9,2,'CLIENT'),
  (170,3328,9,3,'CLIENT'),
  (170,3328,9,4,'CLIENT'),
  (170,3328,9,5,'CLIENT'),
  (170,3329,10,1,'CLIENT'),
  (170,3329,10,2,'CLIENT'),
  (170,3329,10,3,'CLIENT'),
  (170,3329,10,4,'CLIENT'),
  (170,3329,10,5,'CLIENT'),
  (170,3331,11,1,'CLIENT'),
  (170,3331,11,2,'CLIENT'),
  (170,3331,11,3,'CLIENT'),
  (170,3331,11,4,'CLIENT'),
  (170,3331,11,5,'CLIENT'),
  (170,3358,1,1,'TOUCH'),
  (170,3359,2,1,'TOUCH'),
  (170,3360,3,1,'TOUCH'),
  (170,3361,4,1,'TOUCH'),
  (170,3363,5,1,'TOUCH'),
  (170,3364,6,1,'TOUCH'),
  (170,3365,7,1,'TOUCH'),
  (170,3366,8,1,'TOUCH'),
  (170,3367,9,1,'TOUCH'),
  (170,3368,10,1,'TOUCH'),
  (170,3369,11,1,'TOUCH'),
  (170,3370,13,1,'TOUCH'),
  (170,3371,12,1,'TOUCH'),
  (171,3390,0,1,'WAP'),
  (171,3390,0,2,'WAP'),
  (171,3390,0,3,'WAP'),
  (171,3390,0,4,'WAP'),
  (171,3390,0,5,'WAP'),
  (171,3392,1,1,'WAP'),
  (171,3392,1,2,'WAP'),
  (171,3392,1,3,'WAP'),
  (171,3392,1,4,'WAP'),
  (171,3392,1,5,'WAP'),
  (171,3393,2,1,'WAP'),
  (171,3393,2,2,'WAP'),
  (171,3393,2,3,'WAP'),
  (171,3393,2,4,'WAP'),
  (171,3393,2,5,'WAP'),
  (171,3394,3,1,'WAP'),
  (171,3394,3,2,'WAP'),
  (171,3394,3,3,'WAP'),
  (171,3394,3,4,'WAP'),
  (171,3394,3,5,'WAP'),
  (171,3395,4,1,'WAP'),
  (171,3395,4,2,'WAP'),
  (171,3395,4,3,'WAP'),
  (171,3395,4,4,'WAP'),
  (171,3395,4,5,'WAP'),
  (171,3398,6,1,'WAP'),
  (171,3398,6,2,'WAP'),
  (171,3398,6,3,'WAP'),
  (171,3398,6,4,'WAP'),
  (171,3398,6,5,'WAP'),
  (171,3399,7,1,'WAP'),
  (171,3399,7,2,'WAP'),
  (171,3399,7,3,'WAP'),
  (171,3399,7,4,'WAP'),
  (171,3399,7,5,'WAP'),
  (171,3401,0,1,'WEB'),
  (171,3401,0,2,'WEB'),
  (171,3401,0,3,'WEB'),
  (171,3401,0,4,'WEB'),
  (171,3401,0,5,'WEB'),
  (171,3402,1,1,'WEB'),
  (171,3402,1,2,'WEB'),
  (171,3402,1,3,'WEB'),
  (171,3402,1,4,'WEB'),
  (171,3402,1,5,'WEB'),
  (171,3403,2,1,'WEB'),
  (171,3403,2,2,'WEB'),
  (171,3403,2,3,'WEB'),
  (171,3403,2,4,'WEB'),
  (171,3403,2,5,'WEB'),
  (171,3404,3,1,'WEB'),
  (171,3404,3,2,'WEB'),
  (171,3404,3,3,'WEB'),
  (171,3404,3,4,'WEB'),
  (171,3404,3,5,'WEB'),
  (171,3407,5,1,'WEB'),
  (171,3407,5,2,'WEB'),
  (171,3407,5,3,'WEB'),
  (171,3407,5,4,'WEB'),
  (171,3407,5,5,'WEB'),
  (171,3408,6,1,'WEB'),
  (171,3408,6,2,'WEB'),
  (171,3408,6,3,'WEB'),
  (171,3408,6,4,'WEB'),
  (171,3408,6,5,'WEB'),
  (171,3409,7,1,'WEB'),
  (171,3409,7,2,'WEB'),
  (171,3409,7,3,'WEB'),
  (171,3409,7,4,'WEB'),
  (171,3409,7,5,'WEB'),
  (171,3415,4,1,'WEB'),
  (171,3415,4,2,'WEB'),
  (171,3415,4,3,'WEB'),
  (171,3415,4,4,'WEB'),
  (171,3415,4,5,'WEB'),
  (171,3416,5,1,'WAP'),
  (171,3416,5,2,'WAP'),
  (171,3416,5,3,'WAP'),
  (171,3416,5,4,'WAP'),
  (171,3416,5,5,'WAP'),
  (171,3424,0,1,'CLIENT'),
  (171,3424,0,2,'CLIENT'),
  (171,3424,0,3,'CLIENT'),
  (171,3424,0,4,'CLIENT'),
  (171,3424,0,5,'CLIENT'),
  (171,3425,1,1,'CLIENT'),
  (171,3425,1,2,'CLIENT'),
  (171,3425,1,3,'CLIENT'),
  (171,3425,1,4,'CLIENT'),
  (171,3425,1,5,'CLIENT'),
  (171,3426,2,1,'CLIENT'),
  (171,3426,2,2,'CLIENT'),
  (171,3426,2,3,'CLIENT'),
  (171,3426,2,4,'CLIENT'),
  (171,3426,2,5,'CLIENT'),
  (171,3427,3,1,'CLIENT'),
  (171,3427,3,2,'CLIENT'),
  (171,3427,3,3,'CLIENT'),
  (171,3427,3,4,'CLIENT'),
  (171,3427,3,5,'CLIENT'),
  (171,3428,4,1,'CLIENT'),
  (171,3428,4,2,'CLIENT'),
  (171,3428,4,3,'CLIENT'),
  (171,3428,4,4,'CLIENT'),
  (171,3428,4,5,'CLIENT'),
  (171,3429,5,1,'CLIENT'),
  (171,3429,5,2,'CLIENT'),
  (171,3429,5,3,'CLIENT'),
  (171,3429,5,4,'CLIENT'),
  (171,3429,5,5,'CLIENT'),
  (171,3430,6,1,'CLIENT'),
  (171,3430,6,2,'CLIENT'),
  (171,3430,6,3,'CLIENT'),
  (171,3430,6,4,'CLIENT'),
  (171,3430,6,5,'CLIENT'),
  (171,3432,7,1,'CLIENT'),
  (171,3432,7,2,'CLIENT'),
  (171,3432,7,3,'CLIENT'),
  (171,3432,7,4,'CLIENT'),
  (171,3432,7,5,'CLIENT'),
  (171,3433,8,1,'CLIENT'),
  (171,3433,8,2,'CLIENT'),
  (171,3433,8,3,'CLIENT'),
  (171,3433,8,4,'CLIENT'),
  (171,3433,8,5,'CLIENT'),
  (171,3435,9,1,'CLIENT'),
  (171,3435,9,2,'CLIENT'),
  (171,3435,9,3,'CLIENT'),
  (171,3435,9,4,'CLIENT'),
  (171,3435,9,5,'CLIENT'),
  (171,3436,10,1,'CLIENT'),
  (171,3436,10,2,'CLIENT'),
  (171,3436,10,3,'CLIENT'),
  (171,3436,10,4,'CLIENT'),
  (171,3436,10,5,'CLIENT'),
  (171,3438,11,1,'CLIENT'),
  (171,3438,11,2,'CLIENT'),
  (171,3438,11,3,'CLIENT'),
  (171,3438,11,4,'CLIENT'),
  (171,3438,11,5,'CLIENT'),
  (171,3439,0,1,'TOUCH'),
  (171,3439,0,2,'TOUCH'),
  (171,3439,0,3,'TOUCH');

COMMIT;

#
# Data for the `meeting_client_menu` table  (LIMIT 1500,500)
#

INSERT INTO `meeting_client_menu` (`meeting_id`, `menu_id`, `sort`, `member_level`, `terminal_Type`) VALUES 
  (171,3439,0,4,'TOUCH'),
  (171,3439,0,5,'TOUCH'),
  (171,3440,1,1,'TOUCH'),
  (171,3440,1,2,'TOUCH'),
  (171,3440,1,3,'TOUCH'),
  (171,3440,1,4,'TOUCH'),
  (171,3440,1,5,'TOUCH'),
  (171,3441,2,1,'TOUCH'),
  (171,3441,2,2,'TOUCH'),
  (171,3441,2,3,'TOUCH'),
  (171,3441,2,4,'TOUCH'),
  (171,3441,2,5,'TOUCH'),
  (171,3444,3,1,'TOUCH'),
  (171,3444,3,2,'TOUCH'),
  (171,3444,3,3,'TOUCH'),
  (171,3444,3,4,'TOUCH'),
  (171,3444,3,5,'TOUCH'),
  (171,3445,4,1,'TOUCH'),
  (171,3445,4,2,'TOUCH'),
  (171,3445,4,3,'TOUCH'),
  (171,3445,4,4,'TOUCH'),
  (171,3445,4,5,'TOUCH'),
  (171,3446,5,1,'TOUCH'),
  (171,3446,5,2,'TOUCH'),
  (171,3446,5,3,'TOUCH'),
  (171,3446,5,4,'TOUCH'),
  (171,3446,5,5,'TOUCH'),
  (171,3447,6,1,'TOUCH'),
  (171,3447,6,2,'TOUCH'),
  (171,3447,6,3,'TOUCH'),
  (171,3447,6,4,'TOUCH'),
  (171,3447,6,5,'TOUCH'),
  (171,3452,7,1,'TOUCH'),
  (171,3452,7,2,'TOUCH'),
  (171,3452,7,3,'TOUCH'),
  (171,3452,7,4,'TOUCH'),
  (171,3452,7,5,'TOUCH'),
  (172,3454,0,1,'WAP'),
  (172,3454,0,2,'WAP'),
  (172,3454,0,3,'WAP'),
  (172,3454,0,4,'WAP'),
  (172,3454,0,5,'WAP'),
  (172,3456,1,1,'WAP'),
  (172,3456,1,2,'WAP'),
  (172,3456,1,3,'WAP'),
  (172,3456,1,4,'WAP'),
  (172,3456,1,5,'WAP'),
  (172,3457,2,1,'WAP'),
  (172,3457,2,2,'WAP'),
  (172,3457,2,3,'WAP'),
  (172,3457,2,4,'WAP'),
  (172,3457,2,5,'WAP'),
  (172,3458,3,1,'WAP'),
  (172,3458,3,2,'WAP'),
  (172,3458,3,3,'WAP'),
  (172,3458,3,4,'WAP'),
  (172,3458,3,5,'WAP'),
  (172,3459,4,1,'WAP'),
  (172,3459,4,2,'WAP'),
  (172,3459,4,3,'WAP'),
  (172,3459,4,4,'WAP'),
  (172,3459,4,5,'WAP'),
  (172,3462,6,1,'WAP'),
  (172,3462,6,2,'WAP'),
  (172,3462,6,3,'WAP'),
  (172,3462,6,4,'WAP'),
  (172,3462,6,5,'WAP'),
  (172,3463,7,1,'WAP'),
  (172,3463,7,2,'WAP'),
  (172,3463,7,3,'WAP'),
  (172,3463,7,4,'WAP'),
  (172,3463,7,5,'WAP'),
  (172,3465,0,1,'WEB'),
  (172,3465,0,2,'WEB'),
  (172,3465,0,3,'WEB'),
  (172,3465,0,4,'WEB'),
  (172,3465,0,5,'WEB'),
  (172,3466,1,1,'WEB'),
  (172,3466,1,2,'WEB'),
  (172,3466,1,3,'WEB'),
  (172,3466,1,4,'WEB'),
  (172,3466,1,5,'WEB'),
  (172,3467,2,1,'WEB'),
  (172,3467,2,2,'WEB'),
  (172,3467,2,3,'WEB'),
  (172,3467,2,4,'WEB'),
  (172,3467,2,5,'WEB'),
  (172,3468,3,1,'WEB'),
  (172,3468,3,2,'WEB'),
  (172,3468,3,3,'WEB'),
  (172,3468,3,4,'WEB'),
  (172,3468,3,5,'WEB'),
  (172,3471,5,1,'WEB'),
  (172,3471,5,2,'WEB'),
  (172,3471,5,3,'WEB'),
  (172,3471,5,4,'WEB'),
  (172,3471,5,5,'WEB'),
  (172,3472,6,1,'WEB'),
  (172,3472,6,2,'WEB'),
  (172,3472,6,3,'WEB'),
  (172,3472,6,4,'WEB'),
  (172,3472,6,5,'WEB'),
  (172,3473,7,1,'WEB'),
  (172,3473,7,2,'WEB'),
  (172,3473,7,3,'WEB'),
  (172,3473,7,4,'WEB'),
  (172,3473,7,5,'WEB'),
  (172,3479,4,1,'WEB'),
  (172,3479,4,2,'WEB'),
  (172,3479,4,3,'WEB'),
  (172,3479,4,4,'WEB'),
  (172,3479,4,5,'WEB'),
  (172,3480,5,1,'WAP'),
  (172,3480,5,2,'WAP'),
  (172,3480,5,3,'WAP'),
  (172,3480,5,4,'WAP'),
  (172,3480,5,5,'WAP'),
  (172,3488,0,1,'CLIENT'),
  (172,3488,0,2,'CLIENT'),
  (172,3488,0,3,'CLIENT'),
  (172,3488,0,4,'CLIENT'),
  (172,3488,0,5,'CLIENT'),
  (172,3489,1,1,'CLIENT'),
  (172,3489,1,2,'CLIENT'),
  (172,3489,1,3,'CLIENT'),
  (172,3489,1,4,'CLIENT'),
  (172,3489,1,5,'CLIENT'),
  (172,3490,2,1,'CLIENT'),
  (172,3490,2,2,'CLIENT'),
  (172,3490,2,3,'CLIENT'),
  (172,3490,2,4,'CLIENT'),
  (172,3490,2,5,'CLIENT'),
  (172,3491,3,1,'CLIENT'),
  (172,3491,3,2,'CLIENT'),
  (172,3491,3,3,'CLIENT'),
  (172,3491,3,4,'CLIENT'),
  (172,3491,3,5,'CLIENT'),
  (172,3492,4,1,'CLIENT'),
  (172,3492,4,2,'CLIENT'),
  (172,3492,4,3,'CLIENT'),
  (172,3492,4,4,'CLIENT'),
  (172,3492,4,5,'CLIENT'),
  (172,3493,5,1,'CLIENT'),
  (172,3493,5,2,'CLIENT'),
  (172,3493,5,3,'CLIENT'),
  (172,3493,5,4,'CLIENT'),
  (172,3493,5,5,'CLIENT'),
  (172,3494,6,1,'CLIENT'),
  (172,3494,6,2,'CLIENT'),
  (172,3494,6,3,'CLIENT'),
  (172,3494,6,4,'CLIENT'),
  (172,3494,6,5,'CLIENT'),
  (172,3496,7,1,'CLIENT'),
  (172,3496,7,2,'CLIENT'),
  (172,3496,7,3,'CLIENT'),
  (172,3496,7,4,'CLIENT'),
  (172,3496,7,5,'CLIENT'),
  (172,3497,8,1,'CLIENT'),
  (172,3497,8,2,'CLIENT'),
  (172,3497,8,3,'CLIENT'),
  (172,3497,8,4,'CLIENT'),
  (172,3497,8,5,'CLIENT'),
  (172,3499,9,1,'CLIENT'),
  (172,3499,9,2,'CLIENT'),
  (172,3499,9,3,'CLIENT'),
  (172,3499,9,4,'CLIENT'),
  (172,3499,9,5,'CLIENT'),
  (172,3500,10,1,'CLIENT'),
  (172,3500,10,2,'CLIENT'),
  (172,3500,10,3,'CLIENT'),
  (172,3500,10,4,'CLIENT'),
  (172,3500,10,5,'CLIENT'),
  (172,3502,11,1,'CLIENT'),
  (172,3502,11,2,'CLIENT'),
  (172,3502,11,3,'CLIENT'),
  (172,3502,11,4,'CLIENT'),
  (172,3502,11,5,'CLIENT'),
  (172,3503,0,1,'TOUCH'),
  (172,3503,0,2,'TOUCH'),
  (172,3503,0,3,'TOUCH'),
  (172,3503,0,4,'TOUCH'),
  (172,3503,0,5,'TOUCH'),
  (172,3504,1,1,'TOUCH'),
  (172,3504,1,2,'TOUCH'),
  (172,3504,1,3,'TOUCH'),
  (172,3504,1,4,'TOUCH'),
  (172,3504,1,5,'TOUCH'),
  (172,3505,2,1,'TOUCH'),
  (172,3505,2,2,'TOUCH'),
  (172,3505,2,3,'TOUCH'),
  (172,3505,2,4,'TOUCH'),
  (172,3505,2,5,'TOUCH'),
  (172,3508,3,1,'TOUCH'),
  (172,3508,3,2,'TOUCH'),
  (172,3508,3,3,'TOUCH'),
  (172,3508,3,4,'TOUCH'),
  (172,3508,3,5,'TOUCH'),
  (172,3509,4,1,'TOUCH'),
  (172,3509,4,2,'TOUCH'),
  (172,3509,4,3,'TOUCH'),
  (172,3509,4,4,'TOUCH'),
  (172,3509,4,5,'TOUCH'),
  (172,3510,5,1,'TOUCH'),
  (172,3510,5,2,'TOUCH'),
  (172,3510,5,3,'TOUCH'),
  (172,3510,5,4,'TOUCH'),
  (172,3510,5,5,'TOUCH'),
  (172,3511,6,1,'TOUCH'),
  (172,3511,6,2,'TOUCH'),
  (172,3511,6,3,'TOUCH'),
  (172,3511,6,4,'TOUCH'),
  (172,3511,6,5,'TOUCH'),
  (172,3516,7,1,'TOUCH'),
  (172,3516,7,2,'TOUCH'),
  (172,3516,7,3,'TOUCH'),
  (172,3516,7,4,'TOUCH'),
  (172,3516,7,5,'TOUCH'),
  (173,3518,0,1,'WAP'),
  (173,3518,0,2,'WAP'),
  (173,3518,0,3,'WAP'),
  (173,3518,0,4,'WAP'),
  (173,3518,0,5,'WAP'),
  (173,3520,1,1,'WAP'),
  (173,3520,1,2,'WAP'),
  (173,3520,1,3,'WAP'),
  (173,3520,1,4,'WAP'),
  (173,3520,1,5,'WAP'),
  (173,3521,2,1,'WAP'),
  (173,3521,2,2,'WAP'),
  (173,3521,2,3,'WAP'),
  (173,3521,2,4,'WAP'),
  (173,3521,2,5,'WAP'),
  (173,3522,3,1,'WAP'),
  (173,3522,3,2,'WAP'),
  (173,3522,3,3,'WAP'),
  (173,3522,3,4,'WAP'),
  (173,3522,3,5,'WAP'),
  (173,3523,4,1,'WAP'),
  (173,3523,4,2,'WAP'),
  (173,3523,4,3,'WAP'),
  (173,3523,4,4,'WAP'),
  (173,3523,4,5,'WAP'),
  (173,3526,6,1,'WAP'),
  (173,3526,6,2,'WAP'),
  (173,3526,6,3,'WAP'),
  (173,3526,6,4,'WAP'),
  (173,3526,6,5,'WAP'),
  (173,3527,7,1,'WAP'),
  (173,3527,7,2,'WAP'),
  (173,3527,7,3,'WAP'),
  (173,3527,7,4,'WAP'),
  (173,3527,7,5,'WAP'),
  (173,3529,0,1,'WEB'),
  (173,3529,0,2,'WEB'),
  (173,3529,0,3,'WEB'),
  (173,3529,0,4,'WEB'),
  (173,3529,0,5,'WEB'),
  (173,3530,1,1,'WEB'),
  (173,3530,1,2,'WEB'),
  (173,3530,1,3,'WEB'),
  (173,3530,1,4,'WEB'),
  (173,3530,1,5,'WEB'),
  (173,3531,2,1,'WEB'),
  (173,3531,2,2,'WEB'),
  (173,3531,2,3,'WEB'),
  (173,3531,2,4,'WEB'),
  (173,3531,2,5,'WEB'),
  (173,3532,3,1,'WEB'),
  (173,3532,3,2,'WEB'),
  (173,3532,3,3,'WEB'),
  (173,3532,3,4,'WEB'),
  (173,3532,3,5,'WEB'),
  (173,3535,5,1,'WEB'),
  (173,3535,5,2,'WEB'),
  (173,3535,5,3,'WEB'),
  (173,3535,5,4,'WEB'),
  (173,3535,5,5,'WEB'),
  (173,3536,6,1,'WEB'),
  (173,3536,6,2,'WEB'),
  (173,3536,6,3,'WEB'),
  (173,3536,6,4,'WEB'),
  (173,3536,6,5,'WEB'),
  (173,3537,7,1,'WEB'),
  (173,3537,7,2,'WEB'),
  (173,3537,7,3,'WEB'),
  (173,3537,7,4,'WEB'),
  (173,3537,7,5,'WEB'),
  (173,3543,4,1,'WEB'),
  (173,3543,4,2,'WEB'),
  (173,3543,4,3,'WEB'),
  (173,3543,4,4,'WEB'),
  (173,3543,4,5,'WEB'),
  (173,3544,5,1,'WAP'),
  (173,3544,5,2,'WAP'),
  (173,3544,5,3,'WAP'),
  (173,3544,5,4,'WAP'),
  (173,3544,5,5,'WAP'),
  (173,3552,0,1,'CLIENT'),
  (173,3552,0,2,'CLIENT'),
  (173,3552,0,3,'CLIENT'),
  (173,3552,0,4,'CLIENT'),
  (173,3552,0,5,'CLIENT'),
  (173,3553,1,1,'CLIENT'),
  (173,3553,1,2,'CLIENT'),
  (173,3553,1,3,'CLIENT'),
  (173,3553,1,4,'CLIENT'),
  (173,3553,1,5,'CLIENT'),
  (173,3554,2,1,'CLIENT'),
  (173,3554,2,2,'CLIENT'),
  (173,3554,2,3,'CLIENT'),
  (173,3554,2,4,'CLIENT'),
  (173,3554,2,5,'CLIENT'),
  (173,3555,3,1,'CLIENT'),
  (173,3555,3,2,'CLIENT'),
  (173,3555,3,3,'CLIENT'),
  (173,3555,3,4,'CLIENT'),
  (173,3555,3,5,'CLIENT'),
  (173,3556,4,1,'CLIENT'),
  (173,3556,4,2,'CLIENT'),
  (173,3556,4,3,'CLIENT'),
  (173,3556,4,4,'CLIENT'),
  (173,3556,4,5,'CLIENT'),
  (173,3557,5,1,'CLIENT'),
  (173,3557,5,2,'CLIENT'),
  (173,3557,5,3,'CLIENT'),
  (173,3557,5,4,'CLIENT'),
  (173,3557,5,5,'CLIENT'),
  (173,3558,6,1,'CLIENT'),
  (173,3558,6,2,'CLIENT'),
  (173,3558,6,3,'CLIENT'),
  (173,3558,6,4,'CLIENT'),
  (173,3558,6,5,'CLIENT'),
  (173,3560,7,1,'CLIENT'),
  (173,3560,7,2,'CLIENT'),
  (173,3560,7,3,'CLIENT'),
  (173,3560,7,4,'CLIENT'),
  (173,3560,7,5,'CLIENT'),
  (173,3561,8,1,'CLIENT'),
  (173,3561,8,2,'CLIENT'),
  (173,3561,8,3,'CLIENT'),
  (173,3561,8,4,'CLIENT'),
  (173,3561,8,5,'CLIENT'),
  (173,3563,9,1,'CLIENT'),
  (173,3563,9,2,'CLIENT'),
  (173,3563,9,3,'CLIENT'),
  (173,3563,9,4,'CLIENT'),
  (173,3563,9,5,'CLIENT'),
  (173,3564,10,1,'CLIENT'),
  (173,3564,10,2,'CLIENT'),
  (173,3564,10,3,'CLIENT'),
  (173,3564,10,4,'CLIENT'),
  (173,3564,10,5,'CLIENT'),
  (173,3566,11,1,'CLIENT'),
  (173,3566,11,2,'CLIENT'),
  (173,3566,11,3,'CLIENT'),
  (173,3566,11,4,'CLIENT'),
  (173,3566,11,5,'CLIENT'),
  (173,3567,0,1,'TOUCH'),
  (173,3567,0,2,'TOUCH'),
  (173,3567,0,3,'TOUCH'),
  (173,3567,0,4,'TOUCH'),
  (173,3567,0,5,'TOUCH'),
  (173,3568,1,1,'TOUCH'),
  (173,3568,1,2,'TOUCH'),
  (173,3568,1,3,'TOUCH'),
  (173,3568,1,4,'TOUCH'),
  (173,3568,1,5,'TOUCH'),
  (173,3569,2,1,'TOUCH'),
  (173,3569,2,2,'TOUCH'),
  (173,3569,2,3,'TOUCH'),
  (173,3569,2,4,'TOUCH'),
  (173,3569,2,5,'TOUCH'),
  (173,3572,3,1,'TOUCH'),
  (173,3572,3,2,'TOUCH'),
  (173,3572,3,3,'TOUCH'),
  (173,3572,3,4,'TOUCH'),
  (173,3572,3,5,'TOUCH'),
  (173,3573,4,1,'TOUCH'),
  (173,3573,4,2,'TOUCH'),
  (173,3573,4,3,'TOUCH'),
  (173,3573,4,4,'TOUCH'),
  (173,3573,4,5,'TOUCH'),
  (173,3574,5,1,'TOUCH'),
  (173,3574,5,2,'TOUCH'),
  (173,3574,5,3,'TOUCH'),
  (173,3574,5,4,'TOUCH'),
  (173,3574,5,5,'TOUCH'),
  (173,3575,6,1,'TOUCH'),
  (173,3575,6,2,'TOUCH'),
  (173,3575,6,3,'TOUCH'),
  (173,3575,6,4,'TOUCH'),
  (173,3575,6,5,'TOUCH'),
  (173,3580,7,1,'TOUCH'),
  (173,3580,7,2,'TOUCH'),
  (173,3580,7,3,'TOUCH'),
  (173,3580,7,4,'TOUCH'),
  (173,3580,7,5,'TOUCH');

COMMIT;

#
# Data for the `meeting_comment` table  (LIMIT 0,500)
#

INSERT INTO `meeting_comment` (`id`, `post_id`, `creator`, `creator_type`, `creator_job`, `creator_name`, `create_time`, `comment_body`, `modify_time`, `modifier`, `state`) VALUES 
  (290,NULL,79,1,'会议管理员','集团超级管理员','2012-03-20 14:14:52','123123123',NULL,NULL,NULL),
  (291,NULL,79,1,'会议管理员','集团超级管理员','2012-03-20 14:14:56','123123123',NULL,NULL,NULL),
  (292,NULL,79,1,'会议管理员','集团超级管理员','2012-03-20 14:15:00','123123123',NULL,NULL,NULL),
  (293,NULL,4458,0,NULL,'郭旭','2012-03-20 15:11:52','test',NULL,NULL,NULL);

COMMIT;

#
# Data for the `meeting_content` table  (LIMIT 0,500)
#

INSERT INTO `meeting_content` (`meeting_id`, `id`, `content_title`, `content_type`, `content`, `create_time`, `modify_time`, `creator`, `modifier`, `comments`, `state`, `sort_no`, `category`, `icon_img`, `is_list`, `parent_id`) VALUES 
  (164,127,'天气情况',3,'<p>\r\n\ttestsasdfasdfasdfasdfasdfasdfasdf</p>\r\n','2012-03-20 14:51:28','2012-03-20 14:51:28','79',NULL,'',NULL,NULL,4,NULL,'0',NULL);

COMMIT;

#
# Data for the `meeting_dining_room` table  (LIMIT 0,500)
#

INSERT INTO `meeting_dining_room` (`meeting_id`, `dining_room_id`) VALUES 
  (164,3);

COMMIT;

#
# Data for the `meeting_dinner` table  (LIMIT 0,500)
#

INSERT INTO `meeting_dinner` (`dinner_id`, `meeting_id`, `dinner_date`, `dinner_section`, `start_time`, `end_time`, `dinner_type`, `dinner_address`, `creator`, `create_time`, `modifier`, `modify_time`, `comments`) VALUES 
  (81,164,'2012年03月01日','2','13:00','14:30','1','test','79','2012-03-20 15:12:35','79','2012-03-20 15:12:35','aa'),
  (82,164,'2012年03月27日','3','17:00','18:00','1','1号餐厅','79','2012-03-27 18:24:29','79','2012-03-27 18:24:29',''),
  (83,166,'2012年04月11日','1','07:00','08:00','2','1号餐厅','79','2012-04-10 18:34:28','79','2012-04-10 18:34:28',''),
  (84,166,'2012年04月11日','2','12:00','13:00','1','1号餐厅','79','2012-04-10 18:36:24','79','2012-04-10 18:36:24',''),
  (85,166,'2012年04月12日','3','17:30','19:00','1','2号餐厅','79','2012-04-10 18:36:49','79','2012-04-10 18:36:49',''),
  (86,170,'2012年04月17日','1','07:00','09:00','1','神奇酒店','79','2012-04-16 14:22:46','79','2012-04-16 14:22:46',''),
  (87,173,'2012年04月24日','2','12:00','13:30','1','2楼龙宫厅','79','2012-04-24 10:02:18','79','2012-04-24 10:02:18',''),
  (88,173,'2012年04月24日','3','18:00','20:00','3','2楼龙宫厅',NULL,NULL,'79','2012-04-24 14:08:06',''),
  (89,173,'2012年04月25日','1','07:00','08:00','1','2楼粤凤阁','79','2012-04-24 10:05:07','79','2012-04-24 10:05:07',''),
  (90,173,'2012年04月25日','2','12:00','13:30','1','2楼龙宫厅','79','2012-04-24 10:05:34','79','2012-04-24 10:05:34','');

COMMIT;

#
# Data for the `meeting_files` table  (LIMIT 0,500)
#

INSERT INTO `meeting_files` (`meeting_id`, `id`, `file_type`, `file_name`, `file_postfix`, `file_path`, `file_author`, `file_tag`, `file_size`, `create_time`, `modify_time`, `creator`, `modifier`, `comments`, `state`, `file_save_name`, `pre_page`, `assort_Id`, `sort_Code`, `file_access`, `download_flg`, `preview_flg`, `file_cover_path`) VALUES 
  (164,10134,NULL,'Desert.jpg','jpg','upload/ZL164',NULL,NULL,845941,'2012-03-20 03:18:20',NULL,'79',NULL,NULL,0,'20120320031820.jpg',0,NULL,NULL,'',0,0,NULL),
  (164,10135,NULL,'分组计划导入模版.xls','xls','upload/ZL164',NULL,NULL,19456,'2012-03-20 03:23:47',NULL,'79',NULL,NULL,0,'20120320032347.xls',0,NULL,NULL,'',0,0,NULL),
  (164,10136,NULL,'分组计划导入模版.xls','xls','upload/ZL164',NULL,NULL,19456,'2012-03-20 03:45:59','2012-03-20 05:02:51','79','79','',0,'20120320034559.xls',0,NULL,NULL,'',0,0,'fileCover/164/20120320050251.jpg'),
  (164,10137,NULL,'分组计划导入模版.xls','xls','upload/ZL164',NULL,NULL,19456,'2012-03-20 07:44:05',NULL,'79',NULL,NULL,0,'20120320074405.xls',0,NULL,NULL,'',0,0,NULL),
  (164,10138,NULL,'hua1.jpg','jpg','upload/ZL164',NULL,NULL,194463,'2012-03-20 12:48:18',NULL,'79',NULL,NULL,0,'20120320124818.jpg',0,NULL,NULL,'1,2,3,4,5,',0,0,'fileCover/164/20120320124818.jpg'),
  (165,10139,NULL,'用户导入模板-20120320.xls','xls','upload/ZL165',NULL,NULL,27648,'2012-03-20 14:58:04',NULL,'117',NULL,NULL,0,'20120320145804.xls',0,NULL,NULL,'1,',1,0,NULL),
  (164,10140,NULL,'370.jpg','jpg','upload/ZL164',NULL,NULL,5925,'2012-03-20 16:02:01',NULL,'79',NULL,NULL,0,'20120320160201.jpg',0,NULL,NULL,'1,2,3,4,5,',0,0,'fileCover/164/20120320160201.jpg'),
  (164,10142,NULL,'logo.png','png','upload/ZL164',NULL,NULL,15830,'2012-03-22 17:35:54',NULL,'79',NULL,NULL,0,'20120322173554.png',0,NULL,NULL,'',0,0,NULL),
  (166,10143,NULL,'刘总创新工作会发言材料(修订稿).docx','docx','upload/ZL166',NULL,NULL,28524,'2012-03-23 14:00:10','2012-03-29 17:57:12','79','79','',0,'20120323140010.docx',0,23,1,'1,2,3,4,5,',1,0,NULL),
  (166,10144,NULL,'加快创新体系建设，激发文化创新活力.ppt','ppt','upload/ZL166',NULL,NULL,2497024,'2012-03-23 14:00:53','2012-03-23 15:37:48','79','79','',0,'20120323140053.ppt',0,23,2,'1,2,3,4,5,',1,0,NULL),
  (166,10145,NULL,'营造氛围，落地应用，努力开创科技创新新局面.ppt','ppt','upload/ZL166',NULL,NULL,4560384,'2012-03-23 14:01:46','2012-03-23 15:37:50','79','79','',0,'20120323140146.ppt',0,23,3,'',1,0,NULL),
  (166,10146,NULL,'中国移动贵州公司创新在我身边活动方案.ppt','ppt','upload/ZL166',NULL,NULL,2374144,'2012-03-23 14:05:13','2012-03-23 14:37:38','79','79','',0,'20120323140513.ppt',0,23,4,'5,',0,0,NULL),
  (166,10147,NULL,'深入推进创新型企业建设，打造国际领先移动信息运营商.ppt','ppt','upload/ZL166',NULL,NULL,7038464,'2012-03-23 14:06:30','2012-03-23 14:37:50','79','79','',0,'20120323140630.ppt',0,23,5,'',1,0,NULL),
  (166,10148,NULL,'01-安顺.pptx','pptx','upload/ZL166',NULL,NULL,3707853,'2012-03-23 14:07:26','2012-03-23 14:38:10','79','79','',0,'20120323140726.pptx',0,26,6,'',1,0,NULL),
  (166,10149,NULL,'02-数据部.ppt','ppt','upload/ZL166',NULL,NULL,4140032,'2012-03-23 14:19:08','2012-03-23 14:38:24','79','79','',0,'20120323141908.ppt',0,26,7,'',1,0,NULL),
  (166,10150,NULL,'03-客户服务中心.ppt','ppt','upload/ZL166',NULL,NULL,9009664,'2012-03-23 14:21:28','2012-03-23 15:38:06','79','79','',0,'20120323142128.ppt',0,26,8,'',1,0,NULL),
  (166,10151,NULL,'01-贵阳-面向全业务绩效管理体系的构建与实施.pptx','pptx','upload/ZL166',NULL,NULL,852394,'2012-03-23 14:25:09','2012-03-23 15:38:10','79','79','',0,'20120323142509.pptx',0,25,9,'1,2,3,4,5,',1,0,NULL),
  (166,10152,NULL,'02-黔东南-WLAN覆盖复合型组网.pptx','pptx','upload/ZL166',NULL,NULL,15044557,'2012-03-23 14:27:19','2012-03-23 15:38:48','79','79','',0,'20120323142719.pptx',0,25,10,'',1,0,NULL),
  (166,10153,NULL,'03-毕节-构建基于关键控制点的工程管理体系及系统.pptx','pptx','upload/ZL166',NULL,NULL,12221319,'2012-03-23 14:34:12','2012-03-23 15:38:53','79','79','',0,'20120323143411.pptx',0,25,11,'',1,0,NULL),
  (166,10154,NULL,'01-贵州移动科技创新管理体系汇编.exe','exe','upload/ZL166',NULL,NULL,65027404,'2012-03-23 14:48:22','2012-03-23 15:38:20','79','79','',0,'20120323144822.exe',0,27,12,'',1,0,NULL),
  (166,10155,NULL,'01-贵州移动2009年创新成果汇编.exe','exe','upload/ZL166',NULL,NULL,77445305,'2012-03-23 15:17:08',NULL,'79',NULL,NULL,0,'20120323151707.exe',0,NULL,NULL,'',1,0,NULL),
  (164,10156,NULL,'logo.png','png','upload/ZL164',NULL,NULL,15830,'2012-03-27 18:23:52','2012-03-31 10:39:07','79','79','',0,'20120327182352.png',0,28,NULL,'',1,0,'fileCover/164/20120327182352.png'),
  (168,10158,NULL,'agenda_import_template.xls','xls','upload/ZL168',NULL,NULL,26112,'2012-04-13 11:04:57',NULL,'79',NULL,NULL,0,'20120413110457.xls',0,NULL,NULL,'',0,0,NULL),
  (168,10159,NULL,'user_import_template.xls','xls','upload/ZL168',NULL,NULL,27648,'2012-04-13 11:05:05',NULL,'79',NULL,NULL,0,'20120413110505.xls',0,NULL,NULL,'',0,0,NULL),
  (170,10160,NULL,'基于RFID的会务管理信息系统项目汇报.doc','doc','upload/ZL170',NULL,NULL,282112,'2012-04-16 14:17:33',NULL,'79',NULL,NULL,0,'20120416141733.doc',0,NULL,NULL,'1,2,3,4,5,',1,0,NULL),
  (173,10161,NULL,'合同管理工作情况通报.ppt','ppt','upload/ZL173',NULL,NULL,2603008,'2012-04-23 16:11:18','2012-04-23 16:15:11','79','79','',0,'20120423161118.ppt',0,29,5,'1,2,3,4,5,',1,0,NULL),
  (173,10162,NULL,'基站防盗工作情况通报.ppt','ppt','upload/ZL173',NULL,NULL,3276288,'2012-04-23 16:11:35','2012-04-23 16:15:17','79','79','',0,'20120423161135.ppt',0,29,6,'1,2,3,4,5,',1,0,NULL),
  (173,10163,NULL,'贵阳分公司交流材料（安全管理）.pptx','pptx','upload/ZL173',NULL,NULL,4444403,'2012-04-23 16:12:18','2012-04-23 16:15:51','79','79','',0,'20120423161217.pptx',0,30,7,'1,2,3,4,5,',1,0,NULL),
  (173,10164,NULL,'六盘水分公司交流材料（安全管理）.pptx','pptx','upload/ZL173',NULL,NULL,8498515,'2012-04-23 16:12:29','2012-04-23 16:15:55','79','79','',0,'20120423161229.pptx',0,30,8,'1,2,3,4,5,',1,0,NULL),
  (173,10165,NULL,'六盘水分公司交流材料（法律管理）.ppt','ppt','upload/ZL173',NULL,NULL,55004160,'2012-04-23 16:12:44','2012-04-23 16:15:59','79','79','',0,'20120423161243.ppt',0,30,9,'1,2,3,4,5,',1,0,NULL),
  (173,10166,NULL,'黔东南分公司交流材料（安全管理）.ppt','ppt','upload/ZL173',NULL,NULL,7077376,'2012-04-23 16:12:57','2012-04-23 16:16:04','79','79','',0,'20120423161257.ppt',0,30,10,'1,2,3,4,5,',1,0,NULL),
  (173,10167,NULL,'黔南分公司交流材料（法律管理）.ppt','ppt','upload/ZL173',NULL,NULL,5921792,'2012-04-23 16:13:06','2012-04-23 16:16:08','79','79','',0,'20120423161306.ppt',0,30,11,'1,2,3,4,5,',1,0,NULL),
  (173,10168,NULL,'黔西南分公司交流材料（法律管理）.ppt','ppt','upload/ZL173',NULL,NULL,3133440,'2012-04-23 16:13:17','2012-04-23 16:16:13','79','79','',0,'20120423161317.ppt',0,30,12,'1,2,3,4,5,',1,0,NULL),
  (173,10169,NULL,'2012年法律安全管理工作报告（综合部罗健总经理）.pdf','pdf','upload/ZL173',NULL,NULL,213297,'2012-04-23 16:37:29',NULL,'79',NULL,NULL,0,'20120423163729.pdf',0,29,3,'1,2,3,4,5,',1,0,NULL),
  (173,10171,NULL,'2012年法律安全管理工作报告（PPT）.pptx','pptx','upload/ZL173',NULL,NULL,877022,'2012-04-23 16:42:25',NULL,'79',NULL,NULL,0,'20120423164225.pptx',0,29,4,'1,2,3,4,5,',1,0,NULL);

COMMIT;

#
# Data for the `meeting_files_assort` table  (LIMIT 0,500)
#

INSERT INTO `meeting_files_assort` (`id`, `assort_name`, `description`, `meeting_id`, `modify_time`, `creator`, `modifier`) VALUES 
  (23,'发言材料','发言材料',166,NULL,79,NULL),
  (24,'成果汇编','成果汇编',166,NULL,79,NULL),
  (25,'创新成果介绍','创新成果介绍',166,NULL,79,NULL),
  (26,'创新工作经验交流','创新工作经验交流',166,NULL,79,NULL),
  (27,'成果汇编','电子书',166,'2012-03-23 14:40:47',79,79),
  (28,'会议材料','',164,NULL,79,NULL),
  (29,'省公司交流材料','省公司交流材料',173,NULL,79,NULL),
  (30,'分公司交流材料','分公司交流材料',173,NULL,79,NULL);

COMMIT;

#
# Data for the `meeting_hotel` table  (LIMIT 0,500)
#

INSERT INTO `meeting_hotel` (`meeting_id`, `hotel_id`) VALUES 
  (164,1),
  (166,2);

COMMIT;

#
# Data for the `meeting_hotel_room_type` table  (LIMIT 0,500)
#

INSERT INTO `meeting_hotel_room_type` (`meeting_id`, `hotel_room_type_id`) VALUES 
  (164,3),
  (166,4),
  (166,5);

COMMIT;

#
# Data for the `meeting_member` table  (LIMIT 0,500)
#

INSERT INTO `meeting_member` (`meeting_id`, `user_id`, `member_level`, `sort_Code`, `mobile_is_display`, `add_in_contacts`, `room_Number`, `mailbox`, `country`, `city`, `address`, `create_time`, `modify_time`, `job`, `comments`, `room_Number_Is_Display`, `job_Is_Display`, `department`, `book_job`, `vip`, `hotel_room_id`, `upload_authority`) VALUES 
  (162,4449,1,NULL,1,'Y','','',NULL,'','',NULL,'2012-03-14 15:19:18','',NULL,1,0,'','','Y',NULL,NULL),
  (162,4450,1,NULL,1,'Y','','',NULL,'','',NULL,'2012-03-14 16:48:38','',NULL,1,0,'','','Y',NULL,NULL),
  (162,4451,1,NULL,1,'Y','','',NULL,'','',NULL,'2012-03-14 17:01:22','',NULL,1,0,'','','Y',NULL,NULL),
  (163,4451,1,NULL,1,'Y','','',NULL,'','',NULL,'2012-03-19 12:00:11','',NULL,1,0,'','','Y',NULL,'Y'),
  (163,4452,1,NULL,1,'Y','','',NULL,'','',NULL,'2012-03-19 11:14:38','',NULL,1,0,'','','Y',NULL,'Y'),
  (163,4453,1,NULL,1,'Y','','',NULL,'','',NULL,'2012-03-19 11:15:25','',NULL,1,0,'','','Y',NULL,'Y'),
  (163,4454,1,NULL,1,'Y','','',NULL,'','',NULL,'2012-03-19 11:16:20','',NULL,1,0,'','','Y',NULL,'Y'),
  (163,4455,1,NULL,1,'Y','','',NULL,'','',NULL,'2012-03-19 11:17:07','',NULL,1,0,'','','Y',NULL,'Y'),
  (163,4456,1,NULL,1,'Y','','',NULL,'','',NULL,'2012-03-19 12:16:23','',NULL,1,0,'','','Y',NULL,'Y'),
  (164,4449,1,NULL,1,'Y','','',NULL,'','',NULL,'2012-03-21 18:50:22','',NULL,1,0,'','','Y',NULL,'Y'),
  (164,4450,1,NULL,1,'Y','','',NULL,'','',NULL,'2012-03-20 12:51:54','',NULL,1,0,'','','Y',14,'Y'),
  (164,4458,1,NULL,1,'Y','','',NULL,'','',NULL,'2012-03-31 10:34:27','',NULL,1,0,'','','Y',NULL,'Y'),
  (164,4460,1,NULL,1,'Y','','',NULL,'','',NULL,'2012-03-19 23:41:25','',NULL,1,0,'','','Y',8,'Y'),
  (164,4461,1,NULL,1,'Y','','',NULL,'','',NULL,'2012-03-20 14:48:19','',NULL,1,0,'','','Y',15,'Y'),
  (164,4462,1,NULL,1,'Y','','',NULL,'','',NULL,'2012-03-27 18:22:00','',NULL,1,0,'','','N',NULL,'Y'),
  (164,4547,1,NULL,1,'Y','','',NULL,'','',NULL,'2012-03-22 17:34:50','',NULL,1,0,'','','Y',NULL,'Y'),
  (165,4458,1,1,1,'Y','','guoxu775@163.com',NULL,'合肥市','',NULL,'2012-03-20 14:57:43','',NULL,1,1,'网达软件','软件工程师','Y',NULL,'Y'),
  (166,4449,1,NULL,1,'Y','','',NULL,'','',NULL,'2012-04-12 11:41:50','',NULL,1,0,'','','Y',NULL,NULL),
  (166,4452,1,2,1,'Y',NULL,'',NULL,'贵阳','',NULL,'2012-04-16 13:58:20','干事',NULL,1,1,'贵州移动','职员','Y',NULL,'Y'),
  (166,4453,1,11,1,'Y',NULL,'',NULL,'','',NULL,'2012-03-22 14:32:50','会务',NULL,1,0,'信息技术部','会务',NULL,18,'N'),
  (166,4454,1,10,1,'Y',NULL,'',NULL,'','',NULL,'2012-03-22 14:32:50','项目经理',NULL,1,0,'信息技术部','项目经理',NULL,19,'N'),
  (166,4455,1,4,1,'Y',NULL,'',NULL,'贵阳','',NULL,'2012-04-16 13:58:20','干事',NULL,1,1,'贵州移动','职员','N',NULL,'Y'),
  (166,4456,1,6,1,'Y',NULL,'',NULL,'贵阳','',NULL,'2012-04-16 13:58:20','干事',NULL,1,1,'贵州移动','职员','N',NULL,'Y'),
  (166,4458,1,15,1,'Y',NULL,'',NULL,'','',NULL,'2012-03-22 14:32:50','会务',NULL,1,0,'信息技术部','会务',NULL,12,'N'),
  (166,4460,1,NULL,1,'Y','','',NULL,'','',NULL,'2012-03-28 09:15:53','',NULL,1,0,'','','N',66,'Y'),
  (166,4474,1,14,1,'Y',NULL,'',NULL,'','',NULL,'2012-03-22 14:32:50','会务',NULL,1,0,'信息技术部','会务',NULL,12,'N'),
  (166,4475,1,1,1,'Y','','',NULL,'','',NULL,'2012-03-29 17:56:18','专利管理处副经理',NULL,1,0,'总部技术部','专利管理处副经理','Y',NULL,'N'),
  (166,4476,1,2,1,'Y',NULL,'',NULL,'','',NULL,'2012-03-22 14:32:49','副总经理',NULL,1,0,'公司领导','副总经理',NULL,20,'N'),
  (166,4477,1,3,1,'Y','','',NULL,'','',NULL,'2012-03-26 16:37:40','总经理',NULL,1,0,'发展战略部','总经理','Y',NULL,'N'),
  (166,4478,1,4,1,'Y',NULL,'',NULL,'','',NULL,'2012-03-22 14:32:50','会务',NULL,1,0,'发展战略部','会务',NULL,44,'N'),
  (166,4479,1,5,1,'Y',NULL,'',NULL,'','',NULL,'2012-03-22 14:32:50','会务',NULL,1,0,'发展战略部','会务',NULL,21,'N'),
  (166,4480,1,6,1,'Y',NULL,'',NULL,'','',NULL,'2012-03-22 14:32:50','会务',NULL,1,0,'发展战略部','会务',NULL,21,'N'),
  (166,4481,1,7,1,'Y',NULL,'',NULL,'','',NULL,'2012-03-22 14:32:50','总经理',NULL,1,0,'信息技术部','总经理',NULL,22,'N'),
  (166,4482,1,8,1,'Y',NULL,'',NULL,'','',NULL,'2012-03-22 14:32:50','副总经理',NULL,1,0,'信息技术部','副总经理',NULL,22,'N'),
  (166,4483,1,13,1,'Y',NULL,'',NULL,'','',NULL,'2012-03-22 14:32:50','会务',NULL,1,0,'信息技术部','会务',NULL,45,'N'),
  (166,4484,1,16,1,'Y',NULL,'',NULL,'','',NULL,'2012-03-22 14:32:50','总经理',NULL,1,0,'综合部','总经理',NULL,23,'N'),
  (166,4485,1,17,1,'Y',NULL,'',NULL,'','',NULL,'2012-03-22 14:32:50','秘书',NULL,1,0,'综合部','秘书',NULL,23,'N'),
  (166,4486,1,18,1,'Y',NULL,'',NULL,'','',NULL,'2012-03-22 14:32:50','新闻宣传',NULL,1,0,'综合部','新闻宣传',NULL,24,'N'),
  (166,4487,1,19,1,'Y',NULL,'',NULL,'','',NULL,'2012-03-22 14:32:50','副总经理',NULL,1,0,'工会','副总经理',NULL,24,'N'),
  (166,4488,1,20,1,'Y',NULL,'',NULL,'','',NULL,'2012-03-22 14:32:50','机关工会副主席',NULL,1,0,'工会','机关工会副主席',NULL,56,'N'),
  (166,4489,1,21,1,'Y',NULL,'',NULL,'','',NULL,'2012-03-22 14:32:50','企业文化管理',NULL,1,0,'党群部','企业文化管理',NULL,64,'N'),
  (166,4490,1,22,1,'Y',NULL,'',NULL,'','',NULL,'2012-03-22 14:32:50','项目副经理',NULL,1,0,'内审部','项目副经理',NULL,56,'N'),
  (166,4491,1,23,1,'Y',NULL,'',NULL,'','',NULL,'2012-03-22 14:32:50','纪检员',NULL,1,0,'纪检监察室','纪检员',NULL,57,'N'),
  (166,4492,1,24,1,'Y',NULL,'',NULL,'','',NULL,'2012-03-22 14:32:50','总经理',NULL,1,0,'采购物流部','总经理',NULL,57,'N'),
  (166,4493,1,25,1,'Y',NULL,'',NULL,'','',NULL,'2012-03-22 14:32:50','职员',NULL,1,0,'采购物流部','职员',NULL,27,'N'),
  (166,4494,1,26,1,'Y',NULL,'',NULL,'','',NULL,'2012-03-22 14:32:50','副总经理',NULL,1,0,'客户服务部 ','副总经理',NULL,46,'N'),
  (166,4495,1,27,1,'Y',NULL,'',NULL,'','',NULL,'2012-03-22 14:32:50','项目经理',NULL,1,0,'客户服务部 ','项目经理',NULL,27,'N'),
  (166,4496,1,28,1,'Y',NULL,'',NULL,'','',NULL,'2012-03-22 14:32:50','总经理',NULL,1,0,'计划部','总经理',NULL,46,'N'),
  (166,4497,1,29,1,'Y',NULL,'',NULL,'','',NULL,'2012-03-22 14:32:50','副总经理',NULL,1,0,'网络部','副总经理',NULL,47,'N'),
  (166,4498,1,30,1,'Y',NULL,'',NULL,'','',NULL,'2012-03-22 14:32:50','项目经理',NULL,1,0,'网络部','项目经理',NULL,28,'N'),
  (166,4499,1,31,1,'Y',NULL,'',NULL,'','',NULL,'2012-03-22 14:32:50','质量创新管理',NULL,1,0,'网络部','质量创新管理',NULL,47,'N'),
  (166,4500,1,32,1,'Y',NULL,'',NULL,'','',NULL,'2012-03-22 14:32:50','副总经理',NULL,1,0,'市场部','副总经理',NULL,28,'N'),
  (166,4501,1,33,1,'Y',NULL,'',NULL,'','',NULL,'2012-03-22 14:32:50','业务管理',NULL,1,0,'市场部','业务管理',NULL,48,'N'),
  (166,4502,1,34,1,'Y',NULL,'',NULL,'','',NULL,'2012-03-22 14:32:50','项目经理',NULL,1,0,'财务部','项目经理',NULL,29,'N'),
  (166,4503,1,35,1,'Y',NULL,'',NULL,'','',NULL,'2012-03-22 14:32:50','副总经理',NULL,1,0,'业务支撑系统部','副总经理',NULL,29,'N'),
  (166,4504,1,36,1,'Y',NULL,'',NULL,'','',NULL,'2012-03-22 14:32:50','创新联络员',NULL,1,0,'业务支撑系统部','创新联络员',NULL,48,'N'),
  (166,4505,1,37,1,'Y',NULL,'',NULL,'','',NULL,'2012-03-22 14:32:50','副总经理',NULL,1,0,'数据部','副总经理',NULL,30,'N'),
  (166,4506,1,38,1,'Y',NULL,'',NULL,'','',NULL,'2012-03-22 14:32:50','项目经理',NULL,1,0,'数据部','项目经理',NULL,30,'N'),
  (166,4507,1,39,1,'Y',NULL,'',NULL,'','',NULL,'2012-03-22 14:32:50','成果展示',NULL,1,0,'数据部','成果展示',NULL,31,'N'),
  (166,4508,1,40,1,'Y',NULL,'',NULL,'','',NULL,'2012-03-22 14:32:50','成果展示',NULL,1,0,'数据部','成果展示',NULL,31,'N'),
  (166,4509,1,41,1,'Y',NULL,'',NULL,'','',NULL,'2012-03-22 14:32:50','成果展示',NULL,1,0,'数据部','成果展示',NULL,62,'N'),
  (166,4510,1,42,1,'Y',NULL,'',NULL,'','',NULL,'2012-03-22 14:32:50','总经理',NULL,1,0,'客户服务中心','总经理',NULL,32,'N'),
  (166,4511,1,43,1,'Y',NULL,'',NULL,'','',NULL,'2012-03-22 14:32:50','项目经理',NULL,1,0,'客户服务中心','项目经理',NULL,49,'N'),
  (166,4512,1,44,1,'Y',NULL,'',NULL,'','',NULL,'2012-03-22 14:32:50','副总经理',NULL,1,0,'集团客户部','副总经理',NULL,50,'N'),
  (166,4513,1,45,1,'Y',NULL,'',NULL,'','',NULL,'2012-03-22 14:32:50','项目经理',NULL,1,0,'集团客户部','项目经理',NULL,32,'N'),
  (166,4514,1,46,1,'Y',NULL,'',NULL,'','',NULL,'2012-03-22 14:32:50','员工',NULL,1,0,'集团客户部','员工',NULL,64,'N'),
  (166,4515,1,47,1,'Y',NULL,'',NULL,'','',NULL,'2012-03-22 14:32:50','副总经理',NULL,1,0,'后勤服务中心','副总经理',NULL,33,'N'),
  (166,4516,1,48,1,'Y',NULL,'',NULL,'','',NULL,'2012-03-22 14:32:50','总经理',NULL,1,0,'终端中心','总经理',NULL,33,'N'),
  (166,4517,1,49,1,'Y',NULL,'',NULL,'','',NULL,'2012-03-22 14:32:50','总经理助理',NULL,1,0,'终端中心','总经理助理',NULL,51,'N'),
  (166,4518,1,50,1,'Y',NULL,'',NULL,'','',NULL,'2012-03-22 14:32:50','项目经理',NULL,1,0,'终端中心','项目经理',NULL,51,'N'),
  (166,4519,1,51,1,'Y',NULL,'',NULL,'','',NULL,'2012-03-22 14:32:50','副总经理',NULL,1,0,'工程管理中心','副总经理',NULL,34,'N'),
  (166,4520,1,52,1,'Y',NULL,'',NULL,'','',NULL,'2012-03-22 14:32:50','项目经理',NULL,1,0,'人力资源部','项目经理',NULL,52,'N'),
  (166,4521,1,53,1,'Y',NULL,'',NULL,'','',NULL,'2012-03-22 14:32:50','总经理',NULL,1,0,'贵阳分公司','总经理',NULL,34,'N'),
  (166,4522,1,54,1,'Y',NULL,'',NULL,'','',NULL,'2012-03-22 14:32:50','项目经理',NULL,1,0,'贵阳分公司','项目经理',NULL,52,'N'),
  (166,4523,1,55,1,'Y',NULL,'',NULL,'','',NULL,'2012-03-22 14:32:50','项目副经理',NULL,1,0,'贵阳分公司','项目副经理',NULL,35,'N'),
  (166,4524,1,56,1,'Y',NULL,'',NULL,'','',NULL,'2012-03-22 14:32:50','成果展示',NULL,1,0,'贵阳分公司','成果展示',NULL,35,'N'),
  (166,4525,1,57,1,'Y',NULL,'',NULL,'','',NULL,'2012-03-22 14:32:50','副总经理',NULL,1,0,'遵义分公司','副总经理',NULL,36,'N'),
  (166,4526,1,58,1,'Y',NULL,'',NULL,'','',NULL,'2012-03-22 14:32:50','运行维护部副经理',NULL,1,0,'遵义分公司','运行维护部副经理',NULL,53,'N'),
  (166,4527,1,59,1,'Y',NULL,'',NULL,'','',NULL,'2012-03-22 14:32:50','总经理',NULL,1,0,'安顺分公司','总经理',NULL,53,'N'),
  (166,4528,1,60,1,'Y',NULL,'',NULL,'','',NULL,'2012-03-22 14:32:50','副总经理',NULL,1,0,'安顺分公司','副总经理',NULL,36,'N'),
  (166,4529,1,61,1,'Y',NULL,'',NULL,'','',NULL,'2012-03-22 14:32:50','综合办公室经理',NULL,1,0,'安顺分公司','综合办公室经理',NULL,37,'N'),
  (166,4530,1,62,1,'Y',NULL,'',NULL,'','',NULL,'2012-03-22 14:32:50','总经理',NULL,1,0,'黔南分公司','总经理',NULL,37,'N'),
  (166,4531,1,63,1,'Y',NULL,'',NULL,'','',NULL,'2012-03-22 14:32:50','综合办公室经理',NULL,1,0,'黔南分公司','综合办公室经理',NULL,38,'N'),
  (166,4532,1,64,1,'Y',NULL,'',NULL,'','',NULL,'2012-03-22 14:32:50','副总经理',NULL,1,0,'黔东南分公司','副总经理',NULL,38,'N'),
  (166,4533,1,65,1,'Y',NULL,'',NULL,'','',NULL,'2012-03-22 14:32:50','经理',NULL,1,0,'黔东南分公司','经理',NULL,54,'N'),
  (166,4534,1,66,1,'Y',NULL,'',NULL,'','',NULL,'2012-03-22 14:32:50','成果交流',NULL,1,0,'黔东南分公司','成果交流',NULL,39,'N'),
  (166,4535,1,67,1,'Y',NULL,'',NULL,'','',NULL,'2012-03-22 14:32:50','成果展示',NULL,1,0,'黔东南分公司','成果展示',NULL,39,'N'),
  (166,4536,1,68,1,'Y',NULL,'',NULL,'','',NULL,'2012-03-22 14:32:50','总经理',NULL,1,0,'铜仁分公司','总经理',NULL,40,'N'),
  (166,4537,1,69,1,'Y',NULL,'',NULL,'','',NULL,'2012-03-22 14:32:50','计划建设部副经理',NULL,1,0,'铜仁分公司','计划建设部副经理',NULL,40,'N'),
  (166,4538,1,70,1,'Y',NULL,'',NULL,'','',NULL,'2012-03-22 14:32:50','总经理',NULL,1,0,'毕节分公司','总经理',NULL,41,'N'),
  (166,4539,1,71,1,'Y',NULL,'',NULL,'','',NULL,'2012-03-22 14:32:50','计划建设部经理',NULL,1,0,'毕节分公司','计划建设部经理',NULL,41,'N'),
  (166,4540,1,72,1,'Y',NULL,'',NULL,'','',NULL,'2012-03-22 14:32:50','创新管理',NULL,1,0,'毕节分公司','创新管理',NULL,42,'N'),
  (166,4541,1,73,1,'Y',NULL,'',NULL,'','',NULL,'2012-03-22 14:32:50','总经理',NULL,1,0,'六盘水分公司','总经理',NULL,42,'N'),
  (166,4542,1,74,1,'Y','','',NULL,'','',NULL,'2012-03-26 16:40:42','人力部经理',NULL,1,0,'六盘水分公司','人力部经理','N',59,'N'),
  (166,4543,1,75,1,'Y',NULL,'',NULL,'','',NULL,'2012-03-22 14:32:50','副总经理',NULL,1,0,'黔西南分公司','副总经理',NULL,43,'N'),
  (166,4544,1,76,1,'Y',NULL,'',NULL,'','',NULL,'2012-03-22 14:32:50','综合办主任',NULL,1,0,'黔西南分公司','综合办主任',NULL,43,'N'),
  (166,4545,1,77,1,'Y','','',NULL,'','',NULL,'2012-03-26 16:41:03','副总经理',NULL,1,0,'贵州中移通信公司','副总经理','N',60,'N'),
  (166,4546,1,78,1,'Y',NULL,'',NULL,'','',NULL,'2012-03-22 14:32:50','综合业务部主任',NULL,1,0,'贵州中移通信公司','综合业务部主任',NULL,55,'N'),
  (166,4547,1,NULL,1,'Y','','',NULL,'','',NULL,'2012-03-29 17:56:34','',NULL,1,0,'','','N',NULL,'Y'),
  (166,4548,1,1,1,'Y',NULL,'',NULL,'贵阳','',NULL,'2012-04-16 13:58:20','干事',NULL,1,1,'贵州移动','职员','Y',NULL,'Y'),
  (166,4549,1,3,1,'Y',NULL,'',NULL,'贵阳','',NULL,'2012-04-16 13:58:20','干事',NULL,1,1,'贵州移动','职员','Y',NULL,'Y'),
  (166,4550,1,5,1,'Y',NULL,'',NULL,'贵阳','',NULL,'2012-04-16 13:58:20','干事',NULL,1,1,'贵州移动','职员','N',NULL,'Y'),
  (166,4551,1,7,1,'Y',NULL,'',NULL,'贵阳','',NULL,'2012-04-16 13:58:20','干事',NULL,1,1,'贵州移动','职员','N',NULL,'Y'),
  (166,4552,1,8,1,'Y',NULL,'',NULL,'贵阳','',NULL,'2012-04-16 13:58:20','干事',NULL,1,1,'贵州移动','职员','N',NULL,'Y'),
  (166,4553,1,9,1,'Y',NULL,'',NULL,'贵阳','',NULL,'2012-04-16 13:58:20','干事',NULL,1,1,'贵州移动','职员','N',NULL,'Y'),
  (167,4452,1,2,1,'Y',NULL,'chenxuyi@gz.chinamobile.com',NULL,'贵阳','',NULL,'2012-04-16 16:26:42','干事',NULL,1,1,'贵州移动','职员','Y',NULL,'Y'),
  (167,4455,1,4,1,'Y',NULL,'liuyuan@gz.chinamobile.com',NULL,'贵阳','',NULL,'2012-04-16 16:26:42','干事',NULL,1,1,'贵州移动','职员','N',NULL,'Y'),
  (167,4456,1,6,1,'Y',NULL,'liuhongyu@gz.chinamobile.com',NULL,'贵阳','',NULL,'2012-04-16 16:26:42','干事',NULL,1,1,'贵州移动','职员','N',NULL,'Y'),
  (167,4548,1,1,1,'Y','','liuou@gz.chinamobile.com',NULL,'贵阳','',NULL,'2012-04-16 16:28:25','干事',NULL,1,1,'贵州移动','职员','Y',NULL,'Y'),
  (167,4549,1,3,1,'Y',NULL,'zhoushu@gz.chinamobile.com',NULL,'贵阳','',NULL,'2012-04-16 16:26:42','干事',NULL,1,1,'贵州移动','职员','Y',NULL,'Y'),
  (167,4550,1,5,1,'Y',NULL,'jiqing@gz.chinamobile.com',NULL,'贵阳','',NULL,'2012-04-16 16:26:42','干事',NULL,1,1,'贵州移动','职员','N',NULL,'Y'),
  (167,4551,1,7,1,'Y',NULL,'wugang@gz.chinamobile.com',NULL,'贵阳','',NULL,'2012-04-16 16:26:42','干事',NULL,1,1,'贵州移动','职员','N',NULL,'Y'),
  (167,4552,1,8,1,'Y',NULL,'liaolibo@gz.chinamobile.com',NULL,'贵阳','',NULL,'2012-04-16 16:26:42','干事',NULL,1,1,'贵州移动','职员','N',NULL,'Y'),
  (167,4553,1,9,1,'Y',NULL,'yuanyuntao@gz.chinamobile.com',NULL,'贵阳','',NULL,'2012-04-16 16:26:42','干事',NULL,1,1,'贵州移动','职员','N',NULL,'Y'),
  (168,4458,1,1,1,'Y',NULL,'guoxu775@163.com',NULL,'合肥市','',NULL,'2012-04-13 11:04:29','干事',NULL,1,1,'网达软件','软件工程师,测试工程师','Y',NULL,'Y'),
  (170,4452,1,2,1,'Y',NULL,'',NULL,'贵阳','',NULL,'2012-04-16 14:07:25','干事',NULL,1,1,'贵州移动','职员','Y',NULL,'Y'),
  (170,4455,1,4,1,'Y',NULL,'',NULL,'贵阳','',NULL,'2012-04-16 14:07:25','干事',NULL,1,1,'贵州移动','职员','N',NULL,'Y'),
  (170,4456,1,6,1,'Y',NULL,'',NULL,'贵阳','',NULL,'2012-04-16 14:07:25','干事',NULL,1,1,'贵州移动','职员','N',NULL,'Y'),
  (170,4458,2,NULL,1,'Y','','',NULL,'','',NULL,'2012-04-17 18:08:09','',NULL,1,0,'','','N',NULL,'Y'),
  (170,4460,1,NULL,1,'Y','','',NULL,'','',NULL,'2012-04-17 18:22:28','',NULL,1,0,'','','N',NULL,'Y'),
  (170,4548,1,1,1,'Y',NULL,'',NULL,'贵阳','',NULL,'2012-04-16 14:07:25','干事',NULL,1,1,'贵州移动','职员','Y',NULL,'Y'),
  (170,4549,1,3,1,'Y',NULL,'',NULL,'贵阳','',NULL,'2012-04-16 14:07:25','干事',NULL,1,1,'贵州移动','职员','Y',NULL,'Y'),
  (170,4550,1,5,1,'Y',NULL,'',NULL,'贵阳','',NULL,'2012-04-16 14:07:25','干事',NULL,1,1,'贵州移动','职员','N',NULL,'Y'),
  (170,4551,1,7,1,'Y',NULL,'',NULL,'贵阳','',NULL,'2012-04-16 14:07:25','干事',NULL,1,1,'贵州移动','职员','N',NULL,'Y'),
  (170,4552,1,8,1,'Y',NULL,'',NULL,'贵阳','',NULL,'2012-04-16 14:07:25','干事',NULL,1,1,'贵州移动','职员','N',NULL,'Y'),
  (170,4553,1,9,1,'Y',NULL,'',NULL,'贵阳','',NULL,'2012-04-16 14:07:25','干事',NULL,1,1,'贵州移动','职员','N',NULL,'Y'),
  (170,4554,1,15,1,'Y','','hugang@gz.chinamobile.com',NULL,'安顺','安顺移动',NULL,'2012-04-17 14:52:59','',NULL,1,0,'安顺公司','','N',NULL,'Y'),
  (170,4555,1,NULL,1,'Y','','',NULL,'','',NULL,'2012-04-18 11:08:33','经理',NULL,1,1,'安顺分公司','经理','Y',NULL,'Y'),
  (172,4548,1,NULL,1,'Y','','',NULL,'','',NULL,'2012-04-18 14:37:46','',NULL,1,0,'','','N',NULL,'Y'),
  (173,4460,1,NULL,0,'N','','',NULL,'','',NULL,'2012-04-19 12:00:16','',NULL,0,0,'','','N',NULL,'Y'),
  (173,4476,1,1,1,'Y',NULL,'',NULL,'','',NULL,'2012-04-19 11:11:13','',NULL,1,0,'省公司','副总经理、总法律顾问','Y',NULL,'Y'),
  (173,4481,1,7,1,'Y',NULL,'',NULL,'','',NULL,'2012-04-19 11:11:13','',NULL,1,0,'省公司','信息技术部总经理',NULL,NULL,NULL),
  (173,4484,1,2,1,'Y',NULL,'',NULL,'','',NULL,'2012-04-19 11:11:13','',NULL,1,0,'省公司','综合部总经理',NULL,NULL,NULL),
  (173,4515,1,12,1,'Y',NULL,'',NULL,'','',NULL,'2012-04-19 11:11:13','',NULL,1,0,'省公司','后勤服务中心副总经理',NULL,NULL,NULL),
  (173,4519,1,8,1,'Y','','',NULL,'','',NULL,'2012-04-23 16:33:44','',NULL,1,0,'省公司','工程管理中心副总经理','N',NULL,NULL),
  (173,4522,1,17,1,'Y',NULL,'',NULL,'','',NULL,'2012-04-19 11:11:13','',NULL,1,0,'贵阳分公司','综合部经理',NULL,NULL,NULL),
  (173,4525,1,21,1,'Y',NULL,'',NULL,'','',NULL,'2012-04-19 11:11:13','',NULL,1,0,'遵义分公司','副总经理',NULL,NULL,NULL),
  (173,4529,1,26,1,'Y',NULL,'',NULL,'','',NULL,'2012-04-19 11:11:14','',NULL,1,0,'安顺分公司','综合办经理',NULL,NULL,NULL),
  (173,4530,1,29,1,'Y',NULL,'',NULL,'','',NULL,'2012-04-19 11:11:14','',NULL,1,0,'黔南分公司','总经理',NULL,NULL,NULL),
  (173,4536,1,37,1,'Y',NULL,'',NULL,'','',NULL,'2012-04-19 11:11:14','',NULL,1,0,'铜仁分公司','总经理',NULL,NULL,NULL),
  (173,4544,1,50,1,'Y',NULL,'',NULL,'','',NULL,'2012-04-19 11:11:14','',NULL,1,0,'黔西南分公司','综合部经理',NULL,NULL,NULL),
  (173,4546,1,54,1,'Y',NULL,'',NULL,'','',NULL,'2012-04-19 11:11:14','',NULL,1,0,'中移通信公司','综合部主任',NULL,NULL,NULL),
  (173,4548,1,NULL,0,'N','','',NULL,'','',NULL,'2012-04-23 16:35:49','',NULL,0,0,'','','N',NULL,NULL),
  (173,4549,1,14,1,'Y',NULL,'',NULL,'','',NULL,'2012-04-19 11:11:13','',NULL,1,0,'省公司','信息技术部维护支撑室经理',NULL,NULL,NULL),
  (173,4556,1,3,1,'Y',NULL,'',NULL,'','',NULL,'2012-04-19 11:11:13','',NULL,1,0,'省公司','财务部总经理',NULL,NULL,NULL),
  (173,4557,1,4,1,'Y',NULL,'',NULL,'','',NULL,'2012-04-19 11:11:13','',NULL,1,0,'省公司','纪检监察室主任',NULL,NULL,NULL),
  (173,4558,1,5,1,'Y',NULL,'',NULL,'','',NULL,'2012-04-19 11:11:13','',NULL,1,0,'省公司','客户服务部总经理',NULL,NULL,NULL),
  (173,4559,1,6,1,'Y',NULL,'',NULL,'','',NULL,'2012-04-19 11:11:13','',NULL,1,0,'省公司','网络部总经理',NULL,NULL,NULL),
  (173,4561,1,9,1,'Y',NULL,'',NULL,'','',NULL,'2012-04-19 11:11:13','',NULL,1,0,'省公司','数据部总经理',NULL,NULL,NULL),
  (173,4562,1,10,1,'Y',NULL,'',NULL,'','',NULL,'2012-04-19 11:11:13','',NULL,1,0,'省公司','计划部副总经理',NULL,NULL,NULL),
  (173,4563,1,11,1,'Y',NULL,'',NULL,'','',NULL,'2012-04-19 11:11:13','',NULL,1,0,'省公司','采购物流部副总经理',NULL,NULL,NULL),
  (173,4564,1,13,1,'Y',NULL,'',NULL,'','',NULL,'2012-04-19 11:11:13','',NULL,1,0,'省公司','综合部副总经理兼法律事务中心主任',NULL,NULL,NULL),
  (173,4565,1,15,1,'Y',NULL,'',NULL,'','',NULL,'2012-04-19 11:11:13','',NULL,1,0,'省公司','综合部安全生产室经理',NULL,NULL,NULL),
  (173,4566,1,16,1,'Y',NULL,'',NULL,'','',NULL,'2012-04-19 11:11:13','',NULL,1,0,'贵阳分公司','副总经理',NULL,NULL,NULL),
  (173,4567,1,18,1,'Y',NULL,'',NULL,'','',NULL,'2012-04-19 11:11:13','',NULL,1,0,'贵阳分公司','法律事务管理',NULL,NULL,NULL),
  (173,4568,1,19,1,'Y',NULL,'',NULL,'','',NULL,'2012-04-19 11:11:13','',NULL,1,0,'贵阳分公司','安全管理',NULL,NULL,NULL),
  (173,4569,1,20,1,'Y',NULL,'',NULL,'','',NULL,'2012-04-19 11:11:13','',NULL,1,0,'贵阳分公司','安全管理',NULL,NULL,NULL),
  (173,4570,1,22,1,'Y',NULL,'',NULL,'','',NULL,'2012-04-19 11:11:13','',NULL,1,0,'遵义分公司','综合部经理',NULL,NULL,NULL),
  (173,4571,1,23,1,'Y',NULL,'',NULL,'','',NULL,'2012-04-19 11:11:13','',NULL,1,0,'遵义分公司','法律事务管理',NULL,NULL,NULL),
  (173,4572,1,24,1,'Y',NULL,'',NULL,'','',NULL,'2012-04-19 11:11:13','',NULL,1,0,'遵义分公司','安全管理',NULL,NULL,NULL),
  (173,4573,1,25,1,'Y',NULL,'',NULL,'','',NULL,'2012-04-19 11:11:14','',NULL,1,0,'安顺分公司','副总经理',NULL,NULL,NULL),
  (173,4574,1,27,1,'Y',NULL,'',NULL,'','',NULL,'2012-04-19 11:11:14','',NULL,1,0,'安顺分公司','综合秘书兼法律事务管理',NULL,NULL,NULL),
  (173,4575,1,28,1,'Y',NULL,'',NULL,'','',NULL,'2012-04-19 11:11:14','',NULL,1,0,'安顺分公司','安全管理',NULL,NULL,NULL),
  (173,4576,1,30,1,'Y',NULL,'',NULL,'','',NULL,'2012-04-19 11:11:14','',NULL,1,0,'黔南分公司','综合部副经理',NULL,NULL,NULL),
  (173,4577,1,31,1,'Y',NULL,'',NULL,'','',NULL,'2012-04-19 11:11:14','',NULL,1,0,'黔南分公司','法律事务管理',NULL,NULL,NULL),
  (173,4578,1,32,1,'Y',NULL,'',NULL,'','',NULL,'2012-04-19 11:11:14','',NULL,1,0,'黔南分公司','安全管理',NULL,NULL,NULL),
  (173,4579,1,33,1,'Y',NULL,'',NULL,'','',NULL,'2012-04-19 11:11:14','',NULL,1,0,'黔东南分公司','总经理',NULL,NULL,NULL),
  (173,4580,1,34,1,'Y',NULL,'',NULL,'','',NULL,'2012-04-19 11:11:14','',NULL,1,0,'黔东南分公司','总经理助理兼综合办经理',NULL,NULL,NULL),
  (173,4581,1,35,1,'Y',NULL,'',NULL,'','',NULL,'2012-04-19 11:11:14','',NULL,1,0,'黔东南分公司','法律事务管理',NULL,NULL,NULL),
  (173,4582,1,36,1,'Y',NULL,'',NULL,'','',NULL,'2012-04-19 11:11:14','',NULL,1,0,'黔东南分公司','安全管理',NULL,NULL,NULL),
  (173,4583,1,38,1,'Y',NULL,'',NULL,'','',NULL,'2012-04-19 11:11:14','',NULL,1,0,'铜仁分公司','综合办副经理',NULL,NULL,NULL),
  (173,4584,1,39,1,'Y',NULL,'',NULL,'','',NULL,'2012-04-19 11:11:14','',NULL,1,0,'铜仁分公司','法律事务管理',NULL,NULL,NULL),
  (173,4585,1,40,1,'Y',NULL,'',NULL,'','',NULL,'2012-04-19 11:11:14','',NULL,1,0,'铜仁分公司','安全管理',NULL,NULL,NULL),
  (173,4586,1,41,1,'Y',NULL,'',NULL,'','',NULL,'2012-04-19 11:11:14','',NULL,1,0,'毕节分公司','副总经理',NULL,NULL,NULL),
  (173,4587,1,42,1,'Y',NULL,'',NULL,'','',NULL,'2012-04-19 11:11:14','',NULL,1,0,'毕节分公司','综合部经理',NULL,NULL,NULL),
  (173,4588,1,43,1,'Y',NULL,'',NULL,'','',NULL,'2012-04-19 11:11:14','',NULL,1,0,'毕节分公司','法律事务管理',NULL,NULL,NULL),
  (173,4589,1,44,1,'Y',NULL,'',NULL,'','',NULL,'2012-04-19 11:11:14','',NULL,1,0,'毕节分公司','安全管理',NULL,NULL,NULL),
  (173,4590,1,45,1,'Y',NULL,'',NULL,'','',NULL,'2012-04-19 11:11:14','',NULL,1,0,'六盘水分公司','副总经理',NULL,NULL,NULL),
  (173,4591,1,46,1,'Y',NULL,'',NULL,'','',NULL,'2012-04-19 11:11:14','',NULL,1,0,'六盘水分公司','综合部副经理',NULL,NULL,NULL),
  (173,4592,1,47,1,'Y',NULL,'',NULL,'','',NULL,'2012-04-19 11:11:14','',NULL,1,0,'六盘水分公司','综合部经理助理',NULL,NULL,NULL),
  (173,4593,1,48,1,'Y',NULL,'',NULL,'','',NULL,'2012-04-19 11:11:14','',NULL,1,0,'六盘水分公司','法律事务管理',NULL,NULL,NULL),
  (173,4594,1,49,1,'Y',NULL,'',NULL,'','',NULL,'2012-04-19 11:11:14','',NULL,1,0,'黔西南分公司','总经理',NULL,NULL,NULL),
  (173,4595,1,51,1,'Y',NULL,'',NULL,'','',NULL,'2012-04-19 11:11:14','',NULL,1,0,'黔西南分公司','法律事务管理',NULL,NULL,NULL),
  (173,4596,1,52,1,'Y',NULL,'',NULL,'','',NULL,'2012-04-19 11:11:14','',NULL,1,0,'黔西南分公司','安全管理',NULL,NULL,NULL),
  (173,4597,1,53,1,'Y',NULL,'',NULL,'','',NULL,'2012-04-19 11:11:14','',NULL,1,0,'中移通信公司','总经理',NULL,NULL,NULL),
  (173,4598,1,55,1,'Y',NULL,'',NULL,'','',NULL,'2012-04-19 11:11:14','',NULL,1,0,'中移通信公司','安全管理兼法律事务管理',NULL,NULL,NULL),
  (173,4599,1,56,1,'Y',NULL,'',NULL,'','',NULL,'2012-04-19 11:11:14','',NULL,1,0,'会务组','',NULL,NULL,NULL),
  (173,4600,1,57,1,'Y',NULL,'',NULL,'','',NULL,'2012-04-19 11:11:14','',NULL,1,0,'会务组','',NULL,NULL,NULL),
  (173,4601,1,58,1,'Y',NULL,'',NULL,'','',NULL,'2012-04-19 11:11:14','',NULL,1,0,'会务组','',NULL,NULL,NULL),
  (173,4602,1,59,1,'Y',NULL,'',NULL,'','',NULL,'2012-04-19 11:11:14','',NULL,1,0,'会务组','',NULL,NULL,NULL),
  (173,4603,1,60,1,'Y',NULL,'',NULL,'','',NULL,'2012-04-19 11:11:14','',NULL,1,0,'会务组','',NULL,NULL,NULL),
  (173,4604,1,61,1,'Y',NULL,'',NULL,'','',NULL,'2012-04-19 11:11:14','',NULL,1,0,'会务组','',NULL,NULL,NULL),
  (173,4605,1,62,1,'Y',NULL,'',NULL,'','',NULL,'2012-04-19 11:11:14','',NULL,1,0,'会务组','',NULL,NULL,NULL),
  (173,4606,1,63,1,'Y',NULL,'',NULL,'','',NULL,'2012-04-19 11:11:14','',NULL,1,0,'会务组','',NULL,NULL,NULL),
  (173,4607,1,4,1,'Y','','',NULL,'','',NULL,'2012-04-23 16:28:10','',NULL,1,0,'省公司','人力资源部总经理','N',NULL,NULL),
  (173,4608,1,NULL,0,'N','','',NULL,'','',NULL,'2012-04-23 16:55:50','',NULL,0,0,'','','N',NULL,NULL);

COMMIT;

#
# Data for the `meeting_module_title` table  (LIMIT 0,500)
#

INSERT INTO `meeting_module_title` (`id`, `meeting_id`, `base_module_title_id`, `base_menu_id`, `name`, `title_name`, `key_name`, `terminal_type`) VALUES 
  (289,157,17,118,'会议议程','分组详情','agenda.team.detail.title','CLIENT'),
  (290,157,18,118,'会议议程','其他分组','agenda.team.others.title','CLIENT'),
  (291,157,80,120,'会议资料','下载管理','file.download.title','CLIENT'),
  (292,157,19,121,'互动交流','发言','interaction.post.title','CLIENT'),
  (293,157,20,121,'互动交流','发表评论','interaction.reply.title','CLIENT'),
  (294,157,94,122,'会场位置','会场位置','location.map.title','CLIENT'),
  (295,157,21,124,'餐饮安排','就餐详情','dinner.team.detail.title','CLIENT'),
  (296,157,22,124,'餐饮安排','其他分组','dinner.team.others.title','CLIENT'),
  (297,157,23,125,'通讯录','通讯录详情 ','memberlist.detail.title','CLIENT'),
  (298,157,24,126,'私信','发表私信','privatemsg.post.title','CLIENT'),
  (299,157,81,126,'私信','查看私信','privatemsg.view.title','CLIENT'),
  (300,158,17,118,'会议议程','分组详情','agenda.team.detail.title','CLIENT'),
  (301,158,18,118,'会议议程','其他分组','agenda.team.others.title','CLIENT'),
  (302,158,80,120,'会议资料','下载管理','file.download.title','CLIENT'),
  (303,158,19,121,'互动交流','发言','interaction.post.title','CLIENT'),
  (304,158,20,121,'互动交流','发表评论','interaction.reply.title','CLIENT'),
  (305,158,94,122,'会场位置','会场位置','location.map.title','CLIENT'),
  (306,158,21,124,'餐饮安排','就餐详情','dinner.team.detail.title','CLIENT'),
  (307,158,22,124,'餐饮安排','其他分组','dinner.team.others.title','CLIENT'),
  (308,158,23,125,'通讯录','通讯录详情 ','memberlist.detail.title','CLIENT'),
  (309,158,24,126,'私信','发表私信','privatemsg.post.title','CLIENT'),
  (310,158,81,126,'私信','查看私信','privatemsg.view.title','CLIENT'),
  (311,159,17,118,'会议议程','分组详情','agenda.team.detail.title','CLIENT'),
  (312,159,18,118,'会议议程','其他分组','agenda.team.others.title','CLIENT'),
  (313,159,80,120,'会议资料','下载管理','file.download.title','CLIENT'),
  (314,159,19,121,'互动交流','发言','interaction.post.title','CLIENT'),
  (315,159,20,121,'互动交流','发表评论','interaction.reply.title','CLIENT'),
  (316,159,94,122,'会场位置','会场位置','location.map.title','CLIENT'),
  (317,159,21,124,'餐饮安排','就餐详情','dinner.team.detail.title','CLIENT'),
  (318,159,22,124,'餐饮安排','其他分组','dinner.team.others.title','CLIENT'),
  (319,159,23,125,'通讯录','通讯录详情 ','memberlist.detail.title','CLIENT'),
  (320,159,24,126,'私信','发表私信','privatemsg.post.title','CLIENT'),
  (321,159,81,126,'私信','查看私信','privatemsg.view.title','CLIENT'),
  (322,160,17,118,'会议议程','分组详情','agenda.team.detail.title','CLIENT'),
  (323,160,18,118,'会议议程','其他分组','agenda.team.others.title','CLIENT'),
  (324,160,80,120,'会议资料','下载管理','file.download.title','CLIENT'),
  (325,160,19,121,'互动交流','发言','interaction.post.title','CLIENT'),
  (326,160,20,121,'互动交流','发表评论','interaction.reply.title','CLIENT'),
  (327,160,94,122,'会场位置','会场位置','location.map.title','CLIENT'),
  (328,160,21,124,'餐饮安排','就餐详情','dinner.team.detail.title','CLIENT'),
  (329,160,22,124,'餐饮安排','其他分组','dinner.team.others.title','CLIENT'),
  (330,160,23,125,'通讯录','通讯录详情 ','memberlist.detail.title','CLIENT'),
  (331,160,24,126,'私信','发表私信','privatemsg.post.title','CLIENT'),
  (332,160,81,126,'私信','查看私信','privatemsg.view.title','CLIENT');

COMMIT;

#
# Data for the `meeting_post` table  (LIMIT 0,500)
#

INSERT INTO `meeting_post` (`id`, `meeting_id`, `content`, `imgurl`, `videourl`, `poster`, `view_count`, `comment_count`, `create_time`, `checker`, `modify_time`, `state`, `comments`, `poster_name`, `poster_job`, `poster_type`) VALUES 
  (675,166,'欢迎大家对会务通系统提出宝贵建议！','','',79,0,0,'2012-03-21 11:40:01',NULL,'2012-03-21 11:40:01',NULL,NULL,'集团超级管理员','会议管理员',1),
  (677,166,'天瀑大酒店','http://218.201.251.102/interaction/upload/20120321170650.JPG','',79,1,0,'2012-03-21 17:06:50',NULL,'2012-03-21 17:06:50',NULL,NULL,'集团超级管理员','会议管理员',1),
  (679,166,'签到处','http://218.201.251.102/interaction/upload/20120321170752.JPG','',79,1,0,'2012-03-21 17:07:52',NULL,'2012-03-21 17:07:52',NULL,NULL,'集团超级管理员','会议管理员',1),
  (682,164,'公司logo','http://218.201.251.102/interaction/upload/20120331103718.png',NULL,4458,2,0,'2012-03-31 10:37:20',NULL,'2012-03-31 10:37:20',NULL,NULL,'郭旭',NULL,0),
  (683,164,'test','','',4449,0,0,'2012-03-31 16:26:54',NULL,'2012-03-31 16:26:54',NULL,NULL,'jinzhuhua',NULL,0),
  (684,166,'大家中午好 ','',NULL,4458,1,0,'2012-04-12 11:50:10',NULL,'2012-04-12 11:50:10',NULL,NULL,'郭旭','会务',0),
  (685,164,'test','',NULL,4458,0,0,'2012-04-18 11:08:58',NULL,'2012-04-18 11:08:58',NULL,NULL,'guo','',0),
  (686,166,'fdfddfd','','',4548,0,0,'2012-04-18 15:02:26',NULL,'2012-04-18 15:02:26',NULL,NULL,'刘鸥',NULL,0);

COMMIT;

#
# Data for the `meeting_sms` table  (LIMIT 0,500)
#

INSERT INTO `meeting_sms` (`id`, `meeting_id`, `messages`, `delay`, `sendtime`, `creator`, `create_time`, `state`, `comments`) VALUES 
  (1984,163,'尊敬的郭旭，您好！普通电脑用户访问http://218.201.251.102/htdocsportal，手机用户访问http://218.201.251.102/htdocswap，  输入手机号15256560337、密码4690，即可登录本次会议。会议编号为163，会议名称为创新管理。 -- asdf',0,NULL,NULL,'2012-03-19 23:10:53',1,NULL),
  (1985,164,'尊敬的郭旭，您好！普通电脑用户访问http://218.201.251.102/htdocsportal，手机用户访问http://218.201.251.102/htdocswap，  输入手机号15256560237、密码9702，即可登录本次会议。会议编号为164，会议名称为郭旭测试会议。 -- 贵州移动通信有限公司会务组 ',0,NULL,NULL,'2012-03-19 23:21:42',1,NULL),
  (1986,164,'尊敬的阿特尔安慰她，您好！普通电脑用户访问http://218.201.251.102/htdocsportal，手机用户访问http://218.201.251.102/htdocswap，  输入手机号15256789000、密码9856，即可登录本次会议。会议编号为164，会议名称为郭旭测试会议。 -- 贵州移动通信有限公司会务组 ',0,NULL,NULL,'2012-03-19 23:21:42',1,NULL),
  (1987,164,'尊敬的郭旭，您好！普通电脑用户访问http://218.201.251.102/htdocsportal，手机用户访问http://218.201.251.102/htdocswap，  输入手机号15256560237、密码1795，即可登录本次会议。会议编号为164，会议名称为郭旭测试会议。 -- 贵州移动通信有限公司会务组 ',0,NULL,NULL,'2012-03-19 23:42:31',1,NULL),
  (1988,164,'尊敬的张国敬，您好！普通电脑用户访问http://218.201.251.102/htdocsportal，手机用户访问http://218.201.251.102/htdocswap，  输入手机号13865960090、密码3142，即可登录本次会议。会议编号为164，会议名称为郭旭测试会议。 -- 贵州移动通信有限公司会务组 ',0,NULL,NULL,'2012-03-19 23:42:31',1,NULL),
  (1989,164,'尊敬的郭旭，您好！普通电脑用户访问http://218.201.251.102:8080/htdocsportal，手机用户访问http://218.201.251.102:8080/htdocswap，  输入手机号15256560237、密码1567，即可登录本次会议。会议编号为164，会议名称为郭旭测试会议。 -- sdfgsdfgsdfgsdfgsdfgsdfgsdfg',0,NULL,NULL,'2012-03-20 02:00:06',1,NULL),
  (1990,164,'尊敬的张国敬，您好！普通电脑用户访问http://218.201.251.102:8080/htdocsportal，手机用户访问http://218.201.251.102:8080/htdocswap，  输入手机号13865960090、密码5512，即可登录本次会议。会议编号为164，会议名称为郭旭测试会议。 -- sdfgsdfgsdfgsdfgsdfgsdfgsdfg',0,NULL,NULL,'2012-03-20 02:00:06',1,NULL),
  (1991,164,'尊敬的郭旭，您好！普通电脑用户访问http://218.201.251.102/portal，手机用户访问http://218.201.251.102/wap，  输入手机号15256560237、密码6576，即可登录本次会议。会议编号为164，会议名称为郭旭测试会议。 -- 贵州移动通信有限公司会务组 ',0,NULL,NULL,'2012-03-20 03:44:01',1,NULL),
  (1992,164,'贵州移动通信有限公司会务组',0,NULL,NULL,'2012-03-20 03:44:22',1,NULL),
  (1993,164,'尊敬的郭旭，您好！普通电脑用户访问http://218.201.251.102/portal，手机用户访问http://218.201.251.102/wap，  输入手机号15256560237、密码1572，即可登录本次会议。会议编号为164，会议名称为郭旭测试会议。 -- 贵州移动通信有限公司会务组 \r\n彪悍的人生 无需解释。',0,NULL,NULL,'2012-03-20 04:00:19',1,NULL),
  (1994,164,'尊敬的张国敬，您好！普通电脑用户访问http://218.201.251.102/portal，手机用户访问http://218.201.251.102/wap，  输入手机号13865960090、密码1784，即可登录本次会议。会议编号为164，会议名称为郭旭测试会议。 -- 贵州移动通信有限公司会务组 \r\n彪悍的人生 无需解释。',0,NULL,NULL,'2012-03-20 04:00:19',1,NULL),
  (1995,164,'尊敬的周爸爸，您好！普通电脑用户访问http://218.201.251.102/portal，手机用户访问http://218.201.251.102/wap，  输入手机号13956099163、密码3506，即可登录本次会议。会议编号为164，会议名称为郭旭测试会议。 -- 贵州移动通信有限公司会务组 \r\n彪悍的人生 无需解释。',0,NULL,NULL,'2012-03-20 04:00:19',1,NULL),
  (1996,164,'尊敬的郭旭，您好！普通电脑用户访问http://218.201.251.102/portal，手机用户访问http://218.201.251.102/wap，  输入手机号15256560237、密码1617，即可登录本次会议。会议编号为164，会议名称为郭旭测试会议。 -- 贵州移动通信有限公司会务组 贵州移动通信有限公司会务组 \r\nceshi',0,NULL,NULL,'2012-03-20 07:41:36',1,NULL),
  (1997,164,'尊敬的张国敬，您好！普通电脑用户访问http://218.201.251.102/portal，手机用户访问http://218.201.251.102/wap，  输入手机号13865960090、密码3237，即可登录本次会议。会议编号为164，会议名称为郭旭测试会议。 -- 贵州移动通信有限公司会务组 贵州移动通信有限公司会务组 \r\nceshi',0,NULL,NULL,'2012-03-20 07:41:36',1,NULL),
  (1998,164,'尊敬的周爸爸，您好！普通电脑用户访问http://218.201.251.102/portal，手机用户访问http://218.201.251.102/wap，  输入手机号13956099163、密码5438，即可登录本次会议。会议编号为164，会议名称为郭旭测试会议。 -- 贵州移动通信有限公司会务组 贵州移动通信有限公司会务组 \r\nceshi',0,NULL,NULL,'2012-03-20 07:41:37',1,NULL),
  (1999,163,'尊敬的刘f宇，您好！普通电脑用户访问http://218.201.251.102/portal，手机用户访问http://218.201.251.102/wap，  输入手机号13985029531、密码5184，即可登录本次会议。会议编号为163，会议名称为创新管理。 -- test',0,NULL,NULL,'2012-03-20 14:17:37',1,NULL),
  (2000,164,'尊敬的周爸爸，您好！普通电脑用户访问http://218.201.251.102/portal，手机用户访问http://218.201.251.102/wap，  输入手机号13956099163、密码5438，即可登录本次会议。会议编号为164，会议名称为测试会议。 -- 111',0,NULL,NULL,'2012-03-20 14:26:53',1,NULL),
  (2001,165,'尊敬的郭旭，您好！普通电脑用户访问http://218.201.251.102/portal，手机用户访问http://218.201.251.102/wap，  输入手机号15256560237、密码9432，即可登录本次会议。会议编号为165，会议名称为创新会议。 -- test',0,NULL,NULL,'2012-03-20 14:58:21',1,NULL),
  (2002,164,'尊敬的john，您好！普通电脑用户访问http://218.201.251.102/portal，手机用户访问http://218.201.251.102/wap，  输入手机号18655184258、密码1191，即可登录本次会议。会议编号为164，会议名称为测试会议。 -- meeting',0,NULL,NULL,'2012-03-20 17:47:40',1,NULL),
  (2003,166,'尊敬的刘媛，您好！普通电脑用户访问http://218.201.251.102/portal，手机用户访问http://218.201.251.102/wap，  输入手机号13608529590即可登录本次会议。会议编号为166，会议名称为贵州创新管理会议(安顺)。 ',0,NULL,NULL,'2012-03-21 12:55:02',1,NULL),
  (2004,166,'尊敬的郭旭，您好！普通电脑用户访问http://218.201.251.102/portal，手机用户访问http://218.201.251.102/wap，  输入手机号15256560237、密码6253，即可登录本次会议。会议编号为166，会议名称为贵州创新管理会议(安顺)。 -- test',0,NULL,NULL,'2012-03-21 16:53:10',1,NULL),
  (2005,164,'尊敬的jinzhuhua，您好！普通电脑用户访问http://218.201.251.102/portal/164，手机用户访问http://218.201.251.102/wap/164，  输入手机号15375296623，并根据动态验证码，即可登录本次会议。会议编号为164，会议名称为测试会议。 -- 我在测试',0,NULL,NULL,'2012-03-27 17:40:06',1,NULL),
  (2006,164,'test',0,NULL,NULL,'2012-03-27 19:32:22',1,NULL),
  (2007,164,'test',0,NULL,NULL,'2012-03-27 19:32:23',1,NULL),
  (2008,164,'test',0,NULL,NULL,'2012-03-27 19:32:23',1,NULL),
  (2009,164,'test',0,NULL,NULL,'2012-03-27 19:32:23',1,NULL),
  (2010,164,'test',0,NULL,NULL,'2012-03-27 19:32:23',1,NULL),
  (2011,164,'test',0,NULL,NULL,'2012-03-27 19:32:23',1,NULL),
  (2012,164,'test',0,NULL,NULL,'2012-03-27 19:32:23',1,NULL),
  (2013,166,'尊敬的张国敬，您好！普通电脑用户访问http://218.201.251.102/portal/166，手机用户访问http://218.201.251.102/wap/166，  输入手机号13865960090，并根据动态验证码，即可登录本次会议。会议编号为166，会议名称为贵州创新管理会议(安顺)。 -- 222',0,NULL,NULL,'2012-03-29 17:57:42',1,NULL),
  (2014,164,'hahaahhhahhaa',0,NULL,NULL,'2012-03-31 10:06:32',1,NULL),
  (2015,164,'帅哥，收短信。',0,NULL,NULL,'2012-03-31 10:08:00',1,NULL),
  (2016,164,'帅哥，收短信。',0,NULL,NULL,'2012-03-31 10:08:00',1,NULL),
  (2017,164,'帅哥，收短信。',0,NULL,NULL,'2012-03-31 10:08:01',1,NULL),
  (2018,164,'帅哥，收短信。',0,NULL,NULL,'2012-03-31 10:08:01',1,NULL),
  (2019,166,'test20120331',0,NULL,NULL,'2012-03-31 16:14:07',1,NULL),
  (2020,164,'尊敬的jinzhuhua，您好！普通电脑用户访问http://218.201.251.102/portal/164，手机用户访问http://218.201.251.102/wap/164，  输入手机号15375296623，并根据动态验证码，即可登录本次会议。会议编号为164，会议名称为测试会议。 -- test\r\n\r\n郭旭测试短信。收到告诉我下。谢谢。',0,NULL,NULL,'2012-03-31 16:16:51',1,NULL),
  (2021,164,'尊敬的张国敬，您好！普通电脑用户访问http://218.201.251.102/portal/164，手机用户访问http://218.201.251.102/wap/164，  输入手机号13865960090，并根据动态验证码，即可登录本次会议。会议编号为164，会议名称为测试会议。 -- test\r\n\r\n郭旭测试短信。收到告诉我下。谢谢。',0,NULL,NULL,'2012-03-31 16:16:51',1,NULL),
  (2022,166,'尊敬的jin，您好！普通电脑用户访问http://218.201.251.102/portal/166，手机用户访问http://218.201.251.102/wap/166，  输入手机号15375296623，并根据动态验证码，即可登录本次会议。会议编号为166，会议名称为贵州创新管理会议。 -- test',0,NULL,NULL,'2012-04-12 11:42:31',1,NULL),
  (2023,170,'尊敬的刘鸥干事，您好！普通电脑用户访问http://218.201.251.102/portal/170，手机用户访问http://218.201.251.102/wap/170，  输入手机号13908518578，并根据动态验证码，即可登录本次会议。会议编号为170，会议名称为信息技术部测试会议。 -- 刘鸥',0,NULL,NULL,'2012-04-16 14:31:08',2,NULL),
  (2024,170,'以下为测试短信，尊敬的刘媛干事，您好！普通电脑用户访问http://218.201.251.102/portal/170，手机用户访问http://218.201.251.102/wap/170，  输入手机号13608529590，并根据动态验证码，即可登录本次会议。会议编号为170，会议名称为信息技术部测试会议。 -- 刘鸥',0,NULL,NULL,'2012-04-16 14:32:36',2,NULL),
  (2025,170,'以下为测试短信，尊敬的刘宏宇干事，您好！普通电脑用户访问http://218.201.251.102/portal/170，手机用户访问http://218.201.251.102/wap/170，  输入手机号13985029531，并根据动态验证码，即可登录本次会议。会议编号为170，会议名称为信息技术部测试会议。 -- 刘鸥',0,NULL,NULL,'2012-04-16 14:32:36',2,NULL),
  (2026,170,'以下为测试短信，尊敬的刘鸥干事，您好！普通电脑用户访问http://218.201.251.102/portal/170，手机用户访问http://218.201.251.102/wap/170，  输入手机号13908518578，并根据动态验证码，即可登录本次会议。会议编号为170，会议名称为信息技术部测试会议。 -- 刘鸥',0,NULL,NULL,'2012-04-16 14:32:36',2,NULL),
  (2027,170,'以下为测试短信，尊敬的周澍干事，您好！普通电脑用户访问http://218.201.251.102/portal/170，手机用户访问http://218.201.251.102/wap/170，  输入手机号13984086789，并根据动态验证码，即可登录本次会议。会议编号为170，会议名称为信息技术部测试会议。 -- 刘鸥',0,NULL,NULL,'2012-04-16 14:32:36',2,NULL),
  (2028,170,'以下为测试短信，尊敬的季卿干事，您好！普通电脑用户访问http://218.201.251.102/portal/170，手机用户访问http://218.201.251.102/wap/170，  输入手机号13885186836，并根据动态验证码，即可登录本次会议。会议编号为170，会议名称为信息技术部测试会议。 -- 刘鸥',0,NULL,NULL,'2012-04-16 14:32:36',2,NULL),
  (2029,170,'以下为测试短信，尊敬的吴纲干事，您好！普通电脑用户访问http://218.201.251.102/portal/170，手机用户访问http://218.201.251.102/wap/170，  输入手机号13765070457，并根据动态验证码，即可登录本次会议。会议编号为170，会议名称为信息技术部测试会议。 -- 刘鸥',0,NULL,NULL,'2012-04-16 14:32:36',2,NULL),
  (2030,170,'以下为测试短信，尊敬的廖立波干事，您好！普通电脑用户访问http://218.201.251.102/portal/170，手机用户访问http://218.201.251.102/wap/170，  输入手机号13885127220，并根据动态验证码，即可登录本次会议。会议编号为170，会议名称为信息技术部测试会议。 -- 刘鸥',0,NULL,NULL,'2012-04-16 14:32:36',2,NULL),
  (2031,170,'以下为测试短信，尊敬的袁云涛干事，您好！普通电脑用户访问http://218.201.251.102/portal/170，手机用户访问http://218.201.251.102/wap/170，  输入手机号13985105717，并根据动态验证码，即可登录本次会议。会议编号为170，会议名称为信息技术部测试会议。 -- 刘鸥',0,NULL,NULL,'2012-04-16 14:32:36',2,NULL),
  (2032,170,'尊敬的刘鸥干事，您好！普通电脑用户访问http://218.201.251.102/portal/170，手机用户访问http://218.201.251.102/wap/170，  输入手机号13908518578，并根据动态验证码，即可登录本次会议。会议编号为170，会议名称为信息技术部测试会议。 -- 561113',0,NULL,NULL,'2012-04-16 15:01:58',2,NULL),
  (2033,170,'以下为测试短信：尊敬的刘鸥干事，您好！普通电脑用户访问http://218.201.251.102/portal/170，手机用户访问http://218.201.251.102/wap/170，  输入手机号13908518578，并根据动态验证码，即可登录本次会议。会议编号为170，会议名称为信息技术部测试会议。 -- 刘鸥',0,NULL,NULL,'2012-04-16 15:11:37',1,NULL),
  (2034,170,'以下为测试短信：尊敬的陈旭毅干事，您好！普通电脑用户访问http://218.201.251.102/portal/170，手机用户访问http://218.201.251.102/wap/170，  输入手机号13985005350，并根据动态验证码，即可登录本次会议。会议编号为170，会议名称为信息技术部测试会议。 -- 刘鸥',0,NULL,NULL,'2012-04-16 15:11:37',1,NULL),
  (2035,170,'以下为测试短信：尊敬的周澍干事，您好！普通电脑用户访问http://218.201.251.102/portal/170，手机用户访问http://218.201.251.102/wap/170，  输入手机号13984086789，并根据动态验证码，即可登录本次会议。会议编号为170，会议名称为信息技术部测试会议。 -- 刘鸥',0,NULL,NULL,'2012-04-16 15:11:37',1,NULL),
  (2036,170,'以下为测试短信：尊敬的刘媛干事，您好！普通电脑用户访问http://218.201.251.102/portal/170，手机用户访问http://218.201.251.102/wap/170，  输入手机号13608529590，并根据动态验证码，即可登录本次会议。会议编号为170，会议名称为信息技术部测试会议。 -- 刘鸥',0,NULL,NULL,'2012-04-16 15:11:37',1,NULL),
  (2037,170,'以下为测试短信：尊敬的季卿干事，您好！普通电脑用户访问http://218.201.251.102/portal/170，手机用户访问http://218.201.251.102/wap/170，  输入手机号13885186836，并根据动态验证码，即可登录本次会议。会议编号为170，会议名称为信息技术部测试会议。 -- 刘鸥',0,NULL,NULL,'2012-04-16 15:11:37',1,NULL),
  (2038,170,'以下为测试短信：尊敬的刘宏宇干事，您好！普通电脑用户访问http://218.201.251.102/portal/170，手机用户访问http://218.201.251.102/wap/170，  输入手机号13985029531，并根据动态验证码，即可登录本次会议。会议编号为170，会议名称为信息技术部测试会议。 -- 刘鸥',0,NULL,NULL,'2012-04-16 15:11:37',1,NULL),
  (2039,170,'以下为测试短信：尊敬的吴纲干事，您好！普通电脑用户访问http://218.201.251.102/portal/170，手机用户访问http://218.201.251.102/wap/170，  输入手机号13765070457，并根据动态验证码，即可登录本次会议。会议编号为170，会议名称为信息技术部测试会议。 -- 刘鸥',0,NULL,NULL,'2012-04-16 15:11:37',1,NULL),
  (2040,170,'以下为测试短信：尊敬的廖立波干事，您好！普通电脑用户访问http://218.201.251.102/portal/170，手机用户访问http://218.201.251.102/wap/170，  输入手机号13885127220，并根据动态验证码，即可登录本次会议。会议编号为170，会议名称为信息技术部测试会议。 -- 刘鸥',0,NULL,NULL,'2012-04-16 15:11:37',1,NULL),
  (2041,170,'以下为测试短信：尊敬的袁云涛干事，您好！普通电脑用户访问http://218.201.251.102/portal/170，手机用户访问http://218.201.251.102/wap/170，  输入手机号13985105717，并根据动态验证码，即可登录本次会议。会议编号为170，会议名称为信息技术部测试会议。 -- 刘鸥',0,NULL,NULL,'2012-04-16 15:11:37',1,NULL),
  (2042,170,'尊敬的胡钢，您好！普通电脑用户访问http://218.201.251.102/portal/170，手机用户访问http://218.201.251.102/wap/170，  输入手机号13908535808，并根据动态验证码，即可登录本次会议。会议编号为170，会议名称为信息技术部测试会议。 -- 刘鸥',0,NULL,NULL,'2012-04-17 14:53:55',1,NULL),
  (2043,164,'尊敬的jin，您好！普通电脑用户访问http://218.201.251.102/portal/164，手机用户访问http://218.201.251.102/wap/164，  输入手机号15375296623，并根据动态验证码，即可登录本次会议。会议编号为164，会议名称为测试会议。 -- t',0,NULL,NULL,'2012-04-17 17:23:54',1,NULL),
  (2044,166,'尊敬的邹朝晖，您好！普通电脑用户访问http://218.201.251.102/portal/166，手机用户访问http://218.201.251.102/wap/166，  输入手机号13908519502，并根据动态验证码，即可登录本次会议。会议编号为166，会议名称为贵州创新管理会议。 -- 222',0,NULL,NULL,'2012-04-18 16:38:09',1,NULL),
  (2045,173,'尊敬的曹科武，您好！普通电脑用户访问http://218.201.251.102/portal/173，手机用户访问http://218.201.251.102/173，  输入手机号13985179551，并根据动态验证码，即可登录本次会议。会议编号为173，会议名称为中国移动贵州公司2012年法律、安全管理工作会议。 -- 会务组',0,NULL,NULL,'2012-04-19 11:28:14',1,NULL),
  (2046,173,'尊敬的曹科武，您好！普通电脑用户访问http://218.201.251.102/portal/173，手机用户访问http://218.201.251.102/touch/173，  输入手机号13985179551，并根据动态验证码，即可登录本次会议。会议编号为173，会议名称为中国移动贵州公司2012年法律、安全管理工作会议。 -- 会务组',0,NULL,NULL,'2012-04-19 11:29:58',1,NULL),
  (2047,173,'尊敬的郭旭，您好！普通电脑用户访问http://218.201.251.102/portal/173，手机用户访问http://218.201.251.102/touch/173，  输入手机号15256560237，并根据动态验证码，即可登录本次会议。会议编号为173，会议名称为中国移动贵州公司2012年法律、安全管理工作会议。 -- 贵州移动通信有限公司会务组 ',0,NULL,NULL,'2012-04-19 11:46:08',2,NULL),
  (2048,164,'尊敬的jin，您好！普通电脑用户访问http://218.201.251.102/portal/164，手机用户访问http://218.201.251.102/touch/164，  输入手机号15375296623，并根据动态验证码，即可登录本次会议。会议编号为164，会议名称为测试会议。 -- test',0,NULL,NULL,'2012-04-20 16:51:21',1,NULL),
  (2049,164,'尊敬的sank，您好！普通电脑用户访问http://218.201.251.102/portal/164，手机用户访问http://218.201.251.102/touch/164，  输入手机号13855138083，并根据动态验证码，即可登录本次会议。会议编号为164，会议名称为测试会议。 -- test',0,NULL,NULL,'2012-04-20 16:51:21',1,NULL),
  (2050,164,'尊敬的郭旭(测试)，您好！普通电脑用户访问http://218.201.251.102/portal/164，手机用户访问http://218.201.251.102/touch/164，  输入手机号15256560237，并根据动态验证码，即可登录本次会议。会议编号为164，会议名称为测试会议。 -- test',0,NULL,NULL,'2012-04-20 16:51:21',1,NULL),
  (2051,164,'尊敬的测试用户，您好！普通电脑用户访问http://218.201.251.102/portal/164，手机用户访问http://218.201.251.102/touch/164，  输入手机号13865960090，并根据动态验证码，即可登录本次会议。会议编号为164，会议名称为测试会议。 -- test',0,NULL,NULL,'2012-04-20 16:51:21',1,NULL),
  (2052,164,'尊敬的周劲松，您好！普通电脑用户访问http://218.201.251.102/portal/164，手机用户访问http://218.201.251.102/touch/164，  输入手机号13956099163，并根据动态验证码，即可登录本次会议。会议编号为164，会议名称为测试会议。 -- test',0,NULL,NULL,'2012-04-20 16:51:21',1,NULL),
  (2053,164,'尊敬的汤军，您好！普通电脑用户访问http://218.201.251.102/portal/164，手机用户访问http://218.201.251.102/touch/164，  输入手机号18655184258，并根据动态验证码，即可登录本次会议。会议编号为164，会议名称为测试会议。 -- test',0,NULL,NULL,'2012-04-20 16:51:21',1,NULL),
  (2054,164,'尊敬的张国敬，您好！普通电脑用户访问http://218.201.251.102/portal/164，手机用户访问http://218.201.251.102/touch/164，  输入手机号13865960091，并根据动态验证码，即可登录本次会议。会议编号为164，会议名称为测试会议。 -- test',0,NULL,NULL,'2012-04-20 16:51:21',1,NULL),
  (2055,173,'尊敬的刘鸥，您好！普通电脑用户访问http://218.201.251.102/portal/173，手机用户访问http://218.201.251.102/touch/173，  输入手机号13908518578，并根据动态验证码，即可登录本次会议。会议编号为173，会议名称为中国移动贵州公司2012年法律、安全管理工作会议。 -- 会务组',0,NULL,NULL,'2012-04-23 16:46:40',1,NULL),
  (2056,173,'尊敬的周澍，您好！普通电脑用户访问http://218.201.251.102/portal/173，手机用户访问http://218.201.251.102/touch/173，  输入手机号13908516869，并根据动态验证码，即可登录本次会议。会议编号为173，会议名称为中国移动贵州公司2012年法律、安全管理工作会议。 -- 会务组',0,NULL,NULL,'2012-04-23 16:56:11',1,NULL),
  (2057,173,'尊敬的刘国锋，您好！普通电脑用户访问http://218.201.251.102/portal/173，手机用户访问http://218.201.251.102/touch/173，  输入手机号13908517036，并根据动态验证码，即可登录本次会议。会议编号为173，会议名称为中国移动贵州公司2012年法律、安全管理工作会议。 -- 会务组',0,NULL,NULL,'2012-04-24 08:55:36',1,NULL),
  (2058,173,'尊敬的罗健，您好！普通电脑用户访问http://218.201.251.102/portal/173，手机用户访问http://218.201.251.102/touch/173，  输入手机号13608519553，并根据动态验证码，即可登录本次会议。会议编号为173，会议名称为中国移动贵州公司2012年法律、安全管理工作会议。 -- 会务组',0,NULL,NULL,'2012-04-24 08:55:36',1,NULL),
  (2059,173,'尊敬的吴亚，您好！普通电脑用户访问http://218.201.251.102/portal/173，手机用户访问http://218.201.251.102/touch/173，  输入手机号13908519155，并根据动态验证码，即可登录本次会议。会议编号为173，会议名称为中国移动贵州公司2012年法律、安全管理工作会议。 -- 会务组',0,NULL,NULL,'2012-04-24 08:55:36',1,NULL),
  (2060,173,'尊敬的袁平，您好！普通电脑用户访问http://218.201.251.102/portal/173，手机用户访问http://218.201.251.102/touch/173，  输入手机号13908511559，并根据动态验证码，即可登录本次会议。会议编号为173，会议名称为中国移动贵州公司2012年法律、安全管理工作会议。 -- 会务组',0,NULL,NULL,'2012-04-24 08:55:36',1,NULL),
  (2061,173,'尊敬的李安，您好！普通电脑用户访问http://218.201.251.102/portal/173，手机用户访问http://218.201.251.102/touch/173，  输入手机号13908512656，并根据动态验证码，即可登录本次会议。会议编号为173，会议名称为中国移动贵州公司2012年法律、安全管理工作会议。 -- 会务组',0,NULL,NULL,'2012-04-24 08:55:36',1,NULL),
  (2062,173,'尊敬的杨军，您好！普通电脑用户访问http://218.201.251.102/portal/173，手机用户访问http://218.201.251.102/touch/173，  输入手机号13908519998，并根据动态验证码，即可登录本次会议。会议编号为173，会议名称为中国移动贵州公司2012年法律、安全管理工作会议。 -- 会务组',0,NULL,NULL,'2012-04-24 08:55:36',1,NULL),
  (2063,173,'尊敬的李志成，您好！普通电脑用户访问http://218.201.251.102/portal/173，手机用户访问http://218.201.251.102/touch/173，  输入手机号13908519330，并根据动态验证码，即可登录本次会议。会议编号为173，会议名称为中国移动贵州公司2012年法律、安全管理工作会议。 -- 会务组',0,NULL,NULL,'2012-04-24 08:55:36',1,NULL),
  (2064,173,'尊敬的邹朝晖，您好！普通电脑用户访问http://218.201.251.102/portal/173，手机用户访问http://218.201.251.102/touch/173，  输入手机号13908519502，并根据动态验证码，即可登录本次会议。会议编号为173，会议名称为中国移动贵州公司2012年法律、安全管理工作会议。 -- 会务组',0,NULL,NULL,'2012-04-24 08:55:36',1,NULL),
  (2065,173,'尊敬的汪志刚，您好！普通电脑用户访问http://218.201.251.102/portal/173，手机用户访问http://218.201.251.102/touch/173，  输入手机号13908519648，并根据动态验证码，即可登录本次会议。会议编号为173，会议名称为中国移动贵州公司2012年法律、安全管理工作会议。 -- 会务组',0,NULL,NULL,'2012-04-24 08:55:36',1,NULL),
  (2066,173,'尊敬的李文华，您好！普通电脑用户访问http://218.201.251.102/portal/173，手机用户访问http://218.201.251.102/touch/173，  输入手机号13908509998，并根据动态验证码，即可登录本次会议。会议编号为173，会议名称为中国移动贵州公司2012年法律、安全管理工作会议。 -- 会务组',0,NULL,NULL,'2012-04-24 08:55:36',1,NULL),
  (2067,173,'尊敬的刘晖，您好！普通电脑用户访问http://218.201.251.102/portal/173，手机用户访问http://218.201.251.102/touch/173，  输入手机号13809450001，并根据动态验证码，即可登录本次会议。会议编号为173，会议名称为中国移动贵州公司2012年法律、安全管理工作会议。 -- 会务组',0,NULL,NULL,'2012-04-24 08:55:36',1,NULL),
  (2068,173,'尊敬的李焱，您好！普通电脑用户访问http://218.201.251.102/portal/173，手机用户访问http://218.201.251.102/touch/173，  输入手机号13908509898，并根据动态验证码，即可登录本次会议。会议编号为173，会议名称为中国移动贵州公司2012年法律、安全管理工作会议。 -- 会务组',0,NULL,NULL,'2012-04-24 08:55:36',1,NULL),
  (2069,173,'尊敬的陈文才，您好！普通电脑用户访问http://218.201.251.102/portal/173，手机用户访问http://218.201.251.102/touch/173，  输入手机号13908519952，并根据动态验证码，即可登录本次会议。会议编号为173，会议名称为中国移动贵州公司2012年法律、安全管理工作会议。 -- 会务组',0,NULL,NULL,'2012-04-24 08:55:36',1,NULL),
  (2070,173,'尊敬的陶建成，您好！普通电脑用户访问http://218.201.251.102/portal/173，手机用户访问http://218.201.251.102/touch/173，  输入手机号13809499566，并根据动态验证码，即可登录本次会议。会议编号为173，会议名称为中国移动贵州公司2012年法律、安全管理工作会议。 -- 会务组',0,NULL,NULL,'2012-04-24 08:55:36',1,NULL),
  (2071,173,'尊敬的周澍，您好！普通电脑用户访问http://218.201.251.102/portal/173，手机用户访问http://218.201.251.102/touch/173，  输入手机号13984086789，并根据动态验证码，即可登录本次会议。会议编号为173，会议名称为中国移动贵州公司2012年法律、安全管理工作会议。 -- 会务组',0,NULL,NULL,'2012-04-24 08:55:36',1,NULL),
  (2072,173,'尊敬的石星，您好！普通电脑用户访问http://218.201.251.102/portal/173，手机用户访问http://218.201.251.102/touch/173，  输入手机号13638516396，并根据动态验证码，即可登录本次会议。会议编号为173，会议名称为中国移动贵州公司2012年法律、安全管理工作会议。 -- 会务组',0,NULL,NULL,'2012-04-24 08:55:37',1,NULL),
  (2073,173,'尊敬的翟德怀，您好！普通电脑用户访问http://218.201.251.102/portal/173，手机用户访问http://218.201.251.102/touch/173，  输入手机号13908519944，并根据动态验证码，即可登录本次会议。会议编号为173，会议名称为中国移动贵州公司2012年法律、安全管理工作会议。 -- 会务组',0,NULL,NULL,'2012-04-24 08:55:37',1,NULL),
  (2074,173,'尊敬的李菲，您好！普通电脑用户访问http://218.201.251.102/portal/173，手机用户访问http://218.201.251.102/touch/173，  输入手机号13608519551，并根据动态验证码，即可登录本次会议。会议编号为173，会议名称为中国移动贵州公司2012年法律、安全管理工作会议。 -- 会务组',0,NULL,NULL,'2012-04-24 08:55:37',1,NULL),
  (2075,173,'尊敬的杨静，您好！普通电脑用户访问http://218.201.251.102/portal/173，手机用户访问http://218.201.251.102/touch/173，  输入手机号13985511257，并根据动态验证码，即可登录本次会议。会议编号为173，会议名称为中国移动贵州公司2012年法律、安全管理工作会议。 -- 会务组',0,NULL,NULL,'2012-04-24 08:55:37',1,NULL),
  (2076,173,'尊敬的陈晓星，您好！普通电脑用户访问http://218.201.251.102/portal/173，手机用户访问http://218.201.251.102/touch/173，  输入手机号13608519601，并根据动态验证码，即可登录本次会议。会议编号为173，会议名称为中国移动贵州公司2012年法律、安全管理工作会议。 -- 会务组',0,NULL,NULL,'2012-04-24 08:55:37',1,NULL),
  (2077,173,'尊敬的潘勇，您好！普通电脑用户访问http://218.201.251.102/portal/173，手机用户访问http://218.201.251.102/touch/173，  输入手机号13908510272，并根据动态验证码，即可登录本次会议。会议编号为173，会议名称为中国移动贵州公司2012年法律、安全管理工作会议。 -- 会务组',0,NULL,NULL,'2012-04-24 08:55:37',1,NULL),
  (2078,173,'尊敬的刘廷学，您好！普通电脑用户访问http://218.201.251.102/portal/173，手机用户访问http://218.201.251.102/touch/173，  输入手机号13908520005，并根据动态验证码，即可登录本次会议。会议编号为173，会议名称为中国移动贵州公司2012年法律、安全管理工作会议。 -- 会务组',0,NULL,NULL,'2012-04-24 08:55:37',1,NULL),
  (2079,173,'尊敬的卢泽，您好！普通电脑用户访问http://218.201.251.102/portal/173，手机用户访问http://218.201.251.102/touch/173，  输入手机号13708525123，并根据动态验证码，即可登录本次会议。会议编号为173，会议名称为中国移动贵州公司2012年法律、安全管理工作会议。 -- 会务组',0,NULL,NULL,'2012-04-24 08:55:37',1,NULL),
  (2080,173,'尊敬的林晨曦，您好！普通电脑用户访问http://218.201.251.102/portal/173，手机用户访问http://218.201.251.102/touch/173，  输入手机号13639272233，并根据动态验证码，即可登录本次会议。会议编号为173，会议名称为中国移动贵州公司2012年法律、安全管理工作会议。 -- 会务组',0,NULL,NULL,'2012-04-24 08:55:37',1,NULL),
  (2081,173,'尊敬的程登才，您好！普通电脑用户访问http://218.201.251.102/portal/173，手机用户访问http://218.201.251.102/touch/173，  输入手机号13508519019，并根据动态验证码，即可登录本次会议。会议编号为173，会议名称为中国移动贵州公司2012年法律、安全管理工作会议。 -- 会务组',0,NULL,NULL,'2012-04-24 08:55:37',1,NULL),
  (2082,173,'尊敬的鲍宁江，您好！普通电脑用户访问http://218.201.251.102/portal/173，手机用户访问http://218.201.251.102/touch/173，  输入手机号13908530010，并根据动态验证码，即可登录本次会议。会议编号为173，会议名称为中国移动贵州公司2012年法律、安全管理工作会议。 -- 会务组',0,NULL,NULL,'2012-04-24 08:55:37',1,NULL),
  (2083,173,'尊敬的邹元勇，您好！普通电脑用户访问http://218.201.251.102/portal/173，手机用户访问http://218.201.251.102/touch/173，  输入手机号13908535301，并根据动态验证码，即可登录本次会议。会议编号为173，会议名称为中国移动贵州公司2012年法律、安全管理工作会议。 -- 会务组',0,NULL,NULL,'2012-04-24 08:55:37',1,NULL),
  (2084,173,'尊敬的詹玮，您好！普通电脑用户访问http://218.201.251.102/portal/173，手机用户访问http://218.201.251.102/touch/173，  输入手机号13908530056，并根据动态验证码，即可登录本次会议。会议编号为173，会议名称为中国移动贵州公司2012年法律、安全管理工作会议。 -- 会务组',0,NULL,NULL,'2012-04-24 08:55:37',1,NULL),
  (2085,173,'尊敬的刘文林，您好！普通电脑用户访问http://218.201.251.102/portal/173，手机用户访问http://218.201.251.102/touch/173，  输入手机号13595380015，并根据动态验证码，即可登录本次会议。会议编号为173，会议名称为中国移动贵州公司2012年法律、安全管理工作会议。 -- 会务组',0,NULL,NULL,'2012-04-24 08:55:37',1,NULL),
  (2086,173,'尊敬的杨宇翔，您好！普通电脑用户访问http://218.201.251.102/portal/173，手机用户访问http://218.201.251.102/touch/173，  输入手机号13908549303，并根据动态验证码，即可登录本次会议。会议编号为173，会议名称为中国移动贵州公司2012年法律、安全管理工作会议。 -- 会务组',0,NULL,NULL,'2012-04-24 08:55:37',1,NULL),
  (2087,173,'尊敬的肖静，您好！普通电脑用户访问http://218.201.251.102/portal/173，手机用户访问http://218.201.251.102/touch/173，  输入手机号13508508819，并根据动态验证码，即可登录本次会议。会议编号为173，会议名称为中国移动贵州公司2012年法律、安全管理工作会议。 -- 会务组',0,NULL,NULL,'2012-04-24 08:55:37',1,NULL),
  (2088,173,'尊敬的马梅梅，您好！普通电脑用户访问http://218.201.251.102/portal/173，手机用户访问http://218.201.251.102/touch/173，  输入手机号13985780300，并根据动态验证码，即可登录本次会议。会议编号为173，会议名称为中国移动贵州公司2012年法律、安全管理工作会议。 -- 会务组',0,NULL,NULL,'2012-04-24 08:55:37',1,NULL),
  (2089,173,'尊敬的王智勇，您好！普通电脑用户访问http://218.201.251.102/portal/173，手机用户访问http://218.201.251.102/touch/173，  输入手机号13908549992，并根据动态验证码，即可登录本次会议。会议编号为173，会议名称为中国移动贵州公司2012年法律、安全管理工作会议。 -- 会务组',0,NULL,NULL,'2012-04-24 08:55:37',1,NULL),
  (2090,173,'尊敬的陈迎春，您好！普通电脑用户访问http://218.201.251.102/portal/173，手机用户访问http://218.201.251.102/touch/173，  输入手机号13908509977，并根据动态验证码，即可登录本次会议。会议编号为173，会议名称为中国移动贵州公司2012年法律、安全管理工作会议。 -- 会务组',0,NULL,NULL,'2012-04-24 08:55:37',1,NULL),
  (2091,173,'尊敬的陈少翔，您好！普通电脑用户访问http://218.201.251.102/portal/173，手机用户访问http://218.201.251.102/touch/173，  输入手机号13908559757，并根据动态验证码，即可登录本次会议。会议编号为173，会议名称为中国移动贵州公司2012年法律、安全管理工作会议。 -- 会务组',0,NULL,NULL,'2012-04-24 08:55:37',1,NULL),
  (2092,173,'尊敬的吴海英，您好！普通电脑用户访问http://218.201.251.102/portal/173，手机用户访问http://218.201.251.102/touch/173，  输入手机号13908557711，并根据动态验证码，即可登录本次会议。会议编号为173，会议名称为中国移动贵州公司2012年法律、安全管理工作会议。 -- 会务组',0,NULL,NULL,'2012-04-24 08:55:37',1,NULL),
  (2093,173,'尊敬的申德平，您好！普通电脑用户访问http://218.201.251.102/portal/173，手机用户访问http://218.201.251.102/touch/173，  输入手机号13908550517，并根据动态验证码，即可登录本次会议。会议编号为173，会议名称为中国移动贵州公司2012年法律、安全管理工作会议。 -- 会务组',0,NULL,NULL,'2012-04-24 08:55:37',1,NULL),
  (2094,173,'尊敬的吴键德，您好！普通电脑用户访问http://218.201.251.102/portal/173，手机用户访问http://218.201.251.102/touch/173，  输入手机号13985868118，并根据动态验证码，即可登录本次会议。会议编号为173，会议名称为中国移动贵州公司2012年法律、安全管理工作会议。 -- 会务组',0,NULL,NULL,'2012-04-24 08:55:37',1,NULL),
  (2095,173,'尊敬的张嗣俊，您好！普通电脑用户访问http://218.201.251.102/portal/173，手机用户访问http://218.201.251.102/touch/173，  输入手机号13908562758，并根据动态验证码，即可登录本次会议。会议编号为173，会议名称为中国移动贵州公司2012年法律、安全管理工作会议。 -- 会务组',0,NULL,NULL,'2012-04-24 08:55:37',1,NULL),
  (2096,173,'尊敬的刘玉堂，您好！普通电脑用户访问http://218.201.251.102/portal/173，手机用户访问http://218.201.251.102/touch/173，  输入手机号13908569898，并根据动态验证码，即可登录本次会议。会议编号为173，会议名称为中国移动贵州公司2012年法律、安全管理工作会议。 -- 会务组',0,NULL,NULL,'2012-04-24 08:55:37',1,NULL),
  (2097,173,'尊敬的田军，您好！普通电脑用户访问http://218.201.251.102/portal/173，手机用户访问http://218.201.251.102/touch/173，  输入手机号13908569675，并根据动态验证码，即可登录本次会议。会议编号为173，会议名称为中国移动贵州公司2012年法律、安全管理工作会议。 -- 会务组',0,NULL,NULL,'2012-04-24 08:55:37',1,NULL),
  (2098,173,'尊敬的张振宇，您好！普通电脑用户访问http://218.201.251.102/portal/173，手机用户访问http://218.201.251.102/touch/173，  输入手机号13508572255，并根据动态验证码，即可登录本次会议。会议编号为173，会议名称为中国移动贵州公司2012年法律、安全管理工作会议。 -- 会务组',0,NULL,NULL,'2012-04-24 08:55:37',1,NULL),
  (2099,173,'尊敬的邹昕，您好！普通电脑用户访问http://218.201.251.102/portal/173，手机用户访问http://218.201.251.102/touch/173，  输入手机号13908579166，并根据动态验证码，即可登录本次会议。会议编号为173，会议名称为中国移动贵州公司2012年法律、安全管理工作会议。 -- 会务组',0,NULL,NULL,'2012-04-24 08:55:37',1,NULL),
  (2100,173,'尊敬的宋飞，您好！普通电脑用户访问http://218.201.251.102/portal/173，手机用户访问http://218.201.251.102/touch/173，  输入手机号13508579695，并根据动态验证码，即可登录本次会议。会议编号为173，会议名称为中国移动贵州公司2012年法律、安全管理工作会议。 -- 会务组',0,NULL,NULL,'2012-04-24 08:55:37',1,NULL),
  (2101,173,'尊敬的刘友江，您好！普通电脑用户访问http://218.201.251.102/portal/173，手机用户访问http://218.201.251.102/touch/173，  输入手机号13908571616，并根据动态验证码，即可登录本次会议。会议编号为173，会议名称为中国移动贵州公司2012年法律、安全管理工作会议。 -- 会务组',0,NULL,NULL,'2012-04-24 08:55:37',1,NULL),
  (2102,173,'尊敬的杨涛，您好！普通电脑用户访问http://218.201.251.102/portal/173，手机用户访问http://218.201.251.102/touch/173，  输入手机号13908584106，并根据动态验证码，即可登录本次会议。会议编号为173，会议名称为中国移动贵州公司2012年法律、安全管理工作会议。 -- 会务组',0,NULL,NULL,'2012-04-24 08:55:37',1,NULL),
  (2103,173,'尊敬的封美术，您好！普通电脑用户访问http://218.201.251.102/portal/173，手机用户访问http://218.201.251.102/touch/173，  输入手机号13908588081，并根据动态验证码，即可登录本次会议。会议编号为173，会议名称为中国移动贵州公司2012年法律、安全管理工作会议。 -- 会务组',0,NULL,NULL,'2012-04-24 08:55:37',1,NULL),
  (2104,173,'尊敬的杜建波，您好！普通电脑用户访问http://218.201.251.102/portal/173，手机用户访问http://218.201.251.102/touch/173，  输入手机号13708587676，并根据动态验证码，即可登录本次会议。会议编号为173，会议名称为中国移动贵州公司2012年法律、安全管理工作会议。 -- 会务组',0,NULL,NULL,'2012-04-24 08:55:37',1,NULL),
  (2105,173,'尊敬的陈桂蓉，您好！普通电脑用户访问http://218.201.251.102/portal/173，手机用户访问http://218.201.251.102/touch/173，  输入手机号13508586001，并根据动态验证码，即可登录本次会议。会议编号为173，会议名称为中国移动贵州公司2012年法律、安全管理工作会议。 -- 会务组',0,NULL,NULL,'2012-04-24 08:55:37',1,NULL),
  (2106,173,'尊敬的华兴中，您好！普通电脑用户访问http://218.201.251.102/portal/173，手机用户访问http://218.201.251.102/touch/173，  输入手机号13908599989，并根据动态验证码，即可登录本次会议。会议编号为173，会议名称为中国移动贵州公司2012年法律、安全管理工作会议。 -- 会务组',0,NULL,NULL,'2012-04-24 08:55:37',1,NULL),
  (2107,173,'尊敬的王才刚，您好！普通电脑用户访问http://218.201.251.102/portal/173，手机用户访问http://218.201.251.102/touch/173，  输入手机号13908599288，并根据动态验证码，即可登录本次会议。会议编号为173，会议名称为中国移动贵州公司2012年法律、安全管理工作会议。 -- 会务组',0,NULL,NULL,'2012-04-24 08:55:37',1,NULL),
  (2108,173,'尊敬的李吉，您好！普通电脑用户访问http://218.201.251.102/portal/173，手机用户访问http://218.201.251.102/touch/173，  输入手机号13984691461，并根据动态验证码，即可登录本次会议。会议编号为173，会议名称为中国移动贵州公司2012年法律、安全管理工作会议。 -- 会务组',0,NULL,NULL,'2012-04-24 08:55:37',1,NULL),
  (2109,173,'尊敬的赵刚，您好！普通电脑用户访问http://218.201.251.102/portal/173，手机用户访问http://218.201.251.102/touch/173，  输入手机号13908595928，并根据动态验证码，即可登录本次会议。会议编号为173，会议名称为中国移动贵州公司2012年法律、安全管理工作会议。 -- 会务组',0,NULL,NULL,'2012-04-24 08:55:37',1,NULL),
  (2110,173,'尊敬的熊军，您好！普通电脑用户访问http://218.201.251.102/portal/173，手机用户访问http://218.201.251.102/touch/173，  输入手机号13809479957，并根据动态验证码，即可登录本次会议。会议编号为173，会议名称为中国移动贵州公司2012年法律、安全管理工作会议。 -- 会务组',0,NULL,NULL,'2012-04-24 08:55:37',1,NULL),
  (2111,173,'尊敬的伍宏艳，您好！普通电脑用户访问http://218.201.251.102/portal/173，手机用户访问http://218.201.251.102/touch/173，  输入手机号13908519600，并根据动态验证码，即可登录本次会议。会议编号为173，会议名称为中国移动贵州公司2012年法律、安全管理工作会议。 -- 会务组',0,NULL,NULL,'2012-04-24 08:55:37',1,NULL),
  (2112,173,'尊敬的王忠明，您好！普通电脑用户访问http://218.201.251.102/portal/173，手机用户访问http://218.201.251.102/touch/173，  输入手机号13595139966，并根据动态验证码，即可登录本次会议。会议编号为173，会议名称为中国移动贵州公司2012年法律、安全管理工作会议。 -- 会务组',0,NULL,NULL,'2012-04-24 08:55:38',1,NULL),
  (2113,173,'尊敬的高倩，您好！普通电脑用户访问http://218.201.251.102/portal/173，手机用户访问http://218.201.251.102/touch/173，  输入手机号13908512009，并根据动态验证码，即可登录本次会议。会议编号为173，会议名称为中国移动贵州公司2012年法律、安全管理工作会议。 -- 会务组',0,NULL,NULL,'2012-04-24 08:55:38',1,NULL),
  (2114,173,'尊敬的许健，您好！普通电脑用户访问http://218.201.251.102/portal/173，手机用户访问http://218.201.251.102/touch/173，  输入手机号13985439028，并根据动态验证码，即可登录本次会议。会议编号为173，会议名称为中国移动贵州公司2012年法律、安全管理工作会议。 -- 会务组',0,NULL,NULL,'2012-04-24 08:55:38',1,NULL),
  (2115,173,'尊敬的陈朝光，您好！普通电脑用户访问http://218.201.251.102/portal/173，手机用户访问http://218.201.251.102/touch/173，  输入手机号13885119866，并根据动态验证码，即可登录本次会议。会议编号为173，会议名称为中国移动贵州公司2012年法律、安全管理工作会议。 -- 会务组',0,NULL,NULL,'2012-04-24 08:55:38',1,NULL),
  (2116,173,'尊敬的汪发良，您好！普通电脑用户访问http://218.201.251.102/portal/173，手机用户访问http://218.201.251.102/touch/173，  输入手机号13595163888，并根据动态验证码，即可登录本次会议。会议编号为173，会议名称为中国移动贵州公司2012年法律、安全管理工作会议。 -- 会务组',0,NULL,NULL,'2012-04-24 08:55:38',1,NULL),
  (2117,173,'尊敬的王悦，您好！普通电脑用户访问http://218.201.251.102/portal/173，手机用户访问http://218.201.251.102/touch/173，  输入手机号13908516067，并根据动态验证码，即可登录本次会议。会议编号为173，会议名称为中国移动贵州公司2012年法律、安全管理工作会议。 -- 会务组',0,NULL,NULL,'2012-04-24 08:55:38',1,NULL),
  (2118,173,'尊敬的罗源，您好！普通电脑用户访问http://218.201.251.102/portal/173，手机用户访问http://218.201.251.102/touch/173，  输入手机号13985113121，并根据动态验证码，即可登录本次会议。会议编号为173，会议名称为中国移动贵州公司2012年法律、安全管理工作会议。 -- 会务组',0,NULL,NULL,'2012-04-24 08:55:38',1,NULL),
  (2119,173,'尊敬的付婉秋，您好！普通电脑用户访问http://218.201.251.102/portal/173，手机用户访问http://218.201.251.102/touch/173，  输入手机号13985146160，并根据动态验证码，即可登录本次会议。会议编号为173，会议名称为中国移动贵州公司2012年法律、安全管理工作会议。 -- 会务组',0,NULL,NULL,'2012-04-24 08:55:38',1,NULL),
  (2120,173,'尊敬的曹科武，您好！普通电脑用户访问http://218.201.251.102/portal/173，手机用户访问http://218.201.251.102/touch/173，  输入手机号13985179551，并根据动态验证码，即可登录本次会议。会议编号为173，会议名称为中国移动贵州公司2012年法律、安全管理工作会议。 -- 会务组',0,NULL,NULL,'2012-04-24 08:55:38',1,NULL),
  (2121,173,'尊敬的测试用户，您好！普通电脑用户访问http://218.201.251.102/portal/173，手机用户访问http://218.201.251.102/touch/173，  输入手机号13865960090，并根据动态验证码，即可登录本次会议。会议编号为173，会议名称为中国移动贵州公司2012年法律、安全管理工作会议。 -- 会务组',0,NULL,NULL,'2012-04-24 08:55:38',1,NULL),
  (2122,173,'尊敬的刘鸥，您好！普通电脑用户访问http://218.201.251.102/portal/173，手机用户访问http://218.201.251.102/touch/173，  输入手机号13908518578，并根据动态验证码，即可登录本次会议。会议编号为173，会议名称为中国移动贵州公司2012年法律、安全管理工作会议。 -- 会务组',0,NULL,NULL,'2012-04-24 08:55:38',1,NULL),
  (2123,173,'尊敬的周澍，您好！普通电脑用户访问http://218.201.251.102/portal/173，手机用户访问http://218.201.251.102/touch/173，  输入手机号13908516869，并根据动态验证码，即可登录本次会议。会议编号为173，会议名称为中国移动贵州公司2012年法律、安全管理工作会议。 -- 会务组',0,NULL,NULL,'2012-04-24 08:55:38',1,NULL);

COMMIT;

#
# Data for the `meeting_sms_recipient` table  (LIMIT 0,500)
#

INSERT INTO `meeting_sms_recipient` (`user_id`, `meeting_sms_id`, `state`) VALUES 
  (4449,2005,1),
  (4449,2006,1),
  (4449,2014,1),
  (4449,2015,1),
  (4449,2017,1),
  (4449,2020,1),
  (4449,2022,1),
  (4449,2043,1),
  (4449,2048,1),
  (4450,2007,1),
  (4450,2049,1),
  (4452,2034,1),
  (4455,2003,9),
  (4455,2024,1),
  (4455,2036,1),
  (4456,1999,1),
  (4456,2025,9),
  (4456,2038,1),
  (4457,1984,0),
  (4458,1985,0),
  (4458,1987,0),
  (4458,1989,0),
  (4458,1991,0),
  (4458,1993,9),
  (4458,1996,1),
  (4458,2001,1),
  (4458,2004,1),
  (4458,2008,1),
  (4458,2019,1),
  (4458,2047,1),
  (4458,2050,1),
  (4459,1986,0),
  (4460,1988,0),
  (4460,1990,0),
  (4460,1994,1),
  (4460,1997,1),
  (4460,2009,1),
  (4460,2013,1),
  (4460,2021,1),
  (4460,2051,1),
  (4460,2121,1),
  (4461,1992,1),
  (4461,1995,1),
  (4461,1998,1),
  (4461,2000,1),
  (4461,2010,1),
  (4461,2052,1),
  (4462,2002,1),
  (4462,2011,1),
  (4462,2016,1),
  (4462,2018,1),
  (4462,2053,1),
  (4476,2057,1),
  (4481,2044,1),
  (4481,2064,1),
  (4484,2058,1),
  (4515,2069,1),
  (4519,2065,1),
  (4522,2074,1),
  (4525,2078,1),
  (4529,2083,1),
  (4530,2086,1),
  (4536,2094,1),
  (4544,2107,1),
  (4546,2111,1),
  (4547,2012,1),
  (4547,2054,1),
  (4548,2023,9),
  (4548,2026,9),
  (4548,2032,9),
  (4548,2033,1),
  (4548,2055,1),
  (4548,2122,1),
  (4549,2027,9),
  (4549,2035,1),
  (4549,2071,1),
  (4550,2028,9),
  (4550,2037,1),
  (4551,2029,9),
  (4551,2039,1),
  (4552,2030,9),
  (4552,2040,1),
  (4553,2031,1),
  (4553,2041,1),
  (4554,2042,1),
  (4556,2059,1),
  (4557,2061,1),
  (4558,2062,1),
  (4559,2063,1),
  (4561,2066,1),
  (4562,2067,1),
  (4563,2068,1),
  (4564,2070,1),
  (4565,2072,1),
  (4566,2073,1),
  (4567,2075,1),
  (4568,2076,1),
  (4569,2077,1),
  (4570,2079,1),
  (4571,2080,1),
  (4572,2081,1),
  (4573,2082,1),
  (4574,2084,1),
  (4575,2085,1),
  (4576,2087,1),
  (4577,2088,1),
  (4578,2089,1),
  (4579,2090,1),
  (4580,2091,1),
  (4581,2092,1),
  (4582,2093,1),
  (4583,2095,1),
  (4584,2096,1),
  (4585,2097,1),
  (4586,2098,1),
  (4587,2099,1),
  (4588,2100,1),
  (4589,2101,1),
  (4590,2102,1),
  (4591,2103,1),
  (4592,2104,1),
  (4593,2105,1),
  (4594,2106,1),
  (4595,2108,1),
  (4596,2109,1),
  (4597,2110,1),
  (4598,2112,1),
  (4599,2113,1),
  (4600,2114,1),
  (4601,2115,1),
  (4602,2116,1),
  (4603,2117,1),
  (4604,2118,1),
  (4605,2119,1),
  (4606,2045,1),
  (4606,2046,1),
  (4606,2120,1),
  (4607,2060,1),
  (4608,2056,1),
  (4608,2123,1);

COMMIT;

#
# Data for the `meeting_specialty` table  (LIMIT 0,500)
#

INSERT INTO `meeting_specialty` (`id`, `meeting_id`, `memo`, `create_time`, `state`, `province`, `city`) VALUES 
  (14,164,'df','2012-03-20 14:05:43',1,'26','2603'),
  (15,166,'贵阳的风味小吃，着实令人垂涎。仅地方传统的风味小吃就达100多种。无论白天黑夜，贵阳街头巷尾的小吃摊点星罗棋布，一些饭店酒店将有特色的部分小吃列入筵席中，还有专门的小吃筵可供品尝。贵阳有名的风味小吃有：丝娃娃、香酥鸭、肠旺面、燃面、叉烧圆子粉、花溪牛肉粉、卤菜、雷家豆腐圆子、恋爱豆腐果、春卷、瓦耳糕、糕耙稀饭、冰粉、青岩豆腐、玫瑰糖、洋芋耙、烙锅、糯米饭、冰浆、串串香、炒田螺、砂锅粉/饭、各类特色烧烤，火锅……','2012-04-10 19:12:39',1,'17','1757806');

COMMIT;

#
# Data for the `meeting_specialty_relative` table  (LIMIT 0,500)
#

INSERT INTO `meeting_specialty_relative` (`meeting_specialty_id`, `local_specialty_id`) VALUES 
  (14,31),
  (15,32),
  (15,33),
  (15,34),
  (15,35),
  (15,36);

COMMIT;

#
# Data for the `meeting_task_detail` table  (LIMIT 0,500)
#

INSERT INTO `meeting_task_detail` (`id`, `detail_name`, `detail_description`, `charge`, `execute_start_time`, `execute_end_time`, `task_id`, `creator`, `create_time`, `modifier`, `modify_time`, `meeting_Id`, `parent_id`, `task_full_path`, `status`) VALUES 
  (43,'asf','asdf','',NULL,NULL,NULL,79,'2012-03-20 00:44:48',NULL,NULL,164,0,'0',NULL),
  (45,'省公司任务','2辆商务车','4474,','2012-03-20 09:30:00','2012-03-22 11:09:00',NULL,79,'2012-03-21 15:24:53',79,'2012-04-15 21:45:49',166,0,'0','0'),
  (48,'测试任务','','118,','2012-03-28 01:58:00','2012-03-30 01:58:00',NULL,79,'2012-03-28 01:57:51',NULL,NULL,166,0,'0',NULL),
  (49,'测试子任务','','',NULL,NULL,NULL,79,'2012-03-28 01:58:13',NULL,NULL,166,45,'0-45',NULL),
  (50,'ddddd','aaa','1,79,119,123,','2012-03-29 17:55:00','2012-03-29 17:55:00',NULL,123,'2012-03-29 17:55:13',NULL,NULL,167,0,'0','0'),
  (51,'1111','','',NULL,NULL,NULL,123,'2012-03-29 17:55:20',NULL,NULL,167,50,'0-50','0');

COMMIT;

#
# Data for the `meeting_type` table  (LIMIT 0,500)
#

INSERT INTO `meeting_type` (`id`, `name`, `description`, `create_time`, `state`, `logo_image`, `theme_id`) VALUES 
  (1,'会议','一般会务活动类型','2012-01-13',1,'1330406086506.gif',1);

COMMIT;

#
# Data for the `message` table  (LIMIT 0,500)
#

INSERT INTO `message` (`id`, `subject`, `message`, `sender`, `send_time`, `send_flag`, `meeting_id`) VALUES 
  (97,NULL,'test',4458,'2012-03-20 15:13:18',2,164),
  (98,NULL,'您好,给你发一条私信，作为互动！\n可回复！',4458,'2012-03-21 13:20:24',2,166),
  (99,NULL,'test',4474,'2012-03-21 15:10:45',0,166),
  (100,NULL,'test',4458,'2012-03-21 16:36:56',2,166),
  (101,NULL,'哈哈',4462,'2012-03-27 18:27:47',0,164),
  (102,NULL,'asdfasdf',4449,'2012-03-27 19:34:37',2,164),
  (103,NULL,'aaaaa',4458,'2012-03-29 18:00:54',2,166),
  (104,NULL,'asfasdfds',4460,'2012-03-29 18:01:18',0,166),
  (105,NULL,'你好。',4458,'2012-03-31 09:51:13',2,166),
  (106,NULL,'你好。',4458,'2012-03-31 09:51:52',2,166),
  (107,NULL,'wqqqqqq',4458,'2012-03-31 17:10:10',0,164),
  (108,NULL,'64543379968744966',4449,'2012-04-06 09:52:48',0,164),
  (109,NULL,'asdf',4458,'2012-04-18 11:22:06',0,164),
  (110,NULL,'asdfasdf',4458,'2012-04-18 11:22:21',0,164),
  (111,NULL,'ddd',4458,'2012-04-18 11:22:32',0,164),
  (112,NULL,'tttt',4458,'2012-04-18 13:26:32',0,164),
  (113,NULL,'testttttttt',4458,'2012-04-20 17:37:42',0,170),
  (114,NULL,'vpN登录我测试还行?是终端问题?',4608,'2012-04-24 09:56:08',0,173);

COMMIT;

#
# Data for the `message_recipient` table  (LIMIT 0,500)
#

INSERT INTO `message_recipient` (`id`, `recipient`, `read_flag`, `meeting_id`, `read_time`, `message_id`) VALUES 
  (170,4458,2,164,'2012-03-20 15:13:18',97),
  (171,4460,0,164,'2012-03-20 15:13:18',97),
  (172,4455,0,166,'2012-03-21 13:20:24',98),
  (173,4458,2,166,'2012-03-21 15:10:45',99),
  (174,4458,2,166,'2012-03-21 16:36:56',100),
  (175,4450,0,164,'2012-03-27 18:27:47',101),
  (176,4458,2,164,'2012-03-27 18:27:47',101),
  (177,4449,2,164,'2012-03-27 18:27:47',101),
  (178,4449,2,164,'2012-03-27 19:34:37',102),
  (179,4460,1,166,'2012-03-29 18:00:54',103),
  (180,4458,2,166,'2012-03-29 18:01:18',104),
  (181,4458,2,166,'2012-03-31 09:51:13',105),
  (182,4458,2,166,'2012-03-31 09:51:52',106),
  (183,4449,1,164,'2012-03-31 17:10:10',107),
  (184,4450,0,164,'2012-04-06 09:52:48',108),
  (185,4450,0,164,'2012-04-18 11:22:06',109),
  (186,4449,0,164,'2012-04-18 11:22:06',109),
  (187,4450,0,164,'2012-04-18 11:22:21',110),
  (188,4458,2,164,'2012-04-18 11:22:21',110),
  (189,4458,2,164,'2012-04-18 11:22:32',111),
  (190,4449,0,164,'2012-04-18 13:26:32',112),
  (191,4458,1,170,'2012-04-20 17:37:42',113),
  (192,4481,0,173,'2012-04-24 09:56:08',114);

COMMIT;

#
# Data for the `news` table  (LIMIT 0,500)
#

INSERT INTO `news` (`id`, `title`, `content`, `source`, `image_news`, `thumbnail_image`, `hit_count`, `state`, `create_time`, `last_modify_time`, `meeting_id`, `admin_user_id`) VALUES 
  (20,'asdf','PHA+DQoJYXNkZjwvcD4NCg==','asdf',0,NULL,0,1,'2012-03-19 23:53:07',NULL,164,79),
  (21,'会议新闻：测试','PHA+DQoJ6Zi/6JCo5b635Y+R5pav6JKC6IqsPC9wPg0K','test',0,NULL,2,1,'2012-03-20 15:14:38',NULL,164,79),
  (26,'dddd','PHA+DQoJZGRkZGQ8L3A+DQo=','dddd',1,'news_thumbnail/164/1332382023116.jpg',1,1,'2012-03-22 10:06:23','2012-03-22 10:07:03',164,79),
  (27,'fddd2','PHA+DQoJZGRkZGQ8L3A+DQo=','ddd',1,'news_thumbnail/164/1332382000581.jpg',1,1,'2012-03-22 10:06:40',NULL,164,79),
  (28,'会场布置','PHA+DQoJPGltZyBhbHQ9IiIgc3JjPSJodHRwOi8vMjE4LjIwMS4yNTEuMTAyL3VwbG9hZC9jay8yMDEyMDMyMi9uZXdfcGljXzEzMzI0MDkwNjQ5OTYuanBnIiBzdHlsZT0id2lkdGg6IDI1MHB4OyBoZWlnaHQ6IDE4M3B4IiAvPjwvcD4NCg==','',1,'news_thumbnail/166/1332488557966.JPG',16,1,'2012-03-23 15:40:19','2012-03-23 15:42:37',166,79),
  (29,'朝鲜卫星安装完毕准备发射 已开始向火箭注燃料','PHA+DQoJJm5ic3A7PC9wPg0KPGRpdiBhbGlnbj0iY2VudGVyIiBzdHlsZT0iYm9yZGVyLXRvcC13aWR0aDogMHB4OyBib3JkZXItcmlnaHQtd2lkdGg6IDBweDsgYm9yZGVyLWJvdHRvbS13aWR0aDogMHB4OyBib3JkZXItbGVmdC13aWR0aDogMHB4OyBib3JkZXItc3R5bGU6IGluaXRpYWw7IGJvcmRlci1jb2xvcjogaW5pdGlhbDsgYm9yZGVyLWltYWdlOiBpbml0aWFsOyBtYXJnaW4tdG9wOiAwcHg7IG1hcmdpbi1yaWdodDogMHB4OyBtYXJnaW4tYm90dG9tOiAwcHg7IG1hcmdpbi1sZWZ0OiAwcHg7IHBhZGRpbmctdG9wOiAwcHg7IHBhZGRpbmctcmlnaHQ6IDBweDsgcGFkZGluZy1ib3R0b206IDBweDsgcGFkZGluZy1sZWZ0OiAwcHg7IGZvbnQtc2l6ZTogMTVweDsgY29sb3I6IHJnYig1MSwgNTEsIDUxKTsgZm9udC1mYW1pbHk6IOWui+S9kywgc2ltc3VuLCBzYW5zLXNlcmlmLCBBcmlhbDsgbGluZS1oZWlnaHQ6IDI0cHg7ICI+DQoJPGRpdiBhbGlnbj0iY2VudGVyIiBzdHlsZT0iYm9yZGVyLXRvcC13aWR0aDogMHB4OyBib3JkZXItcmlnaHQtd2lkdGg6IDBweDsgYm9yZGVyLWJvdHRvbS13aWR0aDogMHB4OyBib3JkZXItbGVmdC13aWR0aDogMHB4OyBib3JkZXItc3R5bGU6IGluaXRpYWw7IGJvcmRlci1jb2xvcjogaW5pdGlhbDsgYm9yZGVyLWltYWdlOiBpbml0aWFsOyBtYXJnaW4tdG9wOiAwcHg7IG1hcmdpbi1yaWdodDogMHB4OyBtYXJnaW4tYm90dG9tOiAwcHg7IG1hcmdpbi1sZWZ0OiAwcHg7IHBhZGRpbmctdG9wOiAwcHg7IHBhZGRpbmctcmlnaHQ6IDBweDsgcGFkZGluZy1ib3R0b206IDBweDsgcGFkZGluZy1sZWZ0OiAwcHg7IGZvbnQtc2l6ZTogMTVweDsgIj4NCgkJPHRhYmxlIGFsaWduPSJjZW50ZXIiIGJvcmRlcj0iMCIgY2VsbHBhZGRpbmc9IjAiIGNlbGxzcGFjaW5nPSIwIiBjbGFzcz0idGFibGVJbWciIHN0eWxlPSJib3JkZXItY29sbGFwc2U6IGNvbGxhcHNlOyAtd2Via2l0LWJvcmRlci1ob3Jpem9udGFsLXNwYWNpbmc6IDBweDsgLXdlYmtpdC1ib3JkZXItdmVydGljYWwtc3BhY2luZzogMHB4OyBtYXJnaW4tdG9wOiAwcHg7IG1hcmdpbi1yaWdodDogYXV0bzsgbWFyZ2luLWJvdHRvbTogMHB4OyBtYXJnaW4tbGVmdDogYXV0bzsgIj4NCgkJCTx0Ym9keT4NCgkJCQk8dHI+DQoJCQkJCTx0ZCBzdHlsZT0idmVydGljYWwtYWxpZ246IHRvcDsgdGV4dC1hbGlnbjogY2VudGVyOyAiPg0KCQkJCQkJPGltZyBhbGlnbj0ibWlkZGxlIiBhbHQ9IjTmnIgxMeaXpe+8jOaKgOacr+S6uuWRmOWcqOacnemynOW5s+WjpOWNq+aYn+aOp+WItue7vOWQiOaMh+aMpeaJgOWGheW3peS9nOOAguaWsOWNjuekvuiusOiAhSDmnZznmb3nvr0g5pGEIiBzcmM9Imh0dHA6Ly9waG90b2Nkbi5zb2h1LmNvbS8yMDEyMDQxMi9JbWczNDAzMTY0NjUuanBnIiBzdHlsZT0iYm9yZGVyLXRvcC13aWR0aDogMHB4OyBib3JkZXItcmlnaHQtd2lkdGg6IDBweDsgYm9yZGVyLWJvdHRvbS13aWR0aDogMHB4OyBib3JkZXItbGVmdC13aWR0aDogMHB4OyBib3JkZXItc3R5bGU6IGluaXRpYWw7IGJvcmRlci1jb2xvcjogaW5pdGlhbDsgYm9yZGVyLWltYWdlOiBpbml0aWFsOyBtYXJnaW4tdG9wOiAwcHg7IG1hcmdpbi1yaWdodDogMHB4OyBtYXJnaW4tYm90dG9tOiAwcHg7IG1hcmdpbi1sZWZ0OiAwcHg7IHBhZGRpbmctdG9wOiAwcHg7IHBhZGRpbmctcmlnaHQ6IDBweDsgcGFkZGluZy1ib3R0b206IDBweDsgcGFkZGluZy1sZWZ0OiAwcHg7IGZvbnQtc2l6ZTogMHB4OyBjb2xvcjogdHJhbnNwYXJlbnQ7ICIgLz48L3RkPg0KCQkJCTwvdHI+DQoJCQkJPHRyPg0KCQkJCQk8dGQgY2xhc3M9InRleHQtcGljLXR0IiBzdHlsZT0idmVydGljYWwtYWxpZ246IHRvcDsgdGV4dC1hbGlnbjogY2VudGVyOyAiPg0KCQkJCQkJPHNwYW4gc3R5bGU9ImJvcmRlci10b3Atd2lkdGg6IDBweDsgYm9yZGVyLXJpZ2h0LXdpZHRoOiAwcHg7IGJvcmRlci1ib3R0b20td2lkdGg6IDBweDsgYm9yZGVyLWxlZnQtd2lkdGg6IDBweDsgYm9yZGVyLXN0eWxlOiBpbml0aWFsOyBib3JkZXItY29sb3I6IGluaXRpYWw7IGJvcmRlci1pbWFnZTogaW5pdGlhbDsgbWFyZ2luLXRvcDogMHB4OyBtYXJnaW4tcmlnaHQ6IDBweDsgbWFyZ2luLWJvdHRvbTogMHB4OyBtYXJnaW4tbGVmdDogMHB4OyBwYWRkaW5nLXRvcDogMHB4OyBwYWRkaW5nLXJpZ2h0OiAwcHg7IHBhZGRpbmctYm90dG9tOiAwcHg7IHBhZGRpbmctbGVmdDogMHB4OyBmb250LXNpemU6IDEycHg7ICI+NOaciDEx5pel77yM5oqA5pyv5Lq65ZGY5Zyo5pyd6bKc5bmz5aOk5Y2r5pif5o6n5Yi257u85ZCI5oyH5oyl5omA5YaF5bel5L2c44CC5paw5Y2O56S+6K6w6ICFIOadnOeZvee+vSDmkYQ8L3NwYW4+PC90ZD4NCgkJCQk8L3RyPg0KCQkJPC90Ym9keT4NCgkJPC90YWJsZT4NCgk8L2Rpdj4NCjwvZGl2Pg0KPHAgc3R5bGU9ImJvcmRlci10b3Atd2lkdGg6IDBweDsgYm9yZGVyLXJpZ2h0LXdpZHRoOiAwcHg7IGJvcmRlci1ib3R0b20td2lkdGg6IDBweDsgYm9yZGVyLWxlZnQtd2lkdGg6IDBweDsgYm9yZGVyLXN0eWxlOiBpbml0aWFsOyBib3JkZXItY29sb3I6IGluaXRpYWw7IGJvcmRlci1pbWFnZTogaW5pdGlhbDsgbWFyZ2luLXRvcDogMjRweDsgbWFyZ2luLXJpZ2h0OiBhdXRvOyBtYXJnaW4tYm90dG9tOiAwcHg7IG1hcmdpbi1sZWZ0OiBhdXRvOyBwYWRkaW5nLXRvcDogMHB4OyBwYWRkaW5nLXJpZ2h0OiAwcHg7IHBhZGRpbmctYm90dG9tOiAwcHg7IHBhZGRpbmctbGVmdDogM3B4OyBmb250LXNpemU6IDE1cHg7IGNvbG9yOiByZ2IoMCwgMCwgMCk7IGZvbnQtZmFtaWx5OiDlrovkvZMsIHNpbXN1biwgc2Fucy1zZXJpZiwgQXJpYWw7IGxpbmUtaGVpZ2h0OiAyNHB4OyAiPg0KCeOAgOOAgOaNruaWsOWNjuekvueUtSDmnJ3pspzlubPlo6TljavmmJ/mjqfliLbnu7zlkIjmjIfmjKXmiYDmiYDplb/nmb3mmIzmtakxMeaXpeivtO+8jCZsZHF1bzvlhYnmmI7mmJ8z5Y+3JnJkcXVvO+WNq+aYn+W3suijhei9veWIsOi/kOi9veeBq+eureS4iu+8jOaKgOacr+S6uuWRmOato+WcqOWQkeeBq+eureazqOWFpeeHg+aWme+8jOWNq+aYn+maj+aXtuW+heWRveWHhuWkh+WPkeWwhOOAgjwvcD4NCjxwIHN0eWxlPSJib3JkZXItdG9wLXdpZHRoOiAwcHg7IGJvcmRlci1yaWdodC13aWR0aDogMHB4OyBib3JkZXItYm90dG9tLXdpZHRoOiAwcHg7IGJvcmRlci1sZWZ0LXdpZHRoOiAwcHg7IGJvcmRlci1zdHlsZTogaW5pdGlhbDsgYm9yZGVyLWNvbG9yOiBpbml0aWFsOyBib3JkZXItaW1hZ2U6IGluaXRpYWw7IG1hcmdpbi10b3A6IDI0cHg7IG1hcmdpbi1yaWdodDogYXV0bzsgbWFyZ2luLWJvdHRvbTogMHB4OyBtYXJnaW4tbGVmdDogYXV0bzsgcGFkZGluZy10b3A6IDBweDsgcGFkZGluZy1yaWdodDogMHB4OyBwYWRkaW5nLWJvdHRvbTogMHB4OyBwYWRkaW5nLWxlZnQ6IDNweDsgZm9udC1zaXplOiAxNXB4OyBjb2xvcjogcmdiKDAsIDAsIDApOyBmb250LWZhbWlseTog5a6L5L2TLCBzaW1zdW4sIHNhbnMtc2VyaWYsIEFyaWFsOyBsaW5lLWhlaWdodDogMjRweDsgIj4NCgk8c3Ryb25nIHN0eWxlPSJib3JkZXItdG9wLXdpZHRoOiAwcHg7IGJvcmRlci1yaWdodC13aWR0aDogMHB4OyBib3JkZXItYm90dG9tLXdpZHRoOiAwcHg7IGJvcmRlci1sZWZ0LXdpZHRoOiAwcHg7IGJvcmRlci1zdHlsZTogaW5pdGlhbDsgYm9yZGVyLWNvbG9yOiBpbml0aWFsOyBib3JkZXItaW1hZ2U6IGluaXRpYWw7IG1hcmdpbi10b3A6IDBweDsgbWFyZ2luLXJpZ2h0OiAwcHg7IG1hcmdpbi1ib3R0b206IDBweDsgbWFyZ2luLWxlZnQ6IDBweDsgcGFkZGluZy10b3A6IDBweDsgcGFkZGluZy1yaWdodDogMHB4OyBwYWRkaW5nLWJvdHRvbTogMHB4OyBwYWRkaW5nLWxlZnQ6IDBweDsgZm9udC1zaXplOiAxNXB4OyBmb250LXdlaWdodDogYm9sZDsgIj7jgIDjgIDljavmmJ/lt7Llronoo4Xoh7Pngavnrq08L3N0cm9uZz48L3A+DQo8cCBzdHlsZT0iYm9yZGVyLXRvcC13aWR0aDogMHB4OyBib3JkZXItcmlnaHQtd2lkdGg6IDBweDsgYm9yZGVyLWJvdHRvbS13aWR0aDogMHB4OyBib3JkZXItbGVmdC13aWR0aDogMHB4OyBib3JkZXItc3R5bGU6IGluaXRpYWw7IGJvcmRlci1jb2xvcjogaW5pdGlhbDsgYm9yZGVyLWltYWdlOiBpbml0aWFsOyBtYXJnaW4tdG9wOiAyNHB4OyBtYXJnaW4tcmlnaHQ6IGF1dG87IG1hcmdpbi1ib3R0b206IDBweDsgbWFyZ2luLWxlZnQ6IGF1dG87IHBhZGRpbmctdG9wOiAwcHg7IHBhZGRpbmctcmlnaHQ6IDBweDsgcGFkZGluZy1ib3R0b206IDBweDsgcGFkZGluZy1sZWZ0OiAzcHg7IGZvbnQtc2l6ZTogMTVweDsgY29sb3I6IHJnYigwLCAwLCAwKTsgZm9udC1mYW1pbHk6IOWui+S9kywgc2ltc3VuLCBzYW5zLXNlcmlmLCBBcmlhbDsgbGluZS1oZWlnaHQ6IDI0cHg7ICI+DQoJ44CA44CA5pyd6bKc5b2T5aSp5a6J5o6S5YyF5ous5paw5Y2O56S+6K6w6ICF5Zyo5YaF55qEMTAw5aSa5ZCN5aSW5Zu96K6w6ICF5Yiw5L2N5LqO5bmz5aOk6KW/5YyX6YOK5Yy655qE5Y2r5pif5o6n5Yi257u85ZCI5oyH5oyl5omA5Y+C6KeC44CCPC9wPg0KPHAgc3R5bGU9ImJvcmRlci10b3Atd2lkdGg6IDBweDsgYm9yZGVyLXJpZ2h0LXdpZHRoOiAwcHg7IGJvcmRlci1ib3R0b20td2lkdGg6IDBweDsgYm9yZGVyLWxlZnQtd2lkdGg6IDBweDsgYm9yZGVyLXN0eWxlOiBpbml0aWFsOyBib3JkZXItY29sb3I6IGluaXRpYWw7IGJvcmRlci1pbWFnZTogaW5pdGlhbDsgbWFyZ2luLXRvcDogMjRweDsgbWFyZ2luLXJpZ2h0OiBhdXRvOyBtYXJnaW4tYm90dG9tOiAwcHg7IG1hcmdpbi1sZWZ0OiBhdXRvOyBwYWRkaW5nLXRvcDogMHB4OyBwYWRkaW5nLXJpZ2h0OiAwcHg7IHBhZGRpbmctYm90dG9tOiAwcHg7IHBhZGRpbmctbGVmdDogM3B4OyBmb250LXNpemU6IDE1cHg7IGNvbG9yOiByZ2IoMCwgMCwgMCk7IGZvbnQtZmFtaWx5OiDlrovkvZMsIHNpbXN1biwgc2Fucy1zZXJpZiwgQXJpYWw7IGxpbmUtaGVpZ2h0OiAyNHB4OyAiPg0KCeOAgOOAgOeZveaYjOa1qeWQkeiusOiAheS7i+e7jeS6huaMh+aMpeaJgOeahOiBjOiDveWSjOWNq+aYn+S7u+WKoeeKtuaAgeaYvuekuuebkeinhuezu+e7n+OAguS7luivtO+8jCZsZHF1bzvlhYnmmI7mmJ8z5Y+3JnJkcXVvO+WNq+aYn+W3suWuieijheiHsyZsZHF1bzvpk7bmsrMz5Y+3JnJkcXVvO+i/kOi9veeBq+eure+8jOW5tuW3suW8gOWni+WQkeeBq+eureazqOWFpeeHg+aWme+8jOWwhuaMieiuoeWIkuS6jjEy5pel6IezMTbml6XkuYvpl7Tlj5HlsITljavmmJ/jgII8L3A+DQo8cCBzdHlsZT0iYm9yZGVyLXRvcC13aWR0aDogMHB4OyBib3JkZXItcmlnaHQtd2lkdGg6IDBweDsgYm9yZGVyLWJvdHRvbS13aWR0aDogMHB4OyBib3JkZXItbGVmdC13aWR0aDogMHB4OyBib3JkZXItc3R5bGU6IGluaXRpYWw7IGJvcmRlci1jb2xvcjogaW5pdGlhbDsgYm9yZGVyLWltYWdlOiBpbml0aWFsOyBtYXJnaW4tdG9wOiAyNHB4OyBtYXJnaW4tcmlnaHQ6IGF1dG87IG1hcmdpbi1ib3R0b206IDBweDsgbWFyZ2luLWxlZnQ6IGF1dG87IHBhZGRpbmctdG9wOiAwcHg7IHBhZGRpbmctcmlnaHQ6IDBweDsgcGFkZGluZy1ib3R0b206IDBweDsgcGFkZGluZy1sZWZ0OiAzcHg7IGZvbnQtc2l6ZTogMTVweDsgY29sb3I6IHJnYigwLCAwLCAwKTsgZm9udC1mYW1pbHk6IOWui+S9kywgc2ltc3VuLCBzYW5zLXNlcmlmLCBBcmlhbDsgbGluZS1oZWlnaHQ6IDI0cHg7ICI+DQoJ44CA44CA6K6w6ICF55yL5Yiw77yM546w5Zy65bel5L2c5Lq65ZGY5q2j5Zyo5bGP5bmV5YmN55uR5o6n5Y2r5pif5ZKM6L+Q6L2954Gr566t55qE5ZCE6aG55pWw5o2u44CC5YmN5pa55aSn5bGP5bmV5pi+56S654Gr566t5Y+R5bCE5p6255qE5a6e5pe25Zu+5YOP77yM5Y+v5Lul55yL5Yiw5Y+R5bCE5p625ZKM54Gr566t55qE5LiA5L6n6KKr5YyF6KO577yM5Y+q6Zyy5Ye656ys5LiA57qn54Gr566t55qE5bqV6YOo77yM5Zyw6Z2i5YGc552A5LiA6L6G57u/6Imy6L2m6L6G44CC5aSn5bGP5bmV5peB6L6555qE5bCP5bGP5bmV5pi+56S65Y2r5pif5YaF5aSW5rip5bqm44CB5LiW55WM5pe26Ze044CB5bmz5aOk5pe26Ze044CB5Y2r5pif5pe26Ze0562J5aSa6aG55oyH5pWw44CCPC9wPg0KPHAgc3R5bGU9ImJvcmRlci10b3Atd2lkdGg6IDBweDsgYm9yZGVyLXJpZ2h0LXdpZHRoOiAwcHg7IGJvcmRlci1ib3R0b20td2lkdGg6IDBweDsgYm9yZGVyLWxlZnQtd2lkdGg6IDBweDsgYm9yZGVyLXN0eWxlOiBpbml0aWFsOyBib3JkZXItY29sb3I6IGluaXRpYWw7IGJvcmRlci1pbWFnZTogaW5pdGlhbDsgbWFyZ2luLXRvcDogMjRweDsgbWFyZ2luLXJpZ2h0OiBhdXRvOyBtYXJnaW4tYm90dG9tOiAwcHg7IG1hcmdpbi1sZWZ0OiBhdXRvOyBwYWRkaW5nLXRvcDogMHB4OyBwYWRkaW5nLXJpZ2h0OiAwcHg7IHBhZGRpbmctYm90dG9tOiAwcHg7IHBhZGRpbmctbGVmdDogM3B4OyBmb250LXNpemU6IDE1cHg7IGNvbG9yOiByZ2IoMCwgMCwgMCk7IGZvbnQtZmFtaWx5OiDlrovkvZMsIHNpbXN1biwgc2Fucy1zZXJpZiwgQXJpYWw7IGxpbmUtaGVpZ2h0OiAyNHB4OyAiPg0KCTxzdHJvbmcgc3R5bGU9ImJvcmRlci10b3Atd2lkdGg6IDBweDsgYm9yZGVyLXJpZ2h0LXdpZHRoOiAwcHg7IGJvcmRlci1ib3R0b20td2lkdGg6IDBweDsgYm9yZGVyLWxlZnQtd2lkdGg6IDBweDsgYm9yZGVyLXN0eWxlOiBpbml0aWFsOyBib3JkZXItY29sb3I6IGluaXRpYWw7IGJvcmRlci1pbWFnZTogaW5pdGlhbDsgbWFyZ2luLXRvcDogMHB4OyBtYXJnaW4tcmlnaHQ6IDBweDsgbWFyZ2luLWJvdHRvbTogMHB4OyBtYXJnaW4tbGVmdDogMHB4OyBwYWRkaW5nLXRvcDogMHB4OyBwYWRkaW5nLXJpZ2h0OiAwcHg7IHBhZGRpbmctYm90dG9tOiAwcHg7IHBhZGRpbmctbGVmdDogMHB4OyBmb250LXNpemU6IDE1cHg7IGZvbnQtd2VpZ2h0OiBib2xkOyAiPuOAgOOAgCZsZHF1bzvmlbDmja7mmL7npLrkuI3mmK/lr7zlvLkmcmRxdW87PC9zdHJvbmc+PC9wPg0KPHAgc3R5bGU9ImJvcmRlci10b3Atd2lkdGg6IDBweDsgYm9yZGVyLXJpZ2h0LXdpZHRoOiAwcHg7IGJvcmRlci1ib3R0b20td2lkdGg6IDBweDsgYm9yZGVyLWxlZnQtd2lkdGg6IDBweDsgYm9yZGVyLXN0eWxlOiBpbml0aWFsOyBib3JkZXItY29sb3I6IGluaXRpYWw7IGJvcmRlci1pbWFnZTogaW5pdGlhbDsgbWFyZ2luLXRvcDogMjRweDsgbWFyZ2luLXJpZ2h0OiBhdXRvOyBtYXJnaW4tYm90dG9tOiAwcHg7IG1hcmdpbi1sZWZ0OiBhdXRvOyBwYWRkaW5nLXRvcDogMHB4OyBwYWRkaW5nLXJpZ2h0OiAwcHg7IHBhZGRpbmctYm90dG9tOiAwcHg7IHBhZGRpbmctbGVmdDogM3B4OyBmb250LXNpemU6IDE1cHg7IGNvbG9yOiByZ2IoMCwgMCwgMCk7IGZvbnQtZmFtaWx5OiDlrovkvZMsIHNpbXN1biwgc2Fucy1zZXJpZiwgQXJpYWw7IGxpbmUtaGVpZ2h0OiAyNHB4OyAiPg0KCeOAgOOAgOeZveaYjOa1qeihqOekuu+8jOmCgOivt+iusOiAheWJjeadpeWPguinguaYr+acgOmrmOmihuWvvOS6uumHkeato+aBqeeahOeJueauiuaMh+ekuu+8jOW4jOacm+iusOiAheWFrOato+WuouinguaKpemBk++8jCZsZHF1bzvlpoLorrDogIXmiYDop4HvvIzov5nph4zkuIDliIfmlbDmja7mmL7npLrnmoTpg73mmK/ljavmmJ/vvIzogIzkuI3mmK/lr7zlvLkmcmRxdW8744CCPC9wPg0KPHAgc3R5bGU9ImJvcmRlci10b3Atd2lkdGg6IDBweDsgYm9yZGVyLXJpZ2h0LXdpZHRoOiAwcHg7IGJvcmRlci1ib3R0b20td2lkdGg6IDBweDsgYm9yZGVyLWxlZnQtd2lkdGg6IDBweDsgYm9yZGVyLXN0eWxlOiBpbml0aWFsOyBib3JkZXItY29sb3I6IGluaXRpYWw7IGJvcmRlci1pbWFnZTogaW5pdGlhbDsgbWFyZ2luLXRvcDogMjRweDsgbWFyZ2luLXJpZ2h0OiBhdXRvOyBtYXJnaW4tYm90dG9tOiAwcHg7IG1hcmdpbi1sZWZ0OiBhdXRvOyBwYWRkaW5nLXRvcDogMHB4OyBwYWRkaW5nLXJpZ2h0OiAwcHg7IHBhZGRpbmctYm90dG9tOiAwcHg7IHBhZGRpbmctbGVmdDogM3B4OyBmb250LXNpemU6IDE1cHg7IGNvbG9yOiByZ2IoMCwgMCwgMCk7IGZvbnQtZmFtaWx5OiDlrovkvZMsIHNpbXN1biwgc2Fucy1zZXJpZiwgQXJpYWw7IGxpbmUtaGVpZ2h0OiAyNHB4OyAiPg0KCeOAgOOAgOi/meS9jei0n+i0o+S6uuivtO+8jOacnemynOWPkeWwhOWNq+aYn+aYr+S4uuS6huWPkeWxlee7j+a1juWSjOaPkOmrmOS6uuawkeeUn+a0u+awtOW5s++8jOaYr+WSjOW5s+WIqeeUqOWuh+WumeepuumXtOOAgueBq+eureacieiHqueIhuijhee9ru+8jOS4jeS8muWvuemCu+WbveWSjOWcsOWMuuS6p+eUn+W9seWTjeOAguS7lui/mOihqOekuu+8jOWPkeWwhCZsZHF1bzvlhYnmmI7mmJ8z5Y+3JnJkcXVvO+WNq+aYn+aYr+WQkemHkeaXpeaIkOivnui+sDEwMOWRqOW5tOeMruekvO+8jOaYr+mHkeato+aXpeeahOmBl+iure+8jCZsZHF1bzvmiJHku6znm7jkv6HlnKjph5HmraPmgannmoTkurLoh6rmjIflr7zkuIvvvIzljavmmJ/lj5HlsITkuIDlrprmiJDlip8mcmRxdW8744CCPC9wPg0KPHAgc3R5bGU9ImJvcmRlci10b3Atd2lkdGg6IDBweDsgYm9yZGVyLXJpZ2h0LXdpZHRoOiAwcHg7IGJvcmRlci1ib3R0b20td2lkdGg6IDBweDsgYm9yZGVyLWxlZnQtd2lkdGg6IDBweDsgYm9yZGVyLXN0eWxlOiBpbml0aWFsOyBib3JkZXItY29sb3I6IGluaXRpYWw7IGJvcmRlci1pbWFnZTogaW5pdGlhbDsgbWFyZ2luLXRvcDogMjRweDsgbWFyZ2luLXJpZ2h0OiBhdXRvOyBtYXJnaW4tYm90dG9tOiAwcHg7IG1hcmdpbi1sZWZ0OiBhdXRvOyBwYWRkaW5nLXRvcDogMHB4OyBwYWRkaW5nLXJpZ2h0OiAwcHg7IHBhZGRpbmctYm90dG9tOiAwcHg7IHBhZGRpbmctbGVmdDogM3B4OyBmb250LXNpemU6IDE1cHg7IGNvbG9yOiByZ2IoMCwgMCwgMCk7IGZvbnQtZmFtaWx5OiDlrovkvZMsIHNpbXN1biwgc2Fucy1zZXJpZiwgQXJpYWw7IGxpbmUtaGVpZ2h0OiAyNHB4OyAiPg0KCeOAgOOAgOacnemynOWPkeWwhOWNq+aYn+i/neWPjeiBlOWQiOWbveWuieeQhuS8muebuOWFs+WGs+iuru+8jOebtOaOpeWNseWPiuWcsOWMuuWuieWFqOOAgue+juWbveato+WcqOS4juWFtuS7luWbveWutui/m+ihjOWvhuWIh+eji+WVhu+8jOiLpeacnemynOecn+eahOWunuaWveWPkeWwhOiuoeWIku+8jOe+juWbveWwhuWcqOWuieeQhuS8muWvu+axguWvueacnemynOmHh+WPlumAguW9k+ihjOWKqOOAgiDnvo7lm73lm73liqHljb/luIzmi4nph4wmbWlkZG90O+WFi+ael+mhvzTmnIgxMOaXpeihqOaAgTwvcD4NCjxwIHN0eWxlPSJib3JkZXItdG9wLXdpZHRoOiAwcHg7IGJvcmRlci1yaWdodC13aWR0aDogMHB4OyBib3JkZXItYm90dG9tLXdpZHRoOiAwcHg7IGJvcmRlci1sZWZ0LXdpZHRoOiAwcHg7IGJvcmRlci1zdHlsZTogaW5pdGlhbDsgYm9yZGVyLWNvbG9yOiBpbml0aWFsOyBib3JkZXItaW1hZ2U6IGluaXRpYWw7IG1hcmdpbi10b3A6IDI0cHg7IG1hcmdpbi1yaWdodDogYXV0bzsgbWFyZ2luLWJvdHRvbTogMHB4OyBtYXJnaW4tbGVmdDogYXV0bzsgcGFkZGluZy10b3A6IDBweDsgcGFkZGluZy1yaWdodDogMHB4OyBwYWRkaW5nLWJvdHRvbTogMHB4OyBwYWRkaW5nLWxlZnQ6IDNweDsgZm9udC1zaXplOiAxNXB4OyBjb2xvcjogcmdiKDAsIDAsIDApOyBmb250LWZhbWlseTog5a6L5L2TLCBzaW1zdW4sIHNhbnMtc2VyaWYsIEFyaWFsOyBsaW5lLWhlaWdodDogMjRweDsgIj4NCgk8c3Ryb25nIHN0eWxlPSJib3JkZXItdG9wLXdpZHRoOiAwcHg7IGJvcmRlci1yaWdodC13aWR0aDogMHB4OyBib3JkZXItYm90dG9tLXdpZHRoOiAwcHg7IGJvcmRlci1sZWZ0LXdpZHRoOiAwcHg7IGJvcmRlci1zdHlsZTogaW5pdGlhbDsgYm9yZGVyLWNvbG9yOiBpbml0aWFsOyBib3JkZXItaW1hZ2U6IGluaXRpYWw7IG1hcmdpbi10b3A6IDBweDsgbWFyZ2luLXJpZ2h0OiAwcHg7IG1hcmdpbi1ib3R0b206IDBweDsgbWFyZ2luLWxlZnQ6IDBweDsgcGFkZGluZy10b3A6IDBweDsgcGFkZGluZy1yaWdodDogMHB4OyBwYWRkaW5nLWJvdHRvbTogMHB4OyBwYWRkaW5nLWxlZnQ6IDBweDsgZm9udC1zaXplOiAxNXB4OyBmb250LXdlaWdodDogYm9sZDsgIj7jgIDjgIAmbGRxdW875YWJ5piO5pifM+WPtyZyZHF1bzvljavmmJ88L3N0cm9uZz48L3A+DQo8cCBzdHlsZT0iYm9yZGVyLXRvcC13aWR0aDogMHB4OyBib3JkZXItcmlnaHQtd2lkdGg6IDBweDsgYm9yZGVyLWJvdHRvbS13aWR0aDogMHB4OyBib3JkZXItbGVmdC13aWR0aDogMHB4OyBib3JkZXItc3R5bGU6IGluaXRpYWw7IGJvcmRlci1jb2xvcjogaW5pdGlhbDsgYm9yZGVyLWltYWdlOiBpbml0aWFsOyBtYXJnaW4tdG9wOiAyNHB4OyBtYXJnaW4tcmlnaHQ6IGF1dG87IG1hcmdpbi1ib3R0b206IDBweDsgbWFyZ2luLWxlZnQ6IGF1dG87IHBhZGRpbmctdG9wOiAwcHg7IHBhZGRpbmctcmlnaHQ6IDBweDsgcGFkZGluZy1ib3R0b206IDBweDsgcGFkZGluZy1sZWZ0OiAzcHg7IGZvbnQtc2l6ZTogMTVweDsgY29sb3I6IHJnYigwLCAwLCAwKTsgZm9udC1mYW1pbHk6IOWui+S9kywgc2ltc3VuLCBzYW5zLXNlcmlmLCBBcmlhbDsgbGluZS1oZWlnaHQ6IDI0cHg7ICI+DQoJ44CA44CA5Y+R5bCE5pe26Ze077ya6aKE6K6hNOaciDEy5pel6IezMTbml6U8L3A+DQo8cCBzdHlsZT0iYm9yZGVyLXRvcC13aWR0aDogMHB4OyBib3JkZXItcmlnaHQtd2lkdGg6IDBweDsgYm9yZGVyLWJvdHRvbS13aWR0aDogMHB4OyBib3JkZXItbGVmdC13aWR0aDogMHB4OyBib3JkZXItc3R5bGU6IGluaXRpYWw7IGJvcmRlci1jb2xvcjogaW5pdGlhbDsgYm9yZGVyLWltYWdlOiBpbml0aWFsOyBtYXJnaW4tdG9wOiAyNHB4OyBtYXJnaW4tcmlnaHQ6IGF1dG87IG1hcmdpbi1ib3R0b206IDBweDsgbWFyZ2luLWxlZnQ6IGF1dG87IHBhZGRpbmctdG9wOiAwcHg7IHBhZGRpbmctcmlnaHQ6IDBweDsgcGFkZGluZy1ib3R0b206IDBweDsgcGFkZGluZy1sZWZ0OiAzcHg7IGZvbnQtc2l6ZTogMTVweDsgY29sb3I6IHJnYigwLCAwLCAwKTsgZm9udC1mYW1pbHk6IOWui+S9kywgc2ltc3VuLCBzYW5zLXNlcmlmLCBBcmlhbDsgbGluZS1oZWlnaHQ6IDI0cHg7ICI+DQoJ44CA44CA5Zyw54K577ya5bmz5a6J5YyX6YGT6ZOB5bGx6YOh6KW/5rW35Y2r5pif5Y+R5bCE5Zy6PC9wPg0KPHAgc3R5bGU9ImJvcmRlci10b3Atd2lkdGg6IDBweDsgYm9yZGVyLXJpZ2h0LXdpZHRoOiAwcHg7IGJvcmRlci1ib3R0b20td2lkdGg6IDBweDsgYm9yZGVyLWxlZnQtd2lkdGg6IDBweDsgYm9yZGVyLXN0eWxlOiBpbml0aWFsOyBib3JkZXItY29sb3I6IGluaXRpYWw7IGJvcmRlci1pbWFnZTogaW5pdGlhbDsgbWFyZ2luLXRvcDogMjRweDsgbWFyZ2luLXJpZ2h0OiBhdXRvOyBtYXJnaW4tYm90dG9tOiAwcHg7IG1hcmdpbi1sZWZ0OiBhdXRvOyBwYWRkaW5nLXRvcDogMHB4OyBwYWRkaW5nLXJpZ2h0OiAwcHg7IHBhZGRpbmctYm90dG9tOiAwcHg7IHBhZGRpbmctbGVmdDogM3B4OyBmb250LXNpemU6IDE1cHg7IGNvbG9yOiByZ2IoMCwgMCwgMCk7IGZvbnQtZmFtaWx5OiDlrovkvZMsIHNpbXN1biwgc2Fucy1zZXJpZiwgQXJpYWw7IGxpbmUtaGVpZ2h0OiAyNHB4OyAiPg0KCeOAgOOAgOaWueW8j++8mueUqOi/kOi9veeBq+eurSZsZHF1bzvpk7bmsrMz5Y+3JnJkcXVvO+WQkeWNl+WPkeWwhDwvcD4NCjxwIHN0eWxlPSJib3JkZXItdG9wLXdpZHRoOiAwcHg7IGJvcmRlci1yaWdodC13aWR0aDogMHB4OyBib3JkZXItYm90dG9tLXdpZHRoOiAwcHg7IGJvcmRlci1sZWZ0LXdpZHRoOiAwcHg7IGJvcmRlci1zdHlsZTogaW5pdGlhbDsgYm9yZGVyLWNvbG9yOiBpbml0aWFsOyBib3JkZXItaW1hZ2U6IGluaXRpYWw7IG1hcmdpbi10b3A6IDI0cHg7IG1hcmdpbi1yaWdodDogYXV0bzsgbWFyZ2luLWJvdHRvbTogMHB4OyBtYXJnaW4tbGVmdDogYXV0bzsgcGFkZGluZy10b3A6IDBweDsgcGFkZGluZy1yaWdodDogMHB4OyBwYWRkaW5nLWJvdHRvbTogMHB4OyBwYWRkaW5nLWxlZnQ6IDNweDsgZm9udC1zaXplOiAxNXB4OyBjb2xvcjogcmdiKDAsIDAsIDApOyBmb250LWZhbWlseTog5a6L5L2TLCBzaW1zdW4sIHNhbnMtc2VyaWYsIEFyaWFsOyBsaW5lLWhlaWdodDogMjRweDsgIj4NCgnjgIDjgIDnm67nmoTvvJrns7vlnKjmnoHlnLDovajpgZPov5DooYznmoTlnLDnkIPop4LmtYvljavmmJ88L3A+DQo8cCBzdHlsZT0iYm9yZGVyLXRvcC13aWR0aDogMHB4OyBib3JkZXItcmlnaHQtd2lkdGg6IDBweDsgYm9yZGVyLWJvdHRvbS13aWR0aDogMHB4OyBib3JkZXItbGVmdC13aWR0aDogMHB4OyBib3JkZXItc3R5bGU6IGluaXRpYWw7IGJvcmRlci1jb2xvcjogaW5pdGlhbDsgYm9yZGVyLWltYWdlOiBpbml0aWFsOyBtYXJnaW4tdG9wOiAyNHB4OyBtYXJnaW4tcmlnaHQ6IGF1dG87IG1hcmdpbi1ib3R0b206IDBweDsgbWFyZ2luLWxlZnQ6IGF1dG87IHBhZGRpbmctdG9wOiAwcHg7IHBhZGRpbmctcmlnaHQ6IDBweDsgcGFkZGluZy1ib3R0b206IDBweDsgcGFkZGluZy1sZWZ0OiAzcHg7IGZvbnQtc2l6ZTogMTVweDsgY29sb3I6IHJnYigwLCAwLCAwKTsgZm9udC1mYW1pbHk6IOWui+S9kywgc2ltc3VuLCBzYW5zLXNlcmlmLCBBcmlhbDsgbGluZS1oZWlnaHQ6IDI0cHg7ICI+DQoJ44CA44CA6KGo5oCB77ya5Lil5qC86YG15a6I55u45YWz6KeE5a6a77yM56Gu5L+d5pyA5aSn56iL5bqm6YCP5piOPC9wPg0KPHAgc3R5bGU9ImJvcmRlci10b3Atd2lkdGg6IDBweDsgYm9yZGVyLXJpZ2h0LXdpZHRoOiAwcHg7IGJvcmRlci1ib3R0b20td2lkdGg6IDBweDsgYm9yZGVyLWxlZnQtd2lkdGg6IDBweDsgYm9yZGVyLXN0eWxlOiBpbml0aWFsOyBib3JkZXItY29sb3I6IGluaXRpYWw7IGJvcmRlci1pbWFnZTogaW5pdGlhbDsgbWFyZ2luLXRvcDogMjRweDsgbWFyZ2luLXJpZ2h0OiBhdXRvOyBtYXJnaW4tYm90dG9tOiAwcHg7IG1hcmdpbi1sZWZ0OiBhdXRvOyBwYWRkaW5nLXRvcDogMHB4OyBwYWRkaW5nLXJpZ2h0OiAwcHg7IHBhZGRpbmctYm90dG9tOiAwcHg7IHBhZGRpbmctbGVmdDogM3B4OyBmb250LXNpemU6IDE1cHg7IGNvbG9yOiByZ2IoMCwgMCwgMCk7IGZvbnQtZmFtaWx5OiDlrovkvZMsIHNpbXN1biwgc2Fucy1zZXJpZiwgQXJpYWw7IGxpbmUtaGVpZ2h0OiAyNHB4OyAiPg0KCTxzdHJvbmcgc3R5bGU9ImJvcmRlci10b3Atd2lkdGg6IDBweDsgYm9yZGVyLXJpZ2h0LXdpZHRoOiAwcHg7IGJvcmRlci1ib3R0b20td2lkdGg6IDBweDsgYm9yZGVyLWxlZnQtd2lkdGg6IDBweDsgYm9yZGVyLXN0eWxlOiBpbml0aWFsOyBib3JkZXItY29sb3I6IGluaXRpYWw7IGJvcmRlci1pbWFnZTogaW5pdGlhbDsgbWFyZ2luLXRvcDogMHB4OyBtYXJnaW4tcmlnaHQ6IDBweDsgbWFyZ2luLWJvdHRvbTogMHB4OyBtYXJnaW4tbGVmdDogMHB4OyBwYWRkaW5nLXRvcDogMHB4OyBwYWRkaW5nLXJpZ2h0OiAwcHg7IHBhZGRpbmctYm90dG9tOiAwcHg7IHBhZGRpbmctbGVmdDogMHB4OyBmb250LXNpemU6IDE1cHg7IGZvbnQtd2VpZ2h0OiBib2xkOyAiPuOAgOOAgOWKqOWQkTwvc3Ryb25nPjwvcD4NCjxwIHN0eWxlPSJib3JkZXItdG9wLXdpZHRoOiAwcHg7IGJvcmRlci1yaWdodC13aWR0aDogMHB4OyBib3JkZXItYm90dG9tLXdpZHRoOiAwcHg7IGJvcmRlci1sZWZ0LXdpZHRoOiAwcHg7IGJvcmRlci1zdHlsZTogaW5pdGlhbDsgYm9yZGVyLWNvbG9yOiBpbml0aWFsOyBib3JkZXItaW1hZ2U6IGluaXRpYWw7IG1hcmdpbi10b3A6IDI0cHg7IG1hcmdpbi1yaWdodDogYXV0bzsgbWFyZ2luLWJvdHRvbTogMHB4OyBtYXJnaW4tbGVmdDogYXV0bzsgcGFkZGluZy10b3A6IDBweDsgcGFkZGluZy1yaWdodDogMHB4OyBwYWRkaW5nLWJvdHRvbTogMHB4OyBwYWRkaW5nLWxlZnQ6IDNweDsgZm9udC1zaXplOiAxNXB4OyBjb2xvcjogcmdiKDAsIDAsIDApOyBmb250LWZhbWlseTog5a6L5L2TLCBzaW1zdW4sIHNhbnMtc2VyaWYsIEFyaWFsOyBsaW5lLWhlaWdodDogMjRweDsgIj4NCgk8c3Ryb25nIHN0eWxlPSJib3JkZXItdG9wLXdpZHRoOiAwcHg7IGJvcmRlci1yaWdodC13aWR0aDogMHB4OyBib3JkZXItYm90dG9tLXdpZHRoOiAwcHg7IGJvcmRlci1sZWZ0LXdpZHRoOiAwcHg7IGJvcmRlci1zdHlsZTogaW5pdGlhbDsgYm9yZGVyLWNvbG9yOiBpbml0aWFsOyBib3JkZXItaW1hZ2U6IGluaXRpYWw7IG1hcmdpbi10b3A6IDBweDsgbWFyZ2luLXJpZ2h0OiAwcHg7IG1hcmdpbi1ib3R0b206IDBweDsgbWFyZ2luLWxlZnQ6IDBweDsgcGFkZGluZy10b3A6IDBweDsgcGFkZGluZy1yaWdodDogMHB4OyBwYWRkaW5nLWJvdHRvbTogMHB4OyBwYWRkaW5nLWxlZnQ6IDBweDsgZm9udC1zaXplOiAxNXB4OyBmb250LXdlaWdodDogYm9sZDsgIj7jgIDjgIDml6Xpg6jnvbLpmLLmoLjnlJ/ljJbpg6jpmJ88L3N0cm9uZz48L3A+DQo8cCBzdHlsZT0iYm9yZGVyLXRvcC13aWR0aDogMHB4OyBib3JkZXItcmlnaHQtd2lkdGg6IDBweDsgYm9yZGVyLWJvdHRvbS13aWR0aDogMHB4OyBib3JkZXItbGVmdC13aWR0aDogMHB4OyBib3JkZXItc3R5bGU6IGluaXRpYWw7IGJvcmRlci1jb2xvcjogaW5pdGlhbDsgYm9yZGVyLWltYWdlOiBpbml0aWFsOyBtYXJnaW4tdG9wOiAyNHB4OyBtYXJnaW4tcmlnaHQ6IGF1dG87IG1hcmdpbi1ib3R0b206IDBweDsgbWFyZ2luLWxlZnQ6IGF1dG87IHBhZGRpbmctdG9wOiAwcHg7IHBhZGRpbmctcmlnaHQ6IDBweDsgcGFkZGluZy1ib3R0b206IDBweDsgcGFkZGluZy1sZWZ0OiAzcHg7IGZvbnQtc2l6ZTogMTVweDsgY29sb3I6IHJnYigwLCAwLCAwKTsgZm9udC1mYW1pbHk6IOWui+S9kywgc2ltc3VuLCBzYW5zLXNlcmlmLCBBcmlhbDsgbGluZS1oZWlnaHQ6IDI0cHg7ICI+DQoJPHN0cm9uZyBzdHlsZT0iYm9yZGVyLXRvcC13aWR0aDogMHB4OyBib3JkZXItcmlnaHQtd2lkdGg6IDBweDsgYm9yZGVyLWJvdHRvbS13aWR0aDogMHB4OyBib3JkZXItbGVmdC13aWR0aDogMHB4OyBib3JkZXItc3R5bGU6IGluaXRpYWw7IGJvcmRlci1jb2xvcjogaW5pdGlhbDsgYm9yZGVyLWltYWdlOiBpbml0aWFsOyBtYXJnaW4tdG9wOiAwcHg7IG1hcmdpbi1yaWdodDogMHB4OyBtYXJnaW4tYm90dG9tOiAwcHg7IG1hcmdpbi1sZWZ0OiAwcHg7IHBhZGRpbmctdG9wOiAwcHg7IHBhZGRpbmctcmlnaHQ6IDBweDsgcGFkZGluZy1ib3R0b206IDBweDsgcGFkZGluZy1sZWZ0OiAwcHg7IGZvbnQtc2l6ZTogMTVweDsgZm9udC13ZWlnaHQ6IGJvbGQ7ICI+44CA44CA5pS/5bqc5oyH56S65pyJ5YWz5YaF6ZiB5aSn6IejMTLml6XkuIrljYg35pe25YmN5LiK54+t5b6F5ZG9PC9zdHJvbmc+PC9wPg0KPHAgc3R5bGU9ImJvcmRlci10b3Atd2lkdGg6IDBweDsgYm9yZGVyLXJpZ2h0LXdpZHRoOiAwcHg7IGJvcmRlci1ib3R0b20td2lkdGg6IDBweDsgYm9yZGVyLWxlZnQtd2lkdGg6IDBweDsgYm9yZGVyLXN0eWxlOiBpbml0aWFsOyBib3JkZXItY29sb3I6IGluaXRpYWw7IGJvcmRlci1pbWFnZTogaW5pdGlhbDsgbWFyZ2luLXRvcDogMjRweDsgbWFyZ2luLXJpZ2h0OiBhdXRvOyBtYXJnaW4tYm90dG9tOiAwcHg7IG1hcmdpbi1sZWZ0OiBhdXRvOyBwYWRkaW5nLXRvcDogMHB4OyBwYWRkaW5nLXJpZ2h0OiAwcHg7IHBhZGRpbmctYm90dG9tOiAwcHg7IHBhZGRpbmctbGVmdDogM3B4OyBmb250LXNpemU6IDE1cHg7IGNvbG9yOiByZ2IoMCwgMCwgMCk7IGZvbnQtZmFtaWx5OiDlrovkvZMsIHNpbXN1biwgc2Fucy1zZXJpZiwgQXJpYWw7IGxpbmUtaGVpZ2h0OiAyNHB4OyAiPg0KCeOAgOOAgOe7vOWQiOaWsOWNjuekvueUtSDmja7ml6XmnKzml7bkuovnpL4xMeaXpeaKpemBk++8jOS4uuS6huW6lOWvueacnemynOWPkeWwhCZsZHF1bzvlhYnmmI7mmJ8z5Y+3JnJkcXVvO+WNq+aYn+WPr+iDveWcqOaXpeacrOWig+WGheWdoOiQveeahOaDheWGte+8jOaXpeacrOitpuaWueWcqOWGsue7s+WOv+efs+Weo+Wym+WSjOWuq+WPpOWym+mDqOe9suS6humYsuaguOeUn+WMlumDqOmYn+OAgjwvcD4NCjxwIHN0eWxlPSJib3JkZXItdG9wLXdpZHRoOiAwcHg7IGJvcmRlci1yaWdodC13aWR0aDogMHB4OyBib3JkZXItYm90dG9tLXdpZHRoOiAwcHg7IGJvcmRlci1sZWZ0LXdpZHRoOiAwcHg7IGJvcmRlci1zdHlsZTogaW5pdGlhbDsgYm9yZGVyLWNvbG9yOiBpbml0aWFsOyBib3JkZXItaW1hZ2U6IGluaXRpYWw7IG1hcmdpbi10b3A6IDI0cHg7IG1hcmdpbi1yaWdodDogYXV0bzsgbWFyZ2luLWJvdHRvbTogMHB4OyBtYXJnaW4tbGVmdDogYXV0bzsgcGFkZGluZy10b3A6IDBweDsgcGFkZGluZy1yaWdodDogMHB4OyBwYWRkaW5nLWJvdHRvbTogMHB4OyBwYWRkaW5nLWxlZnQ6IDNweDsgZm9udC1zaXplOiAxNXB4OyBjb2xvcjogcmdiKDAsIDAsIDApOyBmb250LWZhbWlseTog5a6L5L2TLCBzaW1zdW4sIHNhbnMtc2VyaWYsIEFyaWFsOyBsaW5lLWhlaWdodDogMjRweDsgIj4NCgnjgIDjgIDml6XmnKzlhoXpmIHlrpjmiL/plb/lrpjol6TmnZHkv64xMeaXpeWuo+W4g++8jOS4uuS6huW6lOWvueacnemynOWPkeWwhOi/kOi9veeBq+eure+8jOaXpeacrOaUv+W6nOWwhuS6juW9k+WkqeS4i+WNiOWcqOmmluebuOWumOmCuOWNseacuueuoeeQhuS4reW/g+iuvueri+WvueetluWupOOAgjwvcD4NCjxwIHN0eWxlPSJib3JkZXItdG9wLXdpZHRoOiAwcHg7IGJvcmRlci1yaWdodC13aWR0aDogMHB4OyBib3JkZXItYm90dG9tLXdpZHRoOiAwcHg7IGJvcmRlci1sZWZ0LXdpZHRoOiAwcHg7IGJvcmRlci1zdHlsZTogaW5pdGlhbDsgYm9yZGVyLWNvbG9yOiBpbml0aWFsOyBib3JkZXItaW1hZ2U6IGluaXRpYWw7IG1hcmdpbi10b3A6IDI0cHg7IG1hcmdpbi1yaWdodDogYXV0bzsgbWFyZ2luLWJvdHRvbTogMHB4OyBtYXJnaW4tbGVmdDogYXV0bzsgcGFkZGluZy10b3A6IDBweDsgcGFkZGluZy1yaWdodDogMHB4OyBwYWRkaW5nLWJvdHRvbTogMHB4OyBwYWRkaW5nLWxlZnQ6IDNweDsgZm9udC1zaXplOiAxNXB4OyBjb2xvcjogcmdiKDAsIDAsIDApOyBmb250LWZhbWlseTog5a6L5L2TLCBzaW1zdW4sIHNhbnMtc2VyaWYsIEFyaWFsOyBsaW5lLWhlaWdodDogMjRweDsgIj4NCgnjgIDjgIDmiqXpgZPor7TvvIzml6XmnKzorabmlrnlnKjnn7PlnqPlspvlkozlrqvlj6Tlspvpg6jnvbLkuobnuqY4MOWQjemYsuaguOeUn+WMlumDqOmYn+Wjq+WFteOAguWmguaenOeBq+eureeahOeHg+aWmeWQq+acieWus+eJqei0qO+8jOmYsuaguOeUn+WMlumDqOmYn+Wwhui6q+epv+mYsuWMluacjeOAgjwvcD4NCjxwIHN0eWxlPSJib3JkZXItdG9wLXdpZHRoOiAwcHg7IGJvcmRlci1yaWdodC13aWR0aDogMHB4OyBib3JkZXItYm90dG9tLXdpZHRoOiAwcHg7IGJvcmRlci1sZWZ0LXdpZHRoOiAwcHg7IGJvcmRlci1zdHlsZTogaW5pdGlhbDsgYm9yZGVyLWNvbG9yOiBpbml0aWFsOyBib3JkZXItaW1hZ2U6IGluaXRpYWw7IG1hcmdpbi10b3A6IDI0cHg7IG1hcmdpbi1yaWdodDogYXV0bzsgbWFyZ2luLWJvdHRvbTogMHB4OyBtYXJnaW4tbGVmdDogYXV0bzsgcGFkZGluZy10b3A6IDBweDsgcGFkZGluZy1yaWdodDogMHB4OyBwYWRkaW5nLWJvdHRvbTogMHB4OyBwYWRkaW5nLWxlZnQ6IDNweDsgZm9udC1zaXplOiAxNXB4OyBjb2xvcjogcmdiKDAsIDAsIDApOyBmb250LWZhbWlseTog5a6L5L2TLCBzaW1zdW4sIHNhbnMtc2VyaWYsIEFyaWFsOyBsaW5lLWhlaWdodDogMjRweDsgIj4NCgnjgIDjgIDml6XmnKzorablr5/ljoXlvZPlpKnorr7nq4vmnJ3pspzlj5HlsIQmbGRxdW875YWJ5piO5pifM+WPtyZyZHF1bzvljavmmJ/lr7nnrZbmnKzpg6jvvIzlubbmj5Dpq5jkuoborabmiJLnuqfliKvjgILlhrLnu7PorabmlrnnmoTnm7TljYfmnLrlsIblnKjnn7PlnqPlspvlvoXlkb3vvIzku6XlupTlr7nlj6/og73lj5HnlJ/nmoTkuI3mtYvmg4XlhrXjgII8L3A+DQo8cCBzdHlsZT0iYm9yZGVyLXRvcC13aWR0aDogMHB4OyBib3JkZXItcmlnaHQtd2lkdGg6IDBweDsgYm9yZGVyLWJvdHRvbS13aWR0aDogMHB4OyBib3JkZXItbGVmdC13aWR0aDogMHB4OyBib3JkZXItc3R5bGU6IGluaXRpYWw7IGJvcmRlci1jb2xvcjogaW5pdGlhbDsgYm9yZGVyLWltYWdlOiBpbml0aWFsOyBtYXJnaW4tdG9wOiAyNHB4OyBtYXJnaW4tcmlnaHQ6IGF1dG87IG1hcmdpbi1ib3R0b206IDBweDsgbWFyZ2luLWxlZnQ6IGF1dG87IHBhZGRpbmctdG9wOiAwcHg7IHBhZGRpbmctcmlnaHQ6IDBweDsgcGFkZGluZy1ib3R0b206IDBweDsgcGFkZGluZy1sZWZ0OiAzcHg7IGZvbnQtc2l6ZTogMTVweDsgY29sb3I6IHJnYigwLCAwLCAwKTsgZm9udC1mYW1pbHk6IOWui+S9kywgc2ltc3VuLCBzYW5zLXNlcmlmLCBBcmlhbDsgbGluZS1oZWlnaHQ6IDI0cHg7ICI+DQoJ44CA44CA5o2u5pel5pys5aqS5L2T5oql6YGT77yM5pel5pys5pS/5bqc5bey5oyH56S65pyJ5YWz5YaF6ZiB5aSn6IejMTLml6XkuIrljYg35pe25YmN5LiK54+t5b6F5ZG977yM5LiA5pem5pyd6bKc5Y+R5bCE6L+Q6L2954Gr566t77yM56uL5Y2z5Y+s5byA55Sx6aaW55u45ZKM5pyJ5YWz5YaF6ZiB5aSn6Iej5Y+C5Yqg55qE5a6J5YWo5L+d6Zqc5Lya6K6u5Y2P5ZWG5bqU5a+55o6q5pa944CCPC9wPg0KPHAgc3R5bGU9ImJvcmRlci10b3Atd2lkdGg6IDBweDsgYm9yZGVyLXJpZ2h0LXdpZHRoOiAwcHg7IGJvcmRlci1ib3R0b20td2lkdGg6IDBweDsgYm9yZGVyLWxlZnQtd2lkdGg6IDBweDsgYm9yZGVyLXN0eWxlOiBpbml0aWFsOyBib3JkZXItY29sb3I6IGluaXRpYWw7IGJvcmRlci1pbWFnZTogaW5pdGlhbDsgbWFyZ2luLXRvcDogMjRweDsgbWFyZ2luLXJpZ2h0OiBhdXRvOyBtYXJnaW4tYm90dG9tOiAwcHg7IG1hcmdpbi1sZWZ0OiBhdXRvOyBwYWRkaW5nLXRvcDogMHB4OyBwYWRkaW5nLXJpZ2h0OiAwcHg7IHBhZGRpbmctYm90dG9tOiAwcHg7IHBhZGRpbmctbGVmdDogM3B4OyBmb250LXNpemU6IDE1cHg7IGNvbG9yOiByZ2IoMCwgMCwgMCk7IGZvbnQtZmFtaWx5OiDlrovkvZMsIHNpbXN1biwgc2Fucy1zZXJpZiwgQXJpYWw7IGxpbmUtaGVpZ2h0OiAyNHB4OyAiPg0KCeOAgOOAgOatpOWklu+8jOaXpeacrOWkluWKoeecgeWSjOmYsuWNq+ecgeS5n+Wwhuiuvueri+WvueetluacrOmDqO+8jDI05bCP5pe25pS26ZuG5pyd6bKc5Y+R5bCE6L+Q6L2954Gr566t55qE55u45YWz5L+h5oGv77yM5bm25L+d5oyB6K2m5oiS44CCPC9wPg0KPHAgc3R5bGU9ImJvcmRlci10b3Atd2lkdGg6IDBweDsgYm9yZGVyLXJpZ2h0LXdpZHRoOiAwcHg7IGJvcmRlci1ib3R0b20td2lkdGg6IDBweDsgYm9yZGVyLWxlZnQtd2lkdGg6IDBweDsgYm9yZGVyLXN0eWxlOiBpbml0aWFsOyBib3JkZXItY29sb3I6IGluaXRpYWw7IGJvcmRlci1pbWFnZTogaW5pdGlhbDsgbWFyZ2luLXRvcDogMjRweDsgbWFyZ2luLXJpZ2h0OiBhdXRvOyBtYXJnaW4tYm90dG9tOiAwcHg7IG1hcmdpbi1sZWZ0OiBhdXRvOyBwYWRkaW5nLXRvcDogMHB4OyBwYWRkaW5nLXJpZ2h0OiAwcHg7IHBhZGRpbmctYm90dG9tOiAwcHg7IHBhZGRpbmctbGVmdDogM3B4OyBmb250LXNpemU6IDE1cHg7IGNvbG9yOiByZ2IoMCwgMCwgMCk7IGZvbnQtZmFtaWx5OiDlrovkvZMsIHNpbXN1biwgc2Fucy1zZXJpZiwgQXJpYWw7IGxpbmUtaGVpZ2h0OiAyNHB4OyAiPg0KCTxzdHJvbmcgc3R5bGU9ImJvcmRlci10b3Atd2lkdGg6IDBweDsgYm9yZGVyLXJpZ2h0LXdpZHRoOiAwcHg7IGJvcmRlci1ib3R0b20td2lkdGg6IDBweDsgYm9yZGVyLWxlZnQtd2lkdGg6IDBweDsgYm9yZGVyLXN0eWxlOiBpbml0aWFsOyBib3JkZXItY29sb3I6IGluaXRpYWw7IGJvcmRlci1pbWFnZTogaW5pdGlhbDsgbWFyZ2luLXRvcDogMHB4OyBtYXJnaW4tcmlnaHQ6IDBweDsgbWFyZ2luLWJvdHRvbTogMHB4OyBtYXJnaW4tbGVmdDogMHB4OyBwYWRkaW5nLXRvcDogMHB4OyBwYWRkaW5nLXJpZ2h0OiAwcHg7IHBhZGRpbmctYm90dG9tOiAwcHg7IHBhZGRpbmctbGVmdDogMHB4OyBmb250LXNpemU6IDE1cHg7IGZvbnQtd2VpZ2h0OiBib2xkOyAiPuOAgOOAgOWjsOmfszwvc3Ryb25nPjwvcD4NCjxwIHN0eWxlPSJib3JkZXItdG9wLXdpZHRoOiAwcHg7IGJvcmRlci1yaWdodC13aWR0aDogMHB4OyBib3JkZXItYm90dG9tLXdpZHRoOiAwcHg7IGJvcmRlci1sZWZ0LXdpZHRoOiAwcHg7IGJvcmRlci1zdHlsZTogaW5pdGlhbDsgYm9yZGVyLWNvbG9yOiBpbml0aWFsOyBib3JkZXItaW1hZ2U6IGluaXRpYWw7IG1hcmdpbi10b3A6IDI0cHg7IG1hcmdpbi1yaWdodDogYXV0bzsgbWFyZ2luLWJvdHRvbTogMHB4OyBtYXJnaW4tbGVmdDogYXV0bzsgcGFkZGluZy10b3A6IDBweDsgcGFkZGluZy1yaWdodDogMHB4OyBwYWRkaW5nLWJvdHRvbTogMHB4OyBwYWRkaW5nLWxlZnQ6IDNweDsgZm9udC1zaXplOiAxNXB4OyBjb2xvcjogcmdiKDAsIDAsIDApOyBmb250LWZhbWlseTog5a6L5L2TLCBzaW1zdW4sIHNhbnMtc2VyaWYsIEFyaWFsOyBsaW5lLWhlaWdodDogMjRweDsgIj4NCgk8c3Ryb25nIHN0eWxlPSJib3JkZXItdG9wLXdpZHRoOiAwcHg7IGJvcmRlci1yaWdodC13aWR0aDogMHB4OyBib3JkZXItYm90dG9tLXdpZHRoOiAwcHg7IGJvcmRlci1sZWZ0LXdpZHRoOiAwcHg7IGJvcmRlci1zdHlsZTogaW5pdGlhbDsgYm9yZGVyLWNvbG9yOiBpbml0aWFsOyBib3JkZXItaW1hZ2U6IGluaXRpYWw7IG1hcmdpbi10b3A6IDBweDsgbWFyZ2luLXJpZ2h0OiAwcHg7IG1hcmdpbi1ib3R0b206IDBweDsgbWFyZ2luLWxlZnQ6IDBweDsgcGFkZGluZy10b3A6IDBweDsgcGFkZGluZy1yaWdodDogMHB4OyBwYWRkaW5nLWJvdHRvbTogMHB4OyBwYWRkaW5nLWxlZnQ6IDBweDsgZm9udC1zaXplOiAxNXB4OyBmb250LXdlaWdodDogYm9sZDsgIj7jgIDjgIDkuK3lm73lpJbkuqTpg6jkuprmtLLlj7jlj7jplb/ooajnpLrvvIzmnJ3lj5HlsITljavmmJ/lkI7oi6UmbGRxdW875q2m5paXJnJkcXVvO++8jOS4jeespuWQiOWQhOaWueWIqeebijwvc3Ryb25nPjwvcD4NCjxwIHN0eWxlPSJib3JkZXItdG9wLXdpZHRoOiAwcHg7IGJvcmRlci1yaWdodC13aWR0aDogMHB4OyBib3JkZXItYm90dG9tLXdpZHRoOiAwcHg7IGJvcmRlci1sZWZ0LXdpZHRoOiAwcHg7IGJvcmRlci1zdHlsZTogaW5pdGlhbDsgYm9yZGVyLWNvbG9yOiBpbml0aWFsOyBib3JkZXItaW1hZ2U6IGluaXRpYWw7IG1hcmdpbi10b3A6IDI0cHg7IG1hcmdpbi1yaWdodDogYXV0bzsgbWFyZ2luLWJvdHRvbTogMHB4OyBtYXJnaW4tbGVmdDogYXV0bzsgcGFkZGluZy10b3A6IDBweDsgcGFkZGluZy1yaWdodDogMHB4OyBwYWRkaW5nLWJvdHRvbTogMHB4OyBwYWRkaW5nLWxlZnQ6IDNweDsgZm9udC1zaXplOiAxNXB4OyBjb2xvcjogcmdiKDAsIDAsIDApOyBmb250LWZhbWlseTog5a6L5L2TLCBzaW1zdW4sIHNhbnMtc2VyaWYsIEFyaWFsOyBsaW5lLWhlaWdodDogMjRweDsgIj4NCgk8c3Ryb25nIHN0eWxlPSJib3JkZXItdG9wLXdpZHRoOiAwcHg7IGJvcmRlci1yaWdodC13aWR0aDogMHB4OyBib3JkZXItYm90dG9tLXdpZHRoOiAwcHg7IGJvcmRlci1sZWZ0LXdpZHRoOiAwcHg7IGJvcmRlci1zdHlsZTogaW5pdGlhbDsgYm9yZGVyLWNvbG9yOiBpbml0aWFsOyBib3JkZXItaW1hZ2U6IGluaXRpYWw7IG1hcmdpbi10b3A6IDBweDsgbWFyZ2luLXJpZ2h0OiAwcHg7IG1hcmdpbi1ib3R0b206IDBweDsgbWFyZ2luLWxlZnQ6IDBweDsgcGFkZGluZy10b3A6IDBweDsgcGFkZGluZy1yaWdodDogMHB4OyBwYWRkaW5nLWJvdHRvbTogMHB4OyBwYWRkaW5nLWxlZnQ6IDBweDsgZm9udC1zaXplOiAxNXB4OyBmb250LXdlaWdodDogYm9sZDsgIj7jgIDjgIAmbGRxdW875pyq5ZCs6K+05Lit5Zu95LiT5a626LW05pyd6KeCJmxzcXVvO+aYnyZxdW90Ozwvc3Ryb25nPjwvcD4NCjxwIHN0eWxlPSJib3JkZXItdG9wLXdpZHRoOiAwcHg7IGJvcmRlci1yaWdodC13aWR0aDogMHB4OyBib3JkZXItYm90dG9tLXdpZHRoOiAwcHg7IGJvcmRlci1sZWZ0LXdpZHRoOiAwcHg7IGJvcmRlci1zdHlsZTogaW5pdGlhbDsgYm9yZGVyLWNvbG9yOiBpbml0aWFsOyBib3JkZXItaW1hZ2U6IGluaXRpYWw7IG1hcmdpbi10b3A6IDI0cHg7IG1hcmdpbi1yaWdodDogYXV0bzsgbWFyZ2luLWJvdHRvbTogMHB4OyBtYXJnaW4tbGVmdDogYXV0bzsgcGFkZGluZy10b3A6IDBweDsgcGFkZGluZy1yaWdodDogMHB4OyBwYWRkaW5nLWJvdHRvbTogMHB4OyBwYWRkaW5nLWxlZnQ6IDNweDsgZm9udC1zaXplOiAxNXB4OyBjb2xvcjogcmdiKDAsIDAsIDApOyBmb250LWZhbWlseTog5a6L5L2TLCBzaW1zdW4sIHNhbnMtc2VyaWYsIEFyaWFsOyBsaW5lLWhlaWdodDogMjRweDsgIj4NCgnjgIDjgIDmlrDkuqzmiqXorq8g77yI6K6w6ICF6YKi5LiW5Lyf77yJ5pio5pel77yM5Lit5Zu95aSW5Lqk6YOo5Lqa5rSy5Y+45Y+46ZW/572X54Wn6L6J5Y+C5Yqg5rS75Yqo5o6l5Y+X572R5Y+L5o+Q6Zeu5pe26KGo56S677yM5pyq5ZCs6K+05pyJ5Lit5Zu95LiT5a625YmN5b6A5pyd6bKc6KeC5pGp5bCE5pif5rS75Yqo44CCPC9wPg0KPHAgc3R5bGU9ImJvcmRlci10b3Atd2lkdGg6IDBweDsgYm9yZGVyLXJpZ2h0LXdpZHRoOiAwcHg7IGJvcmRlci1ib3R0b20td2lkdGg6IDBweDsgYm9yZGVyLWxlZnQtd2lkdGg6IDBweDsgYm9yZGVyLXN0eWxlOiBpbml0aWFsOyBib3JkZXItY29sb3I6IGluaXRpYWw7IGJvcmRlci1pbWFnZTogaW5pdGlhbDsgbWFyZ2luLXRvcDogMjRweDsgbWFyZ2luLXJpZ2h0OiBhdXRvOyBtYXJnaW4tYm90dG9tOiAwcHg7IG1hcmdpbi1sZWZ0OiBhdXRvOyBwYWRkaW5nLXRvcDogMHB4OyBwYWRkaW5nLXJpZ2h0OiAwcHg7IHBhZGRpbmctYm90dG9tOiAwcHg7IHBhZGRpbmctbGVmdDogM3B4OyBmb250LXNpemU6IDE1cHg7IGNvbG9yOiByZ2IoMCwgMCwgMCk7IGZvbnQtZmFtaWx5OiDlrovkvZMsIHNpbXN1biwgc2Fucy1zZXJpZiwgQXJpYWw7IGxpbmUtaGVpZ2h0OiAyNHB4OyAiPg0KCeOAgOOAgOe9l+eFp+i+ieensO+8jOaNruS6huino++8jOS4reWbveS4gOS6m+WqkuS9k++8jOWMheaLrOW4uOmpu+W5s+WjpOWSjOS4gOS6m+WbveWGheiusOiAheW6lOmCgOmHh+iuv+acneWwhOaYn+ebuOWFs+a0u+WKqO+8jOi/meaYr+WqkuS9k+eahOiHquS4u+ihjOS4uu+8jOaXoOmcgOW+l+WIsOaUv+W6nOeahOaJueWHhuOAgjwvcD4NCjxwIHN0eWxlPSJib3JkZXItdG9wLXdpZHRoOiAwcHg7IGJvcmRlci1yaWdodC13aWR0aDogMHB4OyBib3JkZXItYm90dG9tLXdpZHRoOiAwcHg7IGJvcmRlci1sZWZ0LXdpZHRoOiAwcHg7IGJvcmRlci1zdHlsZTogaW5pdGlhbDsgYm9yZGVyLWNvbG9yOiBpbml0aWFsOyBib3JkZXItaW1hZ2U6IGluaXRpYWw7IG1hcmdpbi10b3A6IDI0cHg7IG1hcmdpbi1yaWdodDogYXV0bzsgbWFyZ2luLWJvdHRvbTogMHB4OyBtYXJnaW4tbGVmdDogYXV0bzsgcGFkZGluZy10b3A6IDBweDsgcGFkZGluZy1yaWdodDogMHB4OyBwYWRkaW5nLWJvdHRvbTogMHB4OyBwYWRkaW5nLWxlZnQ6IDNweDsgZm9udC1zaXplOiAxNXB4OyBjb2xvcjogcmdiKDAsIDAsIDApOyBmb250LWZhbWlseTog5a6L5L2TLCBzaW1zdW4sIHNhbnMtc2VyaWYsIEFyaWFsOyBsaW5lLWhlaWdodDogMjRweDsgIj4NCgnjgIDjgIDpkojlr7nnvo7jgIHml6Xlo7Dnp7DopoHmi6bmiKrmnJ3pspzljavmmJ/vvIzmnJ3pspzljYrlspvkvJrkuI3kvJrlm6DmraTlj5HnlJ/miJjkuonnmoTpl67popjvvIznvZfnhafovonorqTkuLrvvIzku47lpJblm73lqpLkvZPkuIDkupvor4TorrrnnIvvvIzmnJ3pspzlsITmmJ/lt7Lnrq3lnKjlvKbkuIrvvIzpmr7ku6XmlLnlj5jvvIzogZTlkIjlm73ku4vlhaXkuI3lj6/pgb/lhY3jgILlkITmlrnkuZ/ljYHliIblhbPms6jlsYrml7bogZTlkIjlm73lj43lupTnmoTnqIvluqbvvIzku6Xlj4rmnJ3mlrnlr7nogZTlkIjlm73lj43lupTnmoTlupTlr7njgILlvaLlir/lj5HlsZXku43mnInlvojlpKfnmoTkuI3noa7lrprmgKfvvIzlgLzlvpflr4bliIflhbPms6jjgII8L3A+DQo8cCBzdHlsZT0iYm9yZGVyLXRvcC13aWR0aDogMHB4OyBib3JkZXItcmlnaHQtd2lkdGg6IDBweDsgYm9yZGVyLWJvdHRvbS13aWR0aDogMHB4OyBib3JkZXItbGVmdC13aWR0aDogMHB4OyBib3JkZXItc3R5bGU6IGluaXRpYWw7IGJvcmRlci1jb2xvcjogaW5pdGlhbDsgYm9yZGVyLWltYWdlOiBpbml0aWFsOyBtYXJnaW4tdG9wOiAyNHB4OyBtYXJnaW4tcmlnaHQ6IGF1dG87IG1hcmdpbi1ib3R0b206IDBweDsgbWFyZ2luLWxlZnQ6IGF1dG87IHBhZGRpbmctdG9wOiAwcHg7IHBhZGRpbmctcmlnaHQ6IDBweDsgcGFkZGluZy1ib3R0b206IDBweDsgcGFkZGluZy1sZWZ0OiAzcHg7IGZvbnQtc2l6ZTogMTVweDsgY29sb3I6IHJnYigwLCAwLCAwKTsgZm9udC1mYW1pbHk6IOWui+S9kywgc2ltc3VuLCBzYW5zLXNlcmlmLCBBcmlhbDsgbGluZS1oZWlnaHQ6IDI0cHg7ICI+DQoJ44CA44CA572X54Wn6L6J5o6l552A6K+077yM6L+Z5Lqb5aSp77yM5pyJ5YWz5Zu95a625Zu057uV5pyd5bCE5pif5LuN5Zyo5byA5bGV5a+G6ZuG55qE5aSW5Lqk5o6l6Kem77yM5pyd5pa55Lmf6YKA6K+35LqG5Zu95aSW5aqS5L2T5Y+C6KeC6KW/5rW35Y2r5pif5Y+R5bCE5Z+65Zyw44CC5Lit5pa55Li66Ziy5q2i5bGA5Yq/6L2u55Wq5Y2H57qn77yM6L+Y5bCG57un57ut5Y+R5oyl5bu66K6+5oCn5L2c55So44CC5LuW6K6k5Li677yM5pyd5LiA5pem5Y+R5bCE5Y2r5pif77yMJmxkcXVvO+aWh+aWlyZyZHF1bzvkvJrlvojmv4Dng4jjgILlr7vmsYLmlL/msrvlkozlpJbkuqTop6PlhrPvvIzlupTmmK/lkITmlrnmmI7mmbrnmoTpgInmi6nvvIwmbGRxdW875q2m5paXJnJkcXVvO+S4jeespuWQiOWQhOaWueeahOWIqeebiuOAgjwvcD4NCjxwIHN0eWxlPSJib3JkZXItdG9wLXdpZHRoOiAwcHg7IGJvcmRlci1yaWdodC13aWR0aDogMHB4OyBib3JkZXItYm90dG9tLXdpZHRoOiAwcHg7IGJvcmRlci1sZWZ0LXdpZHRoOiAwcHg7IGJvcmRlci1zdHlsZTogaW5pdGlhbDsgYm9yZGVyLWNvbG9yOiBpbml0aWFsOyBib3JkZXItaW1hZ2U6IGluaXRpYWw7IG1hcmdpbi10b3A6IDI0cHg7IG1hcmdpbi1yaWdodDogYXV0bzsgbWFyZ2luLWJvdHRvbTogMHB4OyBtYXJnaW4tbGVmdDogYXV0bzsgcGFkZGluZy10b3A6IDBweDsgcGFkZGluZy1yaWdodDogMHB4OyBwYWRkaW5nLWJvdHRvbTogMHB4OyBwYWRkaW5nLWxlZnQ6IDNweDsgZm9udC1zaXplOiAxNXB4OyBjb2xvcjogcmdiKDAsIDAsIDApOyBmb250LWZhbWlseTog5a6L5L2TLCBzaW1zdW4sIHNhbnMtc2VyaWYsIEFyaWFsOyBsaW5lLWhlaWdodDogMjRweDsgIj4NCgnjgIDjgIDlnKjlhbbnnIvmnaXvvIzmnJ3pspzljYrlspvlhrfmiJjmrovkvZnnirnlrZjvvIzmnJ3nvo7jgIHmnJ3pn6nlsJrlpITlgZzmiJjnirbmgIHvvIzplb/mnJ/lr7nnq4vvvIzov5nmmK/mnJ3pspzplb/mnJ/nvLrkuY/lronlhajmhJ/nmoTljp/lm6DvvIzkuZ/mmK/ljYrlspvlvaLlir/kuI3ml7bntKflvKDnmoTmoLnmupDmiYDlnKjjgILnnJ/mraPlrp7njrDljYrlspvplb/msrvkuYXlronvvIzml6LopoHmsrvmoIfvvIzkuZ/opoHmsrvmnKzjgILop6PlhrPlvZPliY3nmoTpl67popjlvojph43opoHvvIzopoHmg7Pku47moLnmnKzkuIrop6PlhrPpl67popjvvIzkuZ/pnIDopoHmnInlhbPlm73lrrbmlLnlloTlhbPns7vvvIzlrp7njrDlhbPns7vmraPluLjljJbjgII8L3A+DQo8cCBzdHlsZT0iYm9yZGVyLXRvcC13aWR0aDogMHB4OyBib3JkZXItcmlnaHQtd2lkdGg6IDBweDsgYm9yZGVyLWJvdHRvbS13aWR0aDogMHB4OyBib3JkZXItbGVmdC13aWR0aDogMHB4OyBib3JkZXItc3R5bGU6IGluaXRpYWw7IGJvcmRlci1jb2xvcjogaW5pdGlhbDsgYm9yZGVyLWltYWdlOiBpbml0aWFsOyBtYXJnaW4tdG9wOiAyNHB4OyBtYXJnaW4tcmlnaHQ6IGF1dG87IG1hcmdpbi1ib3R0b206IDBweDsgbWFyZ2luLWxlZnQ6IGF1dG87IHBhZGRpbmctdG9wOiAwcHg7IHBhZGRpbmctcmlnaHQ6IDBweDsgcGFkZGluZy1ib3R0b206IDBweDsgcGFkZGluZy1sZWZ0OiAzcHg7IGZvbnQtc2l6ZTogMTVweDsgY29sb3I6IHJnYigwLCAwLCAwKTsgZm9udC1mYW1pbHk6IOWui+S9kywgc2ltc3VuLCBzYW5zLXNlcmlmLCBBcmlhbDsgbGluZS1oZWlnaHQ6IDI0cHg7ICI+DQoJPHN0cm9uZyBzdHlsZT0iYm9yZGVyLXRvcC13aWR0aDogMHB4OyBib3JkZXItcmlnaHQtd2lkdGg6IDBweDsgYm9yZGVyLWJvdHRvbS13aWR0aDogMHB4OyBib3JkZXItbGVmdC13aWR0aDogMHB4OyBib3JkZXItc3R5bGU6IGluaXRpYWw7IGJvcmRlci1jb2xvcjogaW5pdGlhbDsgYm9yZGVyLWltYWdlOiBpbml0aWFsOyBtYXJnaW4tdG9wOiAwcHg7IG1hcmdpbi1yaWdodDogMHB4OyBtYXJnaW4tYm90dG9tOiAwcHg7IG1hcmdpbi1sZWZ0OiAwcHg7IHBhZGRpbmctdG9wOiAwcHg7IHBhZGRpbmctcmlnaHQ6IDBweDsgcGFkZGluZy1ib3R0b206IDBweDsgcGFkZGluZy1sZWZ0OiAwcHg7IGZvbnQtc2l6ZTogMTVweDsgZm9udC13ZWlnaHQ6IGJvbGQ7ICI+44CA44CA5LqL5oCB6L+b5bGVPC9zdHJvbmc+PC9wPg0KPHAgc3R5bGU9ImJvcmRlci10b3Atd2lkdGg6IDBweDsgYm9yZGVyLXJpZ2h0LXdpZHRoOiAwcHg7IGJvcmRlci1ib3R0b20td2lkdGg6IDBweDsgYm9yZGVyLWxlZnQtd2lkdGg6IDBweDsgYm9yZGVyLXN0eWxlOiBpbml0aWFsOyBib3JkZXItY29sb3I6IGluaXRpYWw7IGJvcmRlci1pbWFnZTogaW5pdGlhbDsgbWFyZ2luLXRvcDogMjRweDsgbWFyZ2luLXJpZ2h0OiBhdXRvOyBtYXJnaW4tYm90dG9tOiAwcHg7IG1hcmdpbi1sZWZ0OiBhdXRvOyBwYWRkaW5nLXRvcDogMHB4OyBwYWRkaW5nLXJpZ2h0OiAwcHg7IHBhZGRpbmctYm90dG9tOiAwcHg7IHBhZGRpbmctbGVmdDogM3B4OyBmb250LXNpemU6IDE1cHg7IGNvbG9yOiByZ2IoMCwgMCwgMCk7IGZvbnQtZmFtaWx5OiDlrovkvZMsIHNpbXN1biwgc2Fucy1zZXJpZiwgQXJpYWw7IGxpbmUtaGVpZ2h0OiAyNHB4OyAiPg0KCeOAgOOAgDPmnIgxNuaXpSDmnJ3pspzlrqPluIM05pyI5Y+R5bCEJmxkcXVvO+mTtuayszPlj7cmcmRxdW876L+Q6L2954Gr566t77yM5oqKJmxkcXVvO+WFieaYjuaYnzPlj7cmcmRxdW875Zyw55CD6KeC5rWL5Y2r5pif6YCB5YWl6L2o6YGT77yM5Lul57qq5b+15bey5pWF5Zu95a625Li75bit6YeR5pel5oiQ55m+5bm06K+e6L6w44CCPC9wPg0KPHAgc3R5bGU9ImJvcmRlci10b3Atd2lkdGg6IDBweDsgYm9yZGVyLXJpZ2h0LXdpZHRoOiAwcHg7IGJvcmRlci1ib3R0b20td2lkdGg6IDBweDsgYm9yZGVyLWxlZnQtd2lkdGg6IDBweDsgYm9yZGVyLXN0eWxlOiBpbml0aWFsOyBib3JkZXItY29sb3I6IGluaXRpYWw7IGJvcmRlci1pbWFnZTogaW5pdGlhbDsgbWFyZ2luLXRvcDogMjRweDsgbWFyZ2luLXJpZ2h0OiBhdXRvOyBtYXJnaW4tYm90dG9tOiAwcHg7IG1hcmdpbi1sZWZ0OiBhdXRvOyBwYWRkaW5nLXRvcDogMHB4OyBwYWRkaW5nLXJpZ2h0OiAwcHg7IHBhZGRpbmctYm90dG9tOiAwcHg7IHBhZGRpbmctbGVmdDogM3B4OyBmb250LXNpemU6IDE1cHg7IGNvbG9yOiByZ2IoMCwgMCwgMCk7IGZvbnQtZmFtaWx5OiDlrovkvZMsIHNpbXN1biwgc2Fucy1zZXJpZiwgQXJpYWw7IGxpbmUtaGVpZ2h0OiAyNHB4OyAiPg0KCeOAgOOAgDPmnIgxOOaXpSDmnJ3pspzkuK3lpK7pgJrorq/npL7np7DvvIzmnJ3pspzmnInmnYPlkozlubPliKnnlKjlpKrnqbrotYTmupDvvIzmjqjliqjkuI7nu4/mtY7lj5HlsZXlr4bliIfnm7jlhbPnmoTljavmmJ/mioDmnK/lupTnlKjjgII8L3A+DQo8cCBzdHlsZT0iYm9yZGVyLXRvcC13aWR0aDogMHB4OyBib3JkZXItcmlnaHQtd2lkdGg6IDBweDsgYm9yZGVyLWJvdHRvbS13aWR0aDogMHB4OyBib3JkZXItbGVmdC13aWR0aDogMHB4OyBib3JkZXItc3R5bGU6IGluaXRpYWw7IGJvcmRlci1jb2xvcjogaW5pdGlhbDsgYm9yZGVyLWltYWdlOiBpbml0aWFsOyBtYXJnaW4tdG9wOiAyNHB4OyBtYXJnaW4tcmlnaHQ6IGF1dG87IG1hcmdpbi1ib3R0b206IDBweDsgbWFyZ2luLWxlZnQ6IGF1dG87IHBhZGRpbmctdG9wOiAwcHg7IHBhZGRpbmctcmlnaHQ6IDBweDsgcGFkZGluZy1ib3R0b206IDBweDsgcGFkZGluZy1sZWZ0OiAzcHg7IGZvbnQtc2l6ZTogMTVweDsgY29sb3I6IHJnYigwLCAwLCAwKTsgZm9udC1mYW1pbHk6IOWui+S9kywgc2ltc3VuLCBzYW5zLXNlcmlmLCBBcmlhbDsgbGluZS1oZWlnaHQ6IDI0cHg7ICI+DQoJ44CA44CAM+aciDE55pelIOaXpeacrOmYsuWKoeWkp+iHo+eUsOS4reebtOe6quihqOekuu+8jOmSiOWvueacnemynOi/kOi9veeBq+eureWPr+iDvee7j+i/h+aXpeacrOS4iuepuuaIluWcqOaXpeacrOWig+WGheWdoOiQveeahOaDheWGte+8jOiAg+iZkeWQkeiHquWNq+mYn+S4i+i+vueUqOW8uemBk+WvvOW8uemYsuW+oeezu+e7n+i/m+ihjOaLpuaIqueahOWRveS7pOOAgjwvcD4NCjxwIHN0eWxlPSJib3JkZXItdG9wLXdpZHRoOiAwcHg7IGJvcmRlci1yaWdodC13aWR0aDogMHB4OyBib3JkZXItYm90dG9tLXdpZHRoOiAwcHg7IGJvcmRlci1sZWZ0LXdpZHRoOiAwcHg7IGJvcmRlci1zdHlsZTogaW5pdGlhbDsgYm9yZGVyLWNvbG9yOiBpbml0aWFsOyBib3JkZXItaW1hZ2U6IGluaXRpYWw7IG1hcmdpbi10b3A6IDI0cHg7IG1hcmdpbi1yaWdodDogYXV0bzsgbWFyZ2luLWJvdHRvbTogMHB4OyBtYXJnaW4tbGVmdDogYXV0bzsgcGFkZGluZy10b3A6IDBweDsgcGFkZGluZy1yaWdodDogMHB4OyBwYWRkaW5nLWJvdHRvbTogMHB4OyBwYWRkaW5nLWxlZnQ6IDNweDsgZm9udC1zaXplOiAxNXB4OyBjb2xvcjogcmdiKDAsIDAsIDApOyBmb250LWZhbWlseTog5a6L5L2TLCBzaW1zdW4sIHNhbnMtc2VyaWYsIEFyaWFsOyBsaW5lLWhlaWdodDogMjRweDsgIj4NCgnjgIDjgIAz5pyIMjHml6Ug6Z+p5Zu95oC757uf5p2O5piO5Y2a6K+077yM6Z+p5Zu95Y2z5bCG5LiO576O5Zu96L6+5oiQ5Y2P6K6u77yM6I635YeG6KOF5aSH5oiW56CU5Y+R5bCE56iL5pu06L+c55qE5by56YGT5a+85by577yM5Lul5aiB5oWR5pyd6bKc44CCPC9wPg0KPHAgc3R5bGU9ImJvcmRlci10b3Atd2lkdGg6IDBweDsgYm9yZGVyLXJpZ2h0LXdpZHRoOiAwcHg7IGJvcmRlci1ib3R0b20td2lkdGg6IDBweDsgYm9yZGVyLWxlZnQtd2lkdGg6IDBweDsgYm9yZGVyLXN0eWxlOiBpbml0aWFsOyBib3JkZXItY29sb3I6IGluaXRpYWw7IGJvcmRlci1pbWFnZTogaW5pdGlhbDsgbWFyZ2luLXRvcDogMjRweDsgbWFyZ2luLXJpZ2h0OiBhdXRvOyBtYXJnaW4tYm90dG9tOiAwcHg7IG1hcmdpbi1sZWZ0OiBhdXRvOyBwYWRkaW5nLXRvcDogMHB4OyBwYWRkaW5nLXJpZ2h0OiAwcHg7IHBhZGRpbmctYm90dG9tOiAwcHg7IHBhZGRpbmctbGVmdDogM3B4OyBmb250LXNpemU6IDE1cHg7IGNvbG9yOiByZ2IoMCwgMCwgMCk7IGZvbnQtZmFtaWx5OiDlrovkvZMsIHNpbXN1biwgc2Fucy1zZXJpZiwgQXJpYWw7IGxpbmUtaGVpZ2h0OiAyNHB4OyAiPg0KCeOAgOOAgDPmnIgyM+aXpSDmnJ3pspzlpJbliqHnnIHlj5HoqIDkurrlrqPluIPvvIzmnJ3pspzlnLDnkIPop4LmtYvljavmmJ8mbGRxdW875YWJ5piO5pifM+WPtyZyZHF1bzvnmoTlj5HlsITlh4blpIflt6XkvZwmbGRxdW875bey57uP6L+b5YWl5a6e6ZmF6L+Q6L2s6Zi25q61JnJkcXVvO+OAgjwvcD4NCjxwIHN0eWxlPSJib3JkZXItdG9wLXdpZHRoOiAwcHg7IGJvcmRlci1yaWdodC13aWR0aDogMHB4OyBib3JkZXItYm90dG9tLXdpZHRoOiAwcHg7IGJvcmRlci1sZWZ0LXdpZHRoOiAwcHg7IGJvcmRlci1zdHlsZTogaW5pdGlhbDsgYm9yZGVyLWNvbG9yOiBpbml0aWFsOyBib3JkZXItaW1hZ2U6IGluaXRpYWw7IG1hcmdpbi10b3A6IDI0cHg7IG1hcmdpbi1yaWdodDogYXV0bzsgbWFyZ2luLWJvdHRvbTogMHB4OyBtYXJnaW4tbGVmdDogYXV0bzsgcGFkZGluZy10b3A6IDBweDsgcGFkZGluZy1yaWdodDogMHB4OyBwYWRkaW5nLWJvdHRvbTogMHB4OyBwYWRkaW5nLWxlZnQ6IDNweDsgZm9udC1zaXplOiAxNXB4OyBjb2xvcjogcmdiKDAsIDAsIDApOyBmb250LWZhbWlseTog5a6L5L2TLCBzaW1zdW4sIHNhbnMtc2VyaWYsIEFyaWFsOyBsaW5lLWhlaWdodDogMjRweDsgIj4NCgnjgIDjgIAz5pyIMjPml6Ug5pel5pys5pS/5bqc5oyH56S66Iiq56m66Ieq5Y2r6Zif5YGa5aW95YeG5aSH77yM5r+A5rS76Ziy56m657O757uf77yM5Lul5bqU5a+55pyd6bKc6K6h5YiS5Lit55qE5Y2r5pif5Y+R5bCE44CCPC9wPg0KPHAgc3R5bGU9ImJvcmRlci10b3Atd2lkdGg6IDBweDsgYm9yZGVyLXJpZ2h0LXdpZHRoOiAwcHg7IGJvcmRlci1ib3R0b20td2lkdGg6IDBweDsgYm9yZGVyLWxlZnQtd2lkdGg6IDBweDsgYm9yZGVyLXN0eWxlOiBpbml0aWFsOyBib3JkZXItY29sb3I6IGluaXRpYWw7IGJvcmRlci1pbWFnZTogaW5pdGlhbDsgbWFyZ2luLXRvcDogMjRweDsgbWFyZ2luLXJpZ2h0OiBhdXRvOyBtYXJnaW4tYm90dG9tOiAwcHg7IG1hcmdpbi1sZWZ0OiBhdXRvOyBwYWRkaW5nLXRvcDogMHB4OyBwYWRkaW5nLXJpZ2h0OiAwcHg7IHBhZGRpbmctYm90dG9tOiAwcHg7IHBhZGRpbmctbGVmdDogM3B4OyBmb250LXNpemU6IDE1cHg7IGNvbG9yOiByZ2IoMCwgMCwgMCk7IGZvbnQtZmFtaWx5OiDlrovkvZMsIHNpbXN1biwgc2Fucy1zZXJpZiwgQXJpYWw7IGxpbmUtaGVpZ2h0OiAyNHB4OyAiPg0KCeOAgOOAgDPmnIgyOOaXpSDkuK3lm73lm73lrrbkuLvluK3og6HplKbmtpvlnKjmlrDlvrfph4zkvJrop4Hkv4TmgLvnu5/mooXlvrfpn6bmnbDlpKvml7booajnpLrvvIzlvZPliY3vvIzljYrlspvlvaLlir/ljYHliIblpI3mnYLmlY/mhJ/vvIzkuK3mlrnmhL/lkIzkv4Tmlrnnu6fnu63lr4bliIfphY3lkIjvvIzmlabkv4PmnInlhbPlkITmlrnkv53mjIHlhrfpnZnlhYvliLbjgII8L3A+DQo8cCBzdHlsZT0iYm9yZGVyLXRvcC13aWR0aDogMHB4OyBib3JkZXItcmlnaHQtd2lkdGg6IDBweDsgYm9yZGVyLWJvdHRvbS13aWR0aDogMHB4OyBib3JkZXItbGVmdC13aWR0aDogMHB4OyBib3JkZXItc3R5bGU6IGluaXRpYWw7IGJvcmRlci1jb2xvcjogaW5pdGlhbDsgYm9yZGVyLWltYWdlOiBpbml0aWFsOyBtYXJnaW4tdG9wOiAyNHB4OyBtYXJnaW4tcmlnaHQ6IGF1dG87IG1hcmdpbi1ib3R0b206IDBweDsgbWFyZ2luLWxlZnQ6IGF1dG87IHBhZGRpbmctdG9wOiAwcHg7IHBhZGRpbmctcmlnaHQ6IDBweDsgcGFkZGluZy1ib3R0b206IDBweDsgcGFkZGluZy1sZWZ0OiAzcHg7IGZvbnQtc2l6ZTogMTVweDsgY29sb3I6IHJnYigwLCAwLCAwKTsgZm9udC1mYW1pbHk6IOWui+S9kywgc2ltc3VuLCBzYW5zLXNlcmlmLCBBcmlhbDsgbGluZS1oZWlnaHQ6IDI0cHg7ICI+DQoJ44CA44CAM+aciDI45pelIOe+juWbveWbvemYsumDqOWumOWRmOivgeWunu+8jOe+juaWueW3suS4reatouWvueacnemynOeahOeyrumjn+aPtOWKqe+8jOeQhueUseaYr+acneaWueeahOWNq+aYn+WPkeWwhOiuoeWIkiZsZHF1bzvov53lj43ljY/orq4mcmRxdW8744CCPC9wPg0KPHAgc3R5bGU9ImJvcmRlci10b3Atd2lkdGg6IDBweDsgYm9yZGVyLXJpZ2h0LXdpZHRoOiAwcHg7IGJvcmRlci1ib3R0b20td2lkdGg6IDBweDsgYm9yZGVyLWxlZnQtd2lkdGg6IDBweDsgYm9yZGVyLXN0eWxlOiBpbml0aWFsOyBib3JkZXItY29sb3I6IGluaXRpYWw7IGJvcmRlci1pbWFnZTogaW5pdGlhbDsgbWFyZ2luLXRvcDogMjRweDsgbWFyZ2luLXJpZ2h0OiBhdXRvOyBtYXJnaW4tYm90dG9tOiAwcHg7IG1hcmdpbi1sZWZ0OiBhdXRvOyBwYWRkaW5nLXRvcDogMHB4OyBwYWRkaW5nLXJpZ2h0OiAwcHg7IHBhZGRpbmctYm90dG9tOiAwcHg7IHBhZGRpbmctbGVmdDogM3B4OyBmb250LXNpemU6IDE1cHg7IGNvbG9yOiByZ2IoMCwgMCwgMCk7IGZvbnQtZmFtaWx5OiDlrovkvZMsIHNpbXN1biwgc2Fucy1zZXJpZiwgQXJpYWw7IGxpbmUtaGVpZ2h0OiAyNHB4OyAiPg0KCeOAgOOAgDTmnIgx5pelIOaXpeacrOiHquWNq+mYn+S7juacrOWcn+e7j+a1t+i3r+WQkeWGsue7s+i/kOi+kyZsZHF1bzvniLHlm73ogIUzJnJkcXVvO+Wei+W8uemBk+WvvOW8uemYsuW+oeezu+e7n++8jOS7peW6lOWvueacnemynOWuo+W4g+acrOaciOS4reaXrOWPkeWwhCZsZHF1bzvljavmmJ8mcmRxdW8744CCPC9wPg0KPHAgc3R5bGU9ImJvcmRlci10b3Atd2lkdGg6IDBweDsgYm9yZGVyLXJpZ2h0LXdpZHRoOiAwcHg7IGJvcmRlci1ib3R0b20td2lkdGg6IDBweDsgYm9yZGVyLWxlZnQtd2lkdGg6IDBweDsgYm9yZGVyLXN0eWxlOiBpbml0aWFsOyBib3JkZXItY29sb3I6IGluaXRpYWw7IGJvcmRlci1pbWFnZTogaW5pdGlhbDsgbWFyZ2luLXRvcDogMjRweDsgbWFyZ2luLXJpZ2h0OiBhdXRvOyBtYXJnaW4tYm90dG9tOiAwcHg7IG1hcmdpbi1sZWZ0OiBhdXRvOyBwYWRkaW5nLXRvcDogMHB4OyBwYWRkaW5nLXJpZ2h0OiAwcHg7IHBhZGRpbmctYm90dG9tOiAwcHg7IHBhZGRpbmctbGVmdDogM3B4OyBmb250LXNpemU6IDE1cHg7IGNvbG9yOiByZ2IoMCwgMCwgMCk7IGZvbnQtZmFtaWx5OiDlrovkvZMsIHNpbXN1biwgc2Fucy1zZXJpZiwgQXJpYWw7IGxpbmUtaGVpZ2h0OiAyNHB4OyAiPg0KCeOAgOOAgDTmnIgz5pelIOaXpeacrOWumOWRmOivtO+8jOaXpeacrOaUv+W6nOW3suWbnue7neacnemynOaWuemdoumCgOivt++8jOaLkue7nea0vumBo+inguWvn+WRmOi1tOacneinguaRqeacnemynOWPkeWwhOWNq+aYn+OAgjwvcD4NCjxwIHN0eWxlPSJib3JkZXItdG9wLXdpZHRoOiAwcHg7IGJvcmRlci1yaWdodC13aWR0aDogMHB4OyBib3JkZXItYm90dG9tLXdpZHRoOiAwcHg7IGJvcmRlci1sZWZ0LXdpZHRoOiAwcHg7IGJvcmRlci1zdHlsZTogaW5pdGlhbDsgYm9yZGVyLWNvbG9yOiBpbml0aWFsOyBib3JkZXItaW1hZ2U6IGluaXRpYWw7IG1hcmdpbi10b3A6IDI0cHg7IG1hcmdpbi1yaWdodDogYXV0bzsgbWFyZ2luLWJvdHRvbTogMHB4OyBtYXJnaW4tbGVmdDogYXV0bzsgcGFkZGluZy10b3A6IDBweDsgcGFkZGluZy1yaWdodDogMHB4OyBwYWRkaW5nLWJvdHRvbTogMHB4OyBwYWRkaW5nLWxlZnQ6IDNweDsgZm9udC1zaXplOiAxNXB4OyBjb2xvcjogcmdiKDAsIDAsIDApOyBmb250LWZhbWlseTog5a6L5L2TLCBzaW1zdW4sIHNhbnMtc2VyaWYsIEFyaWFsOyBsaW5lLWhlaWdodDogMjRweDsgIj4NCgnjgIDjgIA05pyIMTDml6Ug5pyd6bKc5a6Y5ZGY5a6j5biD77yM5pyd5pa55a6a5LqO5b2T5aSp5pma6Ze05a6M5oiQ5omA5pyJ5Y+R5bCE5YeG5aSH77yM5bCG5oyJ6K6h5YiSMTLml6Xoh7MxNuaXpeWPkeWwhCZsZHF1bzvlhYnmmI7mmJ8z5Y+3JnJkcXVvO+WcsOeQg+ingua1i+WNq+aYn+OAgjwvcD4NCg==','新京报',1,'news_thumbnail/166/1334200281059.jpg',7,1,'2012-04-12 11:11:21',NULL,166,79),
  (30,'印尼海域发生8.5级强震 多个国家发布海啸预警','PHA+DQoJPHNwYW4gc3R5bGU9ImNvbG9yOiByZ2IoNTEsIDUxLCA1MSk7IGZvbnQtZmFtaWx5OiDlrovkvZMsIHNpbXN1biwgc2Fucy1zZXJpZiwgQXJpYWw7IGZvbnQtc2l6ZTogMTVweDsgbGluZS1oZWlnaHQ6IDI0cHg7ICI+5paw5Y2O572R5YyX5LqsNOaciDEx5pel55S1Jm5ic3A757u85ZCI5paw5Y2O56S+6am75aSW6K6w6ICF5oql6YGT77ya5Y2w5bqm5bC86KW/5Lqa6IuP6Zeo562U6IWK6ZmE6L+R5rW35Z+fMTHml6XkuIvljYjlj5HnlJ84LjXnuqflvLrpnIfvvIzlnLDpnIfnm5HmtYvmnLrmnoTlt7Llj5HluIPmtbfllbjpooTorabjgILpmo/lkI7lpJrkuKrlm73lrrbnm7jnu6flj5HluIPmtbfllbjpooTorabvvIzkuIDkupvlm73lrrbnmoTpg6jliIblnLDljLrov5jlrp7mlr3kuobntKfmgKXnlo/mlaPnrYnlupTmgKXmjqrmlr3jgII8L3NwYW4+PGJyIHN0eWxlPSJjb2xvcjogcmdiKDUxLCA1MSwgNTEpOyBmb250LWZhbWlseTog5a6L5L2TLCBzaW1zdW4sIHNhbnMtc2VyaWYsIEFyaWFsOyBmb250LXNpemU6IDE1cHg7IGxpbmUtaGVpZ2h0OiAyNHB4OyAiIC8+DQoJPGJyIHN0eWxlPSJjb2xvcjogcmdiKDUxLCA1MSwgNTEpOyBmb250LWZhbWlseTog5a6L5L2TLCBzaW1zdW4sIHNhbnMtc2VyaWYsIEFyaWFsOyBmb250LXNpemU6IDE1cHg7IGxpbmUtaGVpZ2h0OiAyNHB4OyAiIC8+DQoJPHNwYW4gc3R5bGU9ImNvbG9yOiByZ2IoNTEsIDUxLCA1MSk7IGZvbnQtZmFtaWx5OiDlrovkvZMsIHNpbXN1biwgc2Fucy1zZXJpZiwgQXJpYWw7IGZvbnQtc2l6ZTogMTVweDsgbGluZS1oZWlnaHQ6IDI0cHg7ICI+44CA44CA5o2u5Y2w5bC8576O6YO955S16KeG5Y+w5oql6YGT77yM5Zyw6ZyH5Y+R55Sf5LqO5b2T5Zyw5pe26Ze0MTXml7YzOOWIhu+8jOmch+S4reS9jeS6juS6mum9kOecgemUoem7mOWNouWym+ilv+WNlzM0NuWFrOmHjOWkhO+8jOmch+a6kOa3seW6pjEw5YWs6YeM44CC5Y2w5bC85Zyw6ZyH55uR5rWL6YOo6Zeo5pyA5Yid5YWs5biD55qE6ZyH57qn5pivOC4557qn77yM5ZCO5L+u5q2j5Li6OC4157qn44CC5q2k5qyh5by66ZyH5Y+R55Sf5ZCO77yM6ZyH5Lit6ZSh6buY5Y2i5bKb6ZmE6L+R5rW35Z+f5Y+I5Y+R55Sf5pWw5qyhNue6p+S7peS4iuS9memch+OAgjwvc3Bhbj48YnIgc3R5bGU9ImNvbG9yOiByZ2IoNTEsIDUxLCA1MSk7IGZvbnQtZmFtaWx5OiDlrovkvZMsIHNpbXN1biwgc2Fucy1zZXJpZiwgQXJpYWw7IGZvbnQtc2l6ZTogMTVweDsgbGluZS1oZWlnaHQ6IDI0cHg7ICIgLz4NCgk8YnIgc3R5bGU9ImNvbG9yOiByZ2IoNTEsIDUxLCA1MSk7IGZvbnQtZmFtaWx5OiDlrovkvZMsIHNpbXN1biwgc2Fucy1zZXJpZiwgQXJpYWw7IGZvbnQtc2l6ZTogMTVweDsgbGluZS1oZWlnaHQ6IDI0cHg7ICIgLz4NCgk8c3BhbiBzdHlsZT0iY29sb3I6IHJnYig1MSwgNTEsIDUxKTsgZm9udC1mYW1pbHk6IOWui+S9kywgc2ltc3VuLCBzYW5zLXNlcmlmLCBBcmlhbDsgZm9udC1zaXplOiAxNXB4OyBsaW5lLWhlaWdodDogMjRweDsgIj7jgIDjgIDoi4/pl6jnrZTohYrlspvmsr/lsrjkuprpvZDnnIHjgIHopb/oi4/pl6jnrZTohYrnnIHlkozmmI7lj6TpsoHnnIHpg73mnInpnIfmhJ/vvIzlvZPlnLDlsYXmsJHmg4rmhYzlpLHmjqrvvIzot5HliLDooZfkuIrpgb/pmr7vvIzkuIDkupvljLvpmaLlsIbnl4Xkurrovaznp7vliLDmiLflpJbku6XpmLLkuI3mtYvjgILnm67liY3lsJrml6DkurrlkZjkvKTkuqHlkozotKLkuqfmjZ/lpLHnmoTmiqXlkYrjgII8L3NwYW4+PGJyIHN0eWxlPSJjb2xvcjogcmdiKDUxLCA1MSwgNTEpOyBmb250LWZhbWlseTog5a6L5L2TLCBzaW1zdW4sIHNhbnMtc2VyaWYsIEFyaWFsOyBmb250LXNpemU6IDE1cHg7IGxpbmUtaGVpZ2h0OiAyNHB4OyAiIC8+DQoJPGJyIHN0eWxlPSJjb2xvcjogcmdiKDUxLCA1MSwgNTEpOyBmb250LWZhbWlseTog5a6L5L2TLCBzaW1zdW4sIHNhbnMtc2VyaWYsIEFyaWFsOyBmb250LXNpemU6IDE1cHg7IGxpbmUtaGVpZ2h0OiAyNHB4OyAiIC8+DQoJPHNwYW4gc3R5bGU9ImNvbG9yOiByZ2IoNTEsIDUxLCA1MSk7IGZvbnQtZmFtaWx5OiDlrovkvZMsIHNpbXN1biwgc2Fucy1zZXJpZiwgQXJpYWw7IGZvbnQtc2l6ZTogMTVweDsgbGluZS1oZWlnaHQ6IDI0cHg7ICI+44CA44CA5Y2w5bC85rCU6LGh44CB5rCU5YCZ5ZKM5Zyw55CD54mp55CG5bGA5a6Y5ZGY5ZOI6ZuF6L+q6K+077yM5qC55o2u5rW35ZW45qih5Z6L6K6h566X77yM5Zyw6ZyH5Y+v6IO95byV5Y+RNuexs+mrmOeahOa1t+a1qu+8jOacgOWIneWPkeW4g+eahOa1t+WVuOmihOitpuiMg+WbtOWMheaLrOS6mum9kOecgeOAgeilv+iLj+mXqOetlOiFiuecgeWSjOaYjuWPpOmygeecge+8jOS9humaj+WQjuilv+iLj+mXqOetlOiFiuecgeWSjOaYjuWPpOmygeecgeeahOa1t+WVuOmihOitpuiiq+WPlua2iOOAguS6mum9kOWxheawkeiiq+WRiuefpeWBmuWlveeWj+aVo+WHhuWkh+OAgjwvc3Bhbj48YnIgc3R5bGU9ImNvbG9yOiByZ2IoNTEsIDUxLCA1MSk7IGZvbnQtZmFtaWx5OiDlrovkvZMsIHNpbXN1biwgc2Fucy1zZXJpZiwgQXJpYWw7IGZvbnQtc2l6ZTogMTVweDsgbGluZS1oZWlnaHQ6IDI0cHg7ICIgLz4NCgk8YnIgc3R5bGU9ImNvbG9yOiByZ2IoNTEsIDUxLCA1MSk7IGZvbnQtZmFtaWx5OiDlrovkvZMsIHNpbXN1biwgc2Fucy1zZXJpZiwgQXJpYWw7IGZvbnQtc2l6ZTogMTVweDsgbGluZS1oZWlnaHQ6IDI0cHg7ICIgLz4NCgk8c3BhbiBzdHlsZT0iY29sb3I6IHJnYig1MSwgNTEsIDUxKTsgZm9udC1mYW1pbHk6IOWui+S9kywgc2ltc3VuLCBzYW5zLXNlcmlmLCBBcmlhbDsgZm9udC1zaXplOiAxNXB4OyBsaW5lLWhlaWdodDogMjRweDsgIj7jgIDjgIDlvLrpnIflj5HnlJ/ml7bvvIzlhbbku5blkajovrnlm73lrrbkuZ/mnInkuI3lkIznqIvluqbpnIfmhJ/vvIzpmo/lkI7lj5HluIPkuobmtbfllbjpooTorablubbnu4Tnu4fpg6jliIblnLDljLrlsYXmsJHntKfmgKXnlo/mlaPjgII8L3NwYW4+PGJyIHN0eWxlPSJjb2xvcjogcmdiKDUxLCA1MSwgNTEpOyBmb250LWZhbWlseTog5a6L5L2TLCBzaW1zdW4sIHNhbnMtc2VyaWYsIEFyaWFsOyBmb250LXNpemU6IDE1cHg7IGxpbmUtaGVpZ2h0OiAyNHB4OyAiIC8+DQoJPGJyIHN0eWxlPSJjb2xvcjogcmdiKDUxLCA1MSwgNTEpOyBmb250LWZhbWlseTog5a6L5L2TLCBzaW1zdW4sIHNhbnMtc2VyaWYsIEFyaWFsOyBmb250LXNpemU6IDE1cHg7IGxpbmUtaGVpZ2h0OiAyNHB4OyAiIC8+DQoJPHNwYW4gc3R5bGU9ImNvbG9yOiByZ2IoNTEsIDUxLCA1MSk7IGZvbnQtZmFtaWx5OiDlrovkvZMsIHNpbXN1biwgc2Fucy1zZXJpZiwgQXJpYWw7IGZvbnQtc2l6ZTogMTVweDsgbGluZS1oZWlnaHQ6IDI0cHg7ICI+44CA44CA57yF55S45Luw5YWJ562J5Z+O5biC5pyJ5LiN5ZCM56iL5bqm55qE6ZyH5oSf44CC5paw5Y2O56S+5YiG56S+5omA5Zyo5aSn5qW86ZyH5oSf5Lmf6L6D5piO5pi+44CC572u5LqO5qW85YaF5Zyw6Z2i5LiK5rC055uG5Lit55qE5rC05Y+R55Sf5piO5pi+5pmD5Yqo44CC5pu85b635YuS44CB5Y2a5qC856S844CB5aOB56OF562J5Zyw5Lmf5pyJ5LiN5ZCM56iL5bqm6ZyH5oSf44CCPC9zcGFuPjxiciBzdHlsZT0iY29sb3I6IHJnYig1MSwgNTEsIDUxKTsgZm9udC1mYW1pbHk6IOWui+S9kywgc2ltc3VuLCBzYW5zLXNlcmlmLCBBcmlhbDsgZm9udC1zaXplOiAxNXB4OyBsaW5lLWhlaWdodDogMjRweDsgIiAvPg0KCTxiciBzdHlsZT0iY29sb3I6IHJnYig1MSwgNTEsIDUxKTsgZm9udC1mYW1pbHk6IOWui+S9kywgc2ltc3VuLCBzYW5zLXNlcmlmLCBBcmlhbDsgZm9udC1zaXplOiAxNXB4OyBsaW5lLWhlaWdodDogMjRweDsgIiAvPg0KCTxzcGFuIHN0eWxlPSJjb2xvcjogcmdiKDUxLCA1MSwgNTEpOyBmb250LWZhbWlseTog5a6L5L2TLCBzaW1zdW4sIHNhbnMtc2VyaWYsIEFyaWFsOyBmb250LXNpemU6IDE1cHg7IGxpbmUtaGVpZ2h0OiAyNHB4OyAiPuOAgOOAgOaNrue8heeUuOWbveWutueUteWPsOW5v+aSre+8jOe8heeUuOWbveWutuawlOixoeWPsOW3suWPkeW4g+S8iua0m+eTpuW6leS4ieinkua0suayv+a1t+WSjOiLpeW8gOamnOayv+a1t+S4gOW4pua1t+WVuOitpuaKpeOAguitpuaKpeivtO+8jOWcqOacquadpeS4pOS4quWwj+aXtuWGhe+8jOe8heeUuOacieWFs+ayv+a1t+WcsOWMuuimgemihOmYsua1t+WVuO+8jOawkeS8l+imgeWBmuWlveWHhuWkh+OAgjwvc3Bhbj48YnIgc3R5bGU9ImNvbG9yOiByZ2IoNTEsIDUxLCA1MSk7IGZvbnQtZmFtaWx5OiDlrovkvZMsIHNpbXN1biwgc2Fucy1zZXJpZiwgQXJpYWw7IGZvbnQtc2l6ZTogMTVweDsgbGluZS1oZWlnaHQ6IDI0cHg7ICIgLz4NCgk8YnIgc3R5bGU9ImNvbG9yOiByZ2IoNTEsIDUxLCA1MSk7IGZvbnQtZmFtaWx5OiDlrovkvZMsIHNpbXN1biwgc2Fucy1zZXJpZiwgQXJpYWw7IGZvbnQtc2l6ZTogMTVweDsgbGluZS1oZWlnaHQ6IDI0cHg7ICIgLz4NCgk8c3BhbiBzdHlsZT0iY29sb3I6IHJnYig1MSwgNTEsIDUxKTsgZm9udC1mYW1pbHk6IOWui+S9kywgc2ltc3VuLCBzYW5zLXNlcmlmLCBBcmlhbDsgZm9udC1zaXplOiAxNXB4OyBsaW5lLWhlaWdodDogMjRweDsgIj7jgIDjgIDms7Dlm73ljZfpg6jmsr/mtbc25bqc5byA5aeL5a6e5pa957Sn5oCl55aP5pWj77yM5Lul6YG/5YWN5Y+v6IO95p2l6KKt55qE5rW35ZW444CC5Zyo6Led6aaW6YO95pu86LC35aSn57qmODAw5YWs6YeM55qE5Y2X6YOo5pmu5ZCJ5bqc77yM5Lq65Lus6IO95aSf5oSf6KeJ5Yiw5piO5pi+6ZyH5oSf44CC5rOw5Zu95YaF5pS/6YOo6Ziy54G+5YeP54G+5Y6F5Y+R5biD5rW35ZW46aKE6K2m6K+077yM5pmu5ZCJ44CB55Sy57Gz44CB5ouJ5buK44CB5rKZ5pWm44CB6JGj6YeM44CB5pSA54mZNuW6nOeahOa1t+a7qeWunuaWvee0p+aApeeWj+aVo++8jOWxheawkeS5n+W8gOWni+WQkemrmOWkhOaSpOemu+OAgjwvc3Bhbj48YnIgc3R5bGU9ImNvbG9yOiByZ2IoNTEsIDUxLCA1MSk7IGZvbnQtZmFtaWx5OiDlrovkvZMsIHNpbXN1biwgc2Fucy1zZXJpZiwgQXJpYWw7IGZvbnQtc2l6ZTogMTVweDsgbGluZS1oZWlnaHQ6IDI0cHg7ICIgLz4NCgk8YnIgc3R5bGU9ImNvbG9yOiByZ2IoNTEsIDUxLCA1MSk7IGZvbnQtZmFtaWx5OiDlrovkvZMsIHNpbXN1biwgc2Fucy1zZXJpZiwgQXJpYWw7IGZvbnQtc2l6ZTogMTVweDsgbGluZS1oZWlnaHQ6IDI0cHg7ICIgLz4NCgk8c3BhbiBzdHlsZT0iY29sb3I6IHJnYig1MSwgNTEsIDUxKTsgZm9udC1mYW1pbHk6IOWui+S9kywgc2ltc3VuLCBzYW5zLXNlcmlmLCBBcmlhbDsgZm9udC1zaXplOiAxNXB4OyBsaW5lLWhlaWdodDogMjRweDsgIj7jgIDjgIDljbDluqbkuJzmtbflsrjln47luILliqDlsJTlkITnrZTjgIHph5HlpYjpg73mnInlvLrng4jpnIfmhJ/vvIzorrjlpJrkurrku47miL/lsYvph4zot5HliLDooZfkuIrvvIzliqDlsJTlkITnrZTnmoTlnLDpk4HkuZ/ooqvov6vlgZzmraLov5DokKXjgILlj6blpJbvvIzpppbpg73mlrDlvrfph4zvvIzopb/pg6jph5Hono3kuK3lv4PlrZ/kubDlj4rljZfpg6jlpKfln47luILnj63liqDnvZflsJTkuZ/mnInpnIfmhJ/jgILljbDluqblnLDnkIPnp5Hlrabpg6jlkozlm73lrrbngb7pmr7nrqHnkIblp5TlkZjkvJrlnKjkuJzljZfpg6jms7DnsbPlsJTnurPlvrfpgqblkozlronlvrfmi4npgqbmsr/lsrjku6Xlj4rlronovr7mm7zlkozlsLznp5Hlt7TlsJTnvqTlspvlj5HluIPmtbfllbjorabmiqXjgILljbDluqblm73lrrbngb7pmr7nrqHnkIblsYDlia/kuLvku7vpm7fov6rliJnooajnpLrvvIzmraTmrKHoi4/pl6jnrZTohYrlspvnmoTlnLDpnIfnsbvlnovkuI3mmK/kvJrlvJXotbfmtbfllbjnmoTnsbvlnovjgIImbGRxdW875rW35bqV55qE5rW35rC05rKh5pyJ5Ye6546w57q15ZCR56e75L2NJnJkcXVvO+OAgjwvc3Bhbj48YnIgc3R5bGU9ImNvbG9yOiByZ2IoNTEsIDUxLCA1MSk7IGZvbnQtZmFtaWx5OiDlrovkvZMsIHNpbXN1biwgc2Fucy1zZXJpZiwgQXJpYWw7IGZvbnQtc2l6ZTogMTVweDsgbGluZS1oZWlnaHQ6IDI0cHg7ICIgLz4NCgk8YnIgc3R5bGU9ImNvbG9yOiByZ2IoNTEsIDUxLCA1MSk7IGZvbnQtZmFtaWx5OiDlrovkvZMsIHNpbXN1biwgc2Fucy1zZXJpZiwgQXJpYWw7IGZvbnQtc2l6ZTogMTVweDsgbGluZS1oZWlnaHQ6IDI0cHg7ICIgLz4NCgk8c3BhbiBzdHlsZT0iY29sb3I6IHJnYig1MSwgNTEsIDUxKTsgZm9udC1mYW1pbHk6IOWui+S9kywgc2ltc3VuLCBzYW5zLXNlcmlmLCBBcmlhbDsgZm9udC1zaXplOiAxNXB4OyBsaW5lLWhlaWdodDogMjRweDsgIj7jgIDjgIDmlq/ph4zlhbDljaHlpJrkuKrlnLDljLrmnInpnIfmhJ/vvIznm7jlhbPpg6jpl6jlt7Llj5HluIPmtbfllbjpooTorabjgILlvZPlnLDorabmlrnor7TvvIzljIXmi6zpppbpg73np5HkvKblnaHlnKjlhoXnmoTpg6jliIblnLDljLrmnInpnIfmhJ/vvIzpq5jmpbzlhoXkurrnvqTooqvovaznp7vvvIznm67liY3lsJrmsqHmnInotKLkuqfmjZ/lpLHlkozkurrlkZjkvKTkuqHnmoTmiqXlkYrjgILmlq/ph4zlhbDljaHlm73lrrbngb7lrrPnrqHnkIbkuK3lv4Ppmo/ljbPlj5HluIPmtbfllbjpooTorabvvIzlkbzlkIHmsr/mtbflnLDljLrlsYXmsJHlkJHlhoXpmYbovaznp7vjgII8L3NwYW4+PGJyIHN0eWxlPSJjb2xvcjogcmdiKDUxLCA1MSwgNTEpOyBmb250LWZhbWlseTog5a6L5L2TLCBzaW1zdW4sIHNhbnMtc2VyaWYsIEFyaWFsOyBmb250LXNpemU6IDE1cHg7IGxpbmUtaGVpZ2h0OiAyNHB4OyAiIC8+DQoJPGJyIHN0eWxlPSJjb2xvcjogcmdiKDUxLCA1MSwgNTEpOyBmb250LWZhbWlseTog5a6L5L2TLCBzaW1zdW4sIHNhbnMtc2VyaWYsIEFyaWFsOyBmb250LXNpemU6IDE1cHg7IGxpbmUtaGVpZ2h0OiAyNHB4OyAiIC8+DQoJPHNwYW4gc3R5bGU9ImNvbG9yOiByZ2IoNTEsIDUxLCA1MSk7IGZvbnQtZmFtaWx5OiDlrovkvZMsIHNpbXN1biwgc2Fucy1zZXJpZiwgQXJpYWw7IGZvbnQtc2l6ZTogMTVweDsgbGluZS1oZWlnaHQ6IDI0cHg7ICI+44CA44CA6IKv5bC85Lqa44CB5Z2m5qGR5bC85Lqa562J5LiA5Lqb5Y2w5bqm5rSL5rK/5bK45Zu95a625b2T5aSp5Lmf5Y+R5biD5LqG5rW35ZW46aKE6K2m44CCPC9zcGFuPjxiciBzdHlsZT0iY29sb3I6IHJnYig1MSwgNTEsIDUxKTsgZm9udC1mYW1pbHk6IOWui+S9kywgc2ltc3VuLCBzYW5zLXNlcmlmLCBBcmlhbDsgZm9udC1zaXplOiAxNXB4OyBsaW5lLWhlaWdodDogMjRweDsgIiAvPg0KCTxiciBzdHlsZT0iY29sb3I6IHJnYig1MSwgNTEsIDUxKTsgZm9udC1mYW1pbHk6IOWui+S9kywgc2ltc3VuLCBzYW5zLXNlcmlmLCBBcmlhbDsgZm9udC1zaXplOiAxNXB4OyBsaW5lLWhlaWdodDogMjRweDsgIiAvPg0KCTxzcGFuIHN0eWxlPSJjb2xvcjogcmdiKDUxLCA1MSwgNTEpOyBmb250LWZhbWlseTog5a6L5L2TLCBzaW1zdW4sIHNhbnMtc2VyaWYsIEFyaWFsOyBmb250LXNpemU6IDE1cHg7IGxpbmUtaGVpZ2h0OiAyNHB4OyAiPuOAgOOAgOWNsOWwvOWcsOWkhOeOr+WkquW5s+a0i+WcsOmch+W4pu+8jOavj+W5tOWPkeeUn+Wkp+Wwj+WcsOmch+aVsOWNg+asoeOAgjIwMDTlubQxMuaciO+8jOWNsOWwvOiLj+mXqOetlOiFiuWym+mZhOi/kea1t+Wfn+WPkeeUnzguOee6p+W8uueDiOWcsOmch++8jOW8leWPkeWNsOW6pua0i+a1t+WVuO+8jOmAoOaIkDIw5aSa5LiH5Lq65q275Lqh77yMNTDlpJrkuIfkurrml6Dlrrblj6/lvZLjgII8L3NwYW4+PC9wPg0K','新华网',1,'news_thumbnail/166/1334200432470.png',7,1,'2012-04-12 11:13:52',NULL,166,79);

COMMIT;

#
# Data for the `organization` table  (LIMIT 0,500)
#

INSERT INTO `organization` (`id`, `name`, `address`, `create_time`, `modify_time`, `state`, `comments`, `linker`, `linker_tel`, `level`, `parent_id`, `root_id`) VALUES 
  (0,'站点管理','',NULL,'2011-11-28 13:18:17',1,'','111','',0,NULL,NULL);
UPDATE `organization` SET `id`=0 WHERE `id`=LAST_INSERT_ID();
INSERT INTO `organization` (`id`, `name`, `address`, `create_time`, `modify_time`, `state`, `comments`, `linker`, `linker_tel`, `level`, `parent_id`, `root_id`) VALUES 
  (60,'贵州移动通信有限公司','',NULL,'2012-02-28 12:38:30',1,'','','',1,0,NULL),
  (62,'安顺分公司','',NULL,'2012-03-21 09:59:53',0,'','','',2,0,NULL),
  (63,'安顺分公司','',NULL,'2012-03-21 10:00:25',1,'','','',2,60,NULL),
  (64,'省公司','',NULL,'2012-03-21 10:00:56',1,'','','',2,60,NULL),
  (65,'上海网达软件有限公司','',NULL,'2012-03-22 11:35:51',1,'','李炯','',1,0,NULL);

COMMIT;

#
# Data for the `page_custom` table  (LIMIT 0,500)
#

INSERT INTO `page_custom` (`id`, `property_name`, `property_value`, `description`, `meeting_id`) VALUES 
  (1,'files_show_type','bookshelf','会议资料显示方式配置，bookshelf为书架，list为列表',164),
  (6,'portal_logo_image','upload/custom/166/1334198677385.png','会议portal页面的logo图片',166),
  (7,'portal_top_image','upload/custom/166/1334198890170.png','会议portal页面的顶部定制图片',166),
  (8,'portal_logo_image','upload/custom/172/1334731197442.jpg','会议portal页面的logo图片',172);

COMMIT;

#
# Data for the `page_theme` table  (LIMIT 0,500)
#

INSERT INTO `page_theme` (`id`, `name`, `title`, `description`, `thumbnail_name`, `state`) VALUES 
  (1,'','蓝色天空','系统默认蓝色主题皮肤','images/thumbnail.png',1),
  (3,'green','春意盎然','绿色春意的主题皮肤（注：这是测试用主题）','green/images/thumbnail.png',1),
  (4,'creative','','','creative/images/thumbnail.png',1);

COMMIT;

#
# Data for the `paper` table  (LIMIT 0,500)
#

INSERT INTO `paper` (`id`, `title`, `state`, `create_time`, `meetId`, `adminUserId`, `count`) VALUES 
  (1,'说说建议',1,'2012-03-31',164,79,1),
  (2,'对公司食堂用餐满意度调查',1,'2012-04-12',166,79,0);

COMMIT;

#
# Data for the `question` table  (LIMIT 0,500)
#

INSERT INTO `question` (`id`, `answer`, `state`, `type`, `create_time`, `paperId`, `adminUserId`, `question`) VALUES 
  (1,NULL,1,1,'2012-03-31',1,79,'1'),
  (2,NULL,1,2,'2012-03-31',1,79,'1'),
  (3,NULL,1,1,'2012-04-12',2,79,'你对食堂卫生条件满意吗'),
  (4,NULL,1,1,'2012-04-12',2,79,'你对餐厅用餐环境满意吗'),
  (5,NULL,1,1,'2012-04-12',2,79,'你对食堂饭菜口味满意吗'),
  (6,NULL,1,1,'2012-04-12',2,79,'你对食堂的饭菜价格满意吗');

COMMIT;

#
# Data for the `questionitem` table  (LIMIT 0,500)
#

INSERT INTO `questionitem` (`id`, `content`, `count`, `create_time`, `questionId`) VALUES 
  (1,'2',0,'2012-03-31',1),
  (2,'3',1,'2012-03-31',1),
  (3,'4',0,'2012-03-31',1),
  (4,'2',0,'2012-03-31',2),
  (5,'3',1,'2012-03-31',2),
  (6,'不满意',0,'2012-04-12',3),
  (7,'还行',0,'2012-04-12',3),
  (8,'挺好',0,'2012-04-12',3),
  (9,'不满意',0,'2012-04-12',4),
  (10,'还行',0,'2012-04-12',4),
  (11,'挺好',0,'2012-04-12',4),
  (12,'不满意',0,'2012-04-12',5),
  (13,'还行',0,'2012-04-12',5),
  (14,'挺好',0,'2012-04-12',5),
  (15,'不满意',0,'2012-04-12',6),
  (16,'还行',0,'2012-04-12',6),
  (17,'挺好',0,'2012-04-12',6);

COMMIT;

#
# Data for the `rfid_sign_in` table  (LIMIT 0,500)
#

INSERT INTO `rfid_sign_in` (`id`, `meeting_id`, `user_id`, `sign_time`, `tag_id`, `sign_event`) VALUES 
  (1,166,4547,'2012-04-14 23:03:38','950001','会前报到'),
  (2,166,4547,'2012-04-14 23:03:49','950001','晚餐'),
  (3,166,4547,'2012-04-14 23:03:55','950001','会前报到'),
  (4,166,4460,'2012-04-14 23:03:58','950002','晚餐'),
  (5,166,4460,'2012-04-14 23:03:59','950002',NULL),
  (6,166,4547,'2012-04-21 16:27:46','950001','会议签到'),
  (7,166,4547,'2012-04-21 16:29:47','950001','会议签到'),
  (8,166,4547,'2012-04-22 00:05:47','950001','测试');

COMMIT;

#
# Data for the `role` table  (LIMIT 0,500)
#

INSERT INTO `role` (`id`, `role_name`, `create_time`, `modify_time`, `creator`, `modifier`, `state`, `comments`) VALUES 
  (1,'超级管理员',NULL,NULL,NULL,NULL,1,NULL),
  (2,'系统管理员',NULL,NULL,NULL,NULL,1,NULL),
  (3,'会议管理员',NULL,NULL,NULL,NULL,1,NULL),
  (4,'会议云客服',NULL,NULL,NULL,NULL,1,NULL),
  (5,'会议成员',NULL,NULL,NULL,NULL,1,NULL),
  (6,'会议主持人',NULL,NULL,NULL,NULL,1,NULL);

COMMIT;

#
# Data for the `sign_in` table  (LIMIT 0,500)
#

INSERT INTO `sign_in` (`id`, `meeting_id`, `user_id`, `sign_time`, `sign_code`, `portal_type`) VALUES 
  (8324,162,4449,NULL,'4874',NULL),
  (8325,162,4450,NULL,'5205',NULL),
  (8326,162,4451,NULL,'4116',NULL),
  (8327,163,4452,NULL,'4684',NULL),
  (8328,163,4453,NULL,'3254',NULL),
  (8329,163,4454,NULL,'6754',NULL),
  (8330,163,4455,NULL,'9967',NULL),
  (8331,163,4451,NULL,'1071',NULL),
  (8332,163,4456,NULL,'4050',NULL),
  (8334,164,4458,NULL,'4080',NULL),
  (8336,164,4460,NULL,'3893',NULL),
  (8337,164,4461,NULL,'1607',NULL),
  (8338,164,4449,NULL,'8754',NULL),
  (8339,164,4450,NULL,'6970',NULL),
  (8340,165,4458,NULL,'9266',NULL),
  (8341,164,4462,NULL,'1966',NULL),
  (8343,166,4453,NULL,'9939',NULL),
  (8344,166,4458,NULL,'6158',NULL),
  (8345,166,4455,NULL,'7391',NULL),
  (8357,166,4474,NULL,'4451',NULL),
  (8359,166,4475,NULL,'8912',NULL),
  (8360,166,4476,NULL,'3764',NULL),
  (8361,166,4477,NULL,'9434',NULL),
  (8362,166,4478,NULL,'1062',NULL),
  (8363,166,4479,NULL,'1149',NULL),
  (8364,166,4480,NULL,'5090',NULL),
  (8365,166,4481,NULL,'3233',NULL),
  (8366,166,4482,NULL,'3282',NULL),
  (8367,166,4452,NULL,'7159',NULL),
  (8368,166,4454,NULL,'1203',NULL),
  (8369,166,4456,NULL,'9182',NULL),
  (8370,166,4483,NULL,'8700',NULL),
  (8371,166,4484,NULL,'2242',NULL),
  (8372,166,4485,NULL,'8652',NULL),
  (8373,166,4486,NULL,'1377',NULL),
  (8374,166,4487,NULL,'2545',NULL),
  (8375,166,4488,NULL,'9195',NULL),
  (8376,166,4489,NULL,'2543',NULL),
  (8377,166,4490,NULL,'9717',NULL),
  (8378,166,4491,NULL,'7859',NULL),
  (8379,166,4492,NULL,'4449',NULL),
  (8380,166,4493,NULL,'6200',NULL),
  (8381,166,4494,NULL,'3852',NULL),
  (8382,166,4495,NULL,'3814',NULL),
  (8383,166,4496,NULL,'6621',NULL),
  (8384,166,4497,NULL,'4608',NULL),
  (8385,166,4498,NULL,'2746',NULL),
  (8386,166,4499,NULL,'1181',NULL),
  (8387,166,4500,NULL,'1033',NULL),
  (8388,166,4501,NULL,'2402',NULL),
  (8389,166,4502,NULL,'1673',NULL),
  (8390,166,4503,NULL,'2437',NULL),
  (8391,166,4504,NULL,'1688',NULL),
  (8392,166,4505,NULL,'8394',NULL),
  (8393,166,4506,NULL,'1211',NULL),
  (8394,166,4507,NULL,'4377',NULL),
  (8395,166,4508,NULL,'8708',NULL),
  (8396,166,4509,NULL,'2557',NULL),
  (8397,166,4510,NULL,'5849',NULL),
  (8398,166,4511,NULL,'6238',NULL),
  (8399,166,4512,NULL,'4878',NULL),
  (8400,166,4513,NULL,'6632',NULL),
  (8401,166,4514,NULL,'3762',NULL),
  (8402,166,4515,NULL,'2176',NULL),
  (8403,166,4516,NULL,'1617',NULL),
  (8404,166,4517,NULL,'8573',NULL),
  (8405,166,4518,NULL,'9180',NULL),
  (8406,166,4519,NULL,'1550',NULL),
  (8407,166,4520,NULL,'1699',NULL),
  (8408,166,4521,NULL,'9563',NULL),
  (8409,166,4522,NULL,'5708',NULL),
  (8410,166,4523,NULL,'6838',NULL),
  (8411,166,4524,NULL,'4701',NULL),
  (8412,166,4525,NULL,'3669',NULL),
  (8413,166,4526,NULL,'8494',NULL),
  (8414,166,4527,NULL,'3298',NULL),
  (8415,166,4528,NULL,'1125',NULL),
  (8416,166,4529,NULL,'8909',NULL),
  (8417,166,4530,NULL,'8484',NULL),
  (8418,166,4531,NULL,'6450',NULL),
  (8419,166,4532,NULL,'7893',NULL),
  (8420,166,4533,NULL,'5371',NULL),
  (8421,166,4534,NULL,'2150',NULL),
  (8422,166,4535,NULL,'3460',NULL),
  (8423,166,4536,NULL,'5160',NULL),
  (8424,166,4537,NULL,'7231',NULL),
  (8425,166,4538,NULL,'8811',NULL),
  (8426,166,4539,NULL,'3893',NULL),
  (8427,166,4540,NULL,'5075',NULL),
  (8428,166,4541,NULL,'3446',NULL),
  (8429,166,4542,NULL,'5883',NULL),
  (8430,166,4543,NULL,'1950',NULL),
  (8431,166,4544,NULL,'4122',NULL),
  (8432,166,4545,NULL,'9079',NULL),
  (8433,166,4546,NULL,'9806',NULL),
  (8434,164,4547,NULL,'6092',NULL),
  (8435,166,4460,'2012-04-16 18:34:50','9745',3),
  (8436,166,4548,NULL,'5113',NULL),
  (8437,166,4547,NULL,'1768',NULL),
  (8438,166,4449,NULL,'8482',NULL),
  (8439,168,4458,NULL,'3744',NULL),
  (8440,166,4549,NULL,'8619',NULL),
  (8441,166,4550,NULL,'4760',NULL),
  (8442,166,4551,NULL,'8791',NULL),
  (8443,166,4552,NULL,'8610',NULL),
  (8444,166,4553,NULL,'5593',NULL),
  (8445,170,4548,'2012-04-17 18:27:48','8311',3),
  (8446,170,4452,NULL,'2773',NULL),
  (8447,170,4549,NULL,'5146',NULL),
  (8448,170,4455,NULL,'2362',NULL),
  (8449,170,4550,NULL,'1181',NULL),
  (8450,170,4456,NULL,'2422',NULL),
  (8451,170,4551,NULL,'2140',NULL),
  (8452,170,4552,NULL,'3366',NULL),
  (8453,170,4553,NULL,'7226',NULL),
  (8454,167,4548,NULL,'2605',NULL),
  (8455,167,4452,NULL,'4258',NULL),
  (8456,167,4549,NULL,'1725',NULL),
  (8457,167,4455,NULL,'7645',NULL),
  (8458,167,4550,NULL,'5387',NULL),
  (8459,167,4456,NULL,'9911',NULL),
  (8460,167,4551,NULL,'1861',NULL),
  (8461,167,4552,NULL,'3294',NULL),
  (8462,167,4553,NULL,'1863',NULL),
  (8463,170,4554,NULL,'3665',NULL),
  (8464,170,4458,NULL,'4457',NULL),
  (8465,170,4460,NULL,'5722',NULL),
  (8466,170,4555,NULL,'6983',NULL),
  (8467,172,4548,NULL,'3787',NULL),
  (8468,173,4476,NULL,'2209',NULL),
  (8469,173,4484,NULL,'1884',NULL),
  (8470,173,4556,NULL,'8461',NULL),
  (8471,173,4557,NULL,'6478',NULL),
  (8472,173,4558,NULL,'4530',NULL),
  (8473,173,4559,NULL,'1222',NULL),
  (8474,173,4481,NULL,'1853',NULL),
  (8476,173,4561,NULL,'8118',NULL),
  (8477,173,4562,NULL,'2579',NULL),
  (8478,173,4563,NULL,'2729',NULL),
  (8479,173,4515,NULL,'4772',NULL),
  (8480,173,4564,NULL,'2789',NULL),
  (8481,173,4549,NULL,'3186',NULL),
  (8482,173,4565,NULL,'5327',NULL),
  (8483,173,4566,NULL,'5693',NULL),
  (8484,173,4522,NULL,'6283',NULL),
  (8485,173,4567,NULL,'1457',NULL),
  (8486,173,4568,NULL,'8724',NULL),
  (8487,173,4569,NULL,'4103',NULL),
  (8488,173,4525,NULL,'9393',NULL),
  (8489,173,4570,NULL,'1514',NULL),
  (8490,173,4571,NULL,'2493',NULL),
  (8491,173,4572,NULL,'1028',NULL),
  (8492,173,4573,NULL,'2766',NULL),
  (8493,173,4529,NULL,'8420',NULL),
  (8494,173,4574,NULL,'4498',NULL),
  (8495,173,4575,NULL,'3717',NULL),
  (8496,173,4530,NULL,'3199',NULL),
  (8497,173,4576,NULL,'3879',NULL),
  (8498,173,4577,NULL,'2717',NULL),
  (8499,173,4578,NULL,'9623',NULL),
  (8500,173,4579,NULL,'1381',NULL),
  (8501,173,4580,NULL,'6211',NULL),
  (8502,173,4581,NULL,'9066',NULL),
  (8503,173,4582,NULL,'7713',NULL),
  (8504,173,4536,NULL,'2048',NULL),
  (8505,173,4583,NULL,'8329',NULL),
  (8506,173,4584,NULL,'2722',NULL),
  (8507,173,4585,NULL,'2749',NULL),
  (8508,173,4586,NULL,'3666',NULL),
  (8509,173,4587,NULL,'2055',NULL),
  (8510,173,4588,NULL,'5877',NULL),
  (8511,173,4589,NULL,'4203',NULL),
  (8512,173,4590,NULL,'8858',NULL),
  (8513,173,4591,NULL,'5168',NULL),
  (8514,173,4592,NULL,'4199',NULL),
  (8515,173,4593,NULL,'5104',NULL),
  (8516,173,4594,NULL,'7625',NULL),
  (8517,173,4544,NULL,'3709',NULL),
  (8518,173,4595,NULL,'9362',NULL),
  (8519,173,4596,NULL,'7789',NULL),
  (8520,173,4597,NULL,'8098',NULL),
  (8521,173,4546,NULL,'4624',NULL),
  (8522,173,4598,NULL,'5877',NULL),
  (8523,173,4599,NULL,'4789',NULL),
  (8524,173,4600,NULL,'8762',NULL),
  (8525,173,4601,NULL,'1987',NULL),
  (8526,173,4602,NULL,'8658',NULL),
  (8527,173,4603,NULL,'6629',NULL),
  (8528,173,4604,NULL,'2323',NULL),
  (8529,173,4605,NULL,'7618',NULL),
  (8530,173,4606,NULL,'4028',NULL),
  (8532,173,4460,NULL,'5791',NULL),
  (8533,173,4548,NULL,'8318',NULL),
  (8534,173,4607,NULL,'8197',NULL),
  (8535,173,4519,NULL,'1386',NULL),
  (8536,173,4608,NULL,'7121',NULL);

COMMIT;

#
# Data for the `spokesman` table  (LIMIT 0,500)
#

INSERT INTO `spokesman` (`id`, `name`, `mobile`, `gender`, `comments`, `create_time`, `creator`, `modify_time`, `modifier`, `meeting_id`) VALUES 
  (66,'asdf','13865960090',0,NULL,'2012-03-19 23:54:43',79,'2012-03-27 18:22:35',79,164);

COMMIT;

#
# Data for the `trigger_task` table  (LIMIT 0,500)
#

INSERT INTO `trigger_task` (`id`, `meeting_id`, `trigger_notify`, `delay_time`, `send_sms`, `display_welcome`, `send_meeting_agenda`, `send_other_Info`, `other_info`, `sms_template`, `sign_in`) VALUES 
  (1,NULL,0,0,0,0,0,0,NULL,'欢迎{username}进入会场。',1),
  (8,166,0,0,0,0,0,0,NULL,'欢迎{username}进入会场。',1),
  (9,170,0,0,0,0,0,0,NULL,'欢迎{username}进入会场。',1),
  (10,173,0,0,0,0,0,0,NULL,'欢迎{username}进入会场。',1);

COMMIT;

#
# Data for the `user` table  (LIMIT 0,500)
#

INSERT INTO `user` (`id`, `mobile`, `password`, `name`, `mailbox`, `gender`, `birthday`, `idtype`, `idnum`, `country`, `city`, `address`, `create_time`, `modify_time`, `state`, `comments`, `job`, `org_id`, `imei`) VALUES 
  (4449,'15375296623','7d56508c4f8bac2f','jin',NULL,NULL,'',NULL,NULL,NULL,NULL,NULL,'2012-03-14 15:19:18','2012-04-19 13:32:53',1,NULL,NULL,NULL,NULL),
  (4450,'13855138083','dc7cb5baf8a4c41d','sank',NULL,NULL,'',NULL,NULL,NULL,NULL,NULL,'2012-03-14 16:48:38','2012-04-06 22:26:52',1,NULL,NULL,NULL,NULL),
  (4451,'15186997171','ffa20120bc748e67','小吴',NULL,NULL,'',NULL,NULL,NULL,NULL,NULL,'2012-03-14 17:01:22','2012-03-19 12:00:48',1,NULL,NULL,NULL,NULL),
  (4452,'13985005350','4b3707bf1eaeee28','陈旭毅',NULL,0,NULL,NULL,NULL,NULL,NULL,NULL,'2012-03-19 11:14:38','2012-04-16 16:26:42',1,NULL,NULL,NULL,NULL),
  (4453,'13908510715','01955b8564d67536','杜帷',NULL,0,NULL,NULL,NULL,NULL,NULL,NULL,'2012-03-19 11:15:25','2012-03-22 14:32:50',1,NULL,NULL,NULL,NULL),
  (4454,'13809499511','c7f7124d4b44aaf8','王洪',NULL,0,NULL,NULL,NULL,NULL,NULL,NULL,'2012-03-19 11:16:20','2012-03-22 14:32:50',1,NULL,NULL,NULL,NULL),
  (4455,'13608529590','7a822ea2fcaaf7f5','刘媛',NULL,1,NULL,NULL,NULL,NULL,NULL,NULL,'2012-03-19 11:17:07','2012-04-16 16:26:42',1,NULL,NULL,NULL,NULL),
  (4456,'13985029531','e7ed35f2c8ef1f73','刘宏宇',NULL,0,NULL,NULL,NULL,NULL,NULL,NULL,'2012-03-19 12:16:23','2012-04-16 16:26:42',1,NULL,NULL,NULL,NULL),
  (4457,'15256560337','a2e5f3da273f7508','郭旭',NULL,NULL,'',NULL,NULL,NULL,NULL,NULL,'2012-03-19 22:56:18','2012-03-19 22:59:49',1,NULL,NULL,NULL,NULL),
  (4458,'15256560237','01955b8564d67536','郭旭(测试)',NULL,NULL,'',NULL,NULL,NULL,NULL,NULL,'2012-03-19 23:19:59','2012-04-23 09:54:07',1,NULL,NULL,NULL,NULL),
  (4459,'15256789000','a02e47659963a4b0','阿特尔安慰她',NULL,NULL,'',NULL,NULL,NULL,NULL,NULL,'2012-03-19 23:20:16',NULL,1,NULL,NULL,NULL,NULL),
  (4460,'13865960090','6d1c8d4da07ceb43','测试用户',NULL,NULL,'',NULL,NULL,NULL,NULL,NULL,'2012-03-19 23:41:25','2012-04-24 13:20:09',1,NULL,NULL,NULL,NULL),
  (4461,'13956099163','ba6710501b556e4a','周劲松',NULL,NULL,'',NULL,NULL,NULL,NULL,NULL,'2012-03-20 03:43:11','2012-03-23 17:22:36',1,NULL,NULL,NULL,NULL),
  (4462,'18655184258','97a49f98e37a56bd','汤军',NULL,NULL,'',NULL,NULL,NULL,NULL,NULL,'2012-03-20 17:46:56','2012-03-30 17:52:34',1,NULL,NULL,NULL,NULL),
  (4463,'13985318342','643e9b534fd73261','陈叶',NULL,NULL,NULL,NULL,NULL,NULL,NULL,NULL,'2012-03-21 14:08:50',NULL,1,NULL,NULL,NULL,NULL),
  (4464,'13721531818','b58a00696dc13bbc','张梦娇',NULL,NULL,NULL,NULL,NULL,NULL,NULL,NULL,'2012-03-21 14:08:50',NULL,1,NULL,NULL,NULL,NULL),
  (4465,'13765399974','21a38a725c8e6c4d','薛丹丹',NULL,NULL,NULL,NULL,NULL,NULL,NULL,NULL,'2012-03-21 14:08:50',NULL,1,NULL,NULL,NULL,NULL),
  (4466,'15885705558','bbc2e708145ce1f3','谢婷',NULL,NULL,NULL,NULL,NULL,NULL,NULL,NULL,'2012-03-21 14:08:50',NULL,1,NULL,NULL,NULL,NULL),
  (4467,'13885346533','8075c87638be2e12','谢才俊',NULL,NULL,NULL,NULL,NULL,NULL,NULL,NULL,'2012-03-21 14:08:50',NULL,1,NULL,NULL,NULL,NULL),
  (4468,'13985319991','2e62deb5defb8d43','刘华',NULL,NULL,NULL,NULL,NULL,NULL,NULL,NULL,'2012-03-21 14:08:50',NULL,1,NULL,NULL,NULL,NULL),
  (4469,'13908533033','aabea6471d11e3df','李丹丹',NULL,NULL,NULL,NULL,NULL,NULL,NULL,NULL,'2012-03-21 14:08:50',NULL,1,NULL,NULL,NULL,NULL),
  (4470,'13908530970','1179f828d4f1995c','罗慧',NULL,NULL,NULL,NULL,NULL,NULL,NULL,NULL,'2012-03-21 14:08:50',NULL,1,NULL,NULL,NULL,NULL),
  (4471,'13908530065','3bb5047594f6d245','杨萌萌',NULL,NULL,NULL,NULL,NULL,NULL,NULL,NULL,'2012-03-21 14:08:50',NULL,1,NULL,NULL,NULL,NULL),
  (4472,'13908530067','ed8bd67c951cbcdf','杨曦',NULL,NULL,NULL,NULL,NULL,NULL,NULL,NULL,'2012-03-21 14:08:50',NULL,1,NULL,NULL,NULL,NULL),
  (4473,'13908530795','01955b8564d67536','朱思佳',NULL,NULL,NULL,NULL,NULL,NULL,NULL,NULL,'2012-03-21 14:08:50',NULL,1,NULL,NULL,NULL,NULL),
  (4474,'13585940845','c95f18af47f58046','李炯',NULL,0,NULL,NULL,NULL,NULL,NULL,NULL,'2012-03-21 14:45:52','2012-04-12 11:50:09',1,NULL,NULL,NULL,NULL),
  (4475,'13910007636','77f29829ad6f200b','杜倩',NULL,1,'',NULL,NULL,NULL,NULL,NULL,'2012-03-22 13:32:05','2012-03-29 17:56:18',1,NULL,NULL,NULL,NULL),
  (4476,'13908517036','9b1c3bb09ed9b1f9','刘国锋',NULL,0,NULL,NULL,NULL,NULL,NULL,NULL,'2012-03-22 13:32:05','2012-04-19 11:11:13',1,NULL,NULL,NULL,NULL),
  (4477,'13908500886','53a834220b4c87a6','狄芸',NULL,0,'',NULL,NULL,NULL,NULL,NULL,'2012-03-22 13:32:05','2012-03-26 16:37:40',1,NULL,NULL,NULL,NULL),
  (4478,'13908519911','e5c84e3a21632cee','兰岚',NULL,1,NULL,NULL,NULL,NULL,NULL,NULL,'2012-03-22 13:32:05','2012-03-22 14:32:50',1,NULL,NULL,NULL,NULL),
  (4479,'13908516170','9a6aff9145177c97','于林',NULL,0,NULL,NULL,NULL,NULL,NULL,NULL,'2012-03-22 13:32:05','2012-03-22 14:32:50',1,NULL,NULL,NULL,NULL),
  (4480,'13908516199','8dcbefff6990c300','张晖',NULL,0,NULL,NULL,NULL,NULL,NULL,NULL,'2012-03-22 13:32:05','2012-03-22 14:32:50',1,NULL,NULL,NULL,NULL),
  (4481,'13908519502','3c070a23a2e27329','邹朝晖',NULL,0,NULL,NULL,NULL,NULL,NULL,NULL,'2012-03-22 13:32:05','2012-04-24 11:32:14',1,NULL,NULL,NULL,NULL),
  (4482,'13908519523','fa4e4adff09c4c55','何诚',NULL,0,NULL,NULL,NULL,NULL,NULL,NULL,'2012-03-22 13:32:05','2012-03-22 14:32:50',1,NULL,NULL,NULL,NULL),
  (4483,'13908518507','1dffdcbdb10dfebb','赵菊明',NULL,1,NULL,NULL,NULL,NULL,NULL,NULL,'2012-03-22 13:32:05','2012-03-22 14:32:50',1,NULL,NULL,NULL,NULL),
  (4484,'13608519553','f429d10b8c4b6701','罗健',NULL,0,NULL,NULL,NULL,NULL,NULL,NULL,'2012-03-22 13:32:05','2012-04-19 11:11:13',1,NULL,NULL,NULL,NULL),
  (4485,'13908519122','2ea1f7c0af3a9c34','翟羽佳',NULL,0,NULL,NULL,NULL,NULL,NULL,NULL,'2012-03-22 13:32:05','2012-03-22 14:32:50',1,NULL,NULL,NULL,NULL),
  (4486,'13985177788','984827617dc46fff','林威',NULL,0,NULL,NULL,NULL,NULL,NULL,NULL,'2012-03-22 13:32:05','2012-03-22 14:32:50',1,NULL,NULL,NULL,NULL),
  (4487,'15885525955','01955b8564d67536','胡应有',NULL,0,NULL,NULL,NULL,NULL,NULL,NULL,'2012-03-22 13:32:05','2012-03-22 14:32:50',1,NULL,NULL,NULL,NULL),
  (4488,'13885011901','ec8613490113e8d3','韩宇航',NULL,0,NULL,NULL,NULL,NULL,NULL,NULL,'2012-03-22 13:32:05','2012-03-22 14:32:50',1,NULL,NULL,NULL,NULL),
  (4489,'13809496669','01955b8564d67536','范凯',NULL,1,NULL,NULL,NULL,NULL,NULL,NULL,'2012-03-22 13:32:05','2012-03-22 14:32:50',1,NULL,NULL,NULL,NULL),
  (4490,'13908511981','c83e44cd82142048','周律',NULL,0,NULL,NULL,NULL,NULL,NULL,NULL,'2012-03-22 13:32:05','2012-03-22 14:32:50',1,NULL,NULL,NULL,NULL),
  (4491,'13908519927','01955b8564d67536','晏海宁',NULL,0,NULL,NULL,NULL,NULL,NULL,NULL,'2012-03-22 13:32:05','2012-03-22 14:32:50',1,NULL,NULL,NULL,NULL),
  (4492,'13908519669','86eac116533ad5fe','胡文锦',NULL,0,NULL,NULL,NULL,NULL,NULL,NULL,'2012-03-22 13:32:05','2012-03-22 14:32:50',1,NULL,NULL,NULL,NULL),
  (4493,'13984873333','1615d04ec4005b01','王大风',NULL,0,NULL,NULL,NULL,NULL,NULL,NULL,'2012-03-22 13:32:05','2012-03-22 14:32:50',1,NULL,NULL,NULL,NULL),
  (4494,'13985003666','1948dc74d37cab99','滕燕',NULL,1,NULL,NULL,NULL,NULL,NULL,NULL,'2012-03-22 13:32:05','2012-03-22 14:32:50',1,NULL,NULL,NULL,NULL),
  (4495,'13608519517','c7240d62c00c4831','曹小冀',NULL,0,NULL,NULL,NULL,NULL,NULL,NULL,'2012-03-22 13:32:05','2012-03-22 14:32:50',1,NULL,NULL,NULL,NULL),
  (4496,'13908519661','f05856a472828671','李波',NULL,1,NULL,NULL,NULL,NULL,NULL,NULL,'2012-03-22 13:32:05','2012-03-22 14:32:50',1,NULL,NULL,NULL,NULL),
  (4497,'13908510517','195af7bbe7d2b16b','夏玉溪',NULL,1,NULL,NULL,NULL,NULL,NULL,NULL,'2012-03-22 13:32:05','2012-03-22 14:32:50',1,NULL,NULL,NULL,NULL),
  (4498,'13908519980','4f15e18a9b879923','周涛',NULL,0,NULL,NULL,NULL,NULL,NULL,NULL,'2012-03-22 13:32:05','2012-03-22 14:32:50',1,NULL,NULL,NULL,NULL),
  (4499,'13985442555','21d372d680b3231e','陈歆',NULL,1,NULL,NULL,NULL,NULL,NULL,NULL,'2012-03-22 13:32:05','2012-03-22 14:32:50',1,NULL,NULL,NULL,NULL),
  (4500,'13908519789','5ac6f0440390d3ba','徐鹏泽',NULL,0,NULL,NULL,NULL,NULL,NULL,NULL,'2012-03-22 13:32:05','2012-03-22 14:32:50',1,NULL,NULL,NULL,NULL),
  (4501,'13595199107','01955b8564d67536','李瑞云',NULL,1,NULL,NULL,NULL,NULL,NULL,NULL,'2012-03-22 13:32:05','2012-03-22 14:32:50',1,NULL,NULL,NULL,NULL),
  (4502,'13908519806','01955b8564d67536','陈忠',NULL,0,NULL,NULL,NULL,NULL,NULL,NULL,'2012-03-22 13:32:05','2012-03-22 14:32:50',1,NULL,NULL,NULL,NULL),
  (4503,'13908518800','8ab039be70714f79','刘@',NULL,0,NULL,NULL,NULL,NULL,NULL,NULL,'2012-03-22 13:32:05','2012-03-22 14:32:50',1,NULL,NULL,NULL,NULL),
  (4504,'13809407092','3c41819c51c107a7','张容闻',NULL,1,NULL,NULL,NULL,NULL,NULL,NULL,'2012-03-22 13:32:05','2012-03-22 14:32:50',1,NULL,NULL,NULL,NULL),
  (4505,'13908519580','23d827bc02cf0752','林昊',NULL,0,NULL,NULL,NULL,NULL,NULL,NULL,'2012-03-22 13:32:05','2012-03-22 14:32:50',1,NULL,NULL,NULL,NULL),
  (4506,'13511942709','273fc981e452e9b4','曾果',NULL,0,NULL,NULL,NULL,NULL,NULL,NULL,'2012-03-22 13:32:05','2012-03-22 14:32:50',1,NULL,NULL,NULL,NULL),
  (4507,'13908510991','de0e7090c625ff8e','刘玉',NULL,0,NULL,NULL,NULL,NULL,NULL,NULL,'2012-03-22 13:32:05','2012-03-22 14:32:50',1,NULL,NULL,NULL,NULL),
  (4508,'18786769618','01955b8564d67536','项凯',NULL,0,NULL,NULL,NULL,NULL,NULL,NULL,'2012-03-22 13:32:05','2012-03-22 14:32:50',1,NULL,NULL,NULL,NULL),
  (4509,'13639132024','ac37953c03e3bef0','戴玉珠',NULL,1,NULL,NULL,NULL,NULL,NULL,NULL,'2012-03-22 13:32:05','2012-03-22 14:32:50',1,NULL,NULL,NULL,NULL),
  (4510,'13908519900','bd98ab2f8307e71c','徐锐',NULL,0,NULL,NULL,NULL,NULL,NULL,NULL,'2012-03-22 13:32:05','2012-03-22 14:32:50',1,NULL,NULL,NULL,NULL),
  (4511,'13984391088','f5a82ecbbe68c461','熊凌雪',NULL,1,NULL,NULL,NULL,NULL,NULL,NULL,'2012-03-22 13:32:05','2012-03-22 14:32:50',1,NULL,NULL,NULL,NULL),
  (4512,'13908519768','e6eedb510e451f49','欧阳泉',NULL,1,NULL,NULL,NULL,NULL,NULL,NULL,'2012-03-22 13:32:05','2012-03-22 14:32:50',1,NULL,NULL,NULL,NULL),
  (4513,'13908515671','8ceb231f5f50a23d','彭凯',NULL,0,NULL,NULL,NULL,NULL,NULL,NULL,'2012-03-22 13:32:05','2012-03-22 14:32:50',1,NULL,NULL,NULL,NULL),
  (4514,'13608568666','86db6469b780fcf1','崔玉霞',NULL,1,NULL,NULL,NULL,NULL,NULL,NULL,'2012-03-22 13:32:05','2012-03-22 14:32:50',1,NULL,NULL,NULL,NULL),
  (4515,'13908519952','01955b8564d67536','陈文才',NULL,0,NULL,NULL,NULL,NULL,NULL,NULL,'2012-03-22 13:32:05','2012-04-19 11:11:13',1,NULL,NULL,NULL,NULL),
  (4516,'13908519698','4bb075652066efd0','陶曙光',NULL,0,NULL,NULL,NULL,NULL,NULL,NULL,'2012-03-22 13:32:05','2012-03-22 14:32:50',1,NULL,NULL,NULL,NULL),
  (4517,'13908519676','0ba683cd81e4bf48','张红',NULL,1,NULL,NULL,NULL,NULL,NULL,NULL,'2012-03-22 13:32:05','2012-03-22 14:32:50',1,NULL,NULL,NULL,NULL),
  (4518,'13608519600','7d7342a5bac26faa','杨雪君',NULL,1,NULL,NULL,NULL,NULL,NULL,NULL,'2012-03-22 13:32:05','2012-03-22 14:32:50',1,NULL,NULL,NULL,NULL),
  (4519,'13908519648','f72122030c92a59c','汪志刚',NULL,NULL,'',NULL,NULL,NULL,NULL,NULL,'2012-03-22 13:32:05','2012-04-23 16:33:44',1,NULL,NULL,NULL,NULL),
  (4520,'13608513924','834f786cc46eb06a','王维华',NULL,1,NULL,NULL,NULL,NULL,NULL,NULL,'2012-03-22 13:32:05','2012-03-22 14:32:50',1,NULL,NULL,NULL,NULL),
  (4521,'13908504858','fa9141880a89c238','陈正耀',NULL,0,NULL,NULL,NULL,NULL,NULL,NULL,'2012-03-22 13:32:05','2012-03-22 14:32:50',1,NULL,NULL,NULL,NULL),
  (4522,'13608519551','01955b8564d67536','李菲',NULL,1,NULL,NULL,NULL,NULL,NULL,NULL,'2012-03-22 13:32:05','2012-04-19 11:11:13',1,NULL,NULL,NULL,NULL),
  (4523,'13908519962','2f159591bfa0378f','杜鲲',NULL,0,NULL,NULL,NULL,NULL,NULL,NULL,'2012-03-22 13:32:05','2012-03-22 14:32:50',1,NULL,NULL,NULL,NULL),
  (4524,'15185041999','21368efed9db3fcb','潘鹏',NULL,0,NULL,NULL,NULL,NULL,NULL,NULL,'2012-03-22 13:32:05','2012-03-22 14:32:50',1,NULL,NULL,NULL,NULL),
  (4525,'13908520005','01955b8564d67536','刘廷学',NULL,0,NULL,NULL,NULL,NULL,NULL,NULL,'2012-03-22 13:32:05','2012-04-19 11:11:13',1,NULL,NULL,NULL,NULL),
  (4526,'13708521110','b2ae2781292c84d4','罗昭池',NULL,1,NULL,NULL,NULL,NULL,NULL,NULL,'2012-03-22 13:32:05','2012-03-22 14:32:50',1,NULL,NULL,NULL,NULL),
  (4527,'13908539515','515e672880f9d945','张丽',NULL,1,NULL,NULL,NULL,NULL,NULL,NULL,'2012-03-22 13:32:06','2012-03-22 14:32:50',1,NULL,NULL,NULL,NULL),
  (4528,'13908530036','503b26f1080063ea','卢桂林',NULL,0,NULL,NULL,NULL,NULL,NULL,NULL,'2012-03-22 13:32:06','2012-03-22 14:32:50',1,NULL,NULL,NULL,NULL),
  (4529,'13908535301','e97d04e235a7a5f6','邹元勇',NULL,0,NULL,NULL,NULL,NULL,NULL,NULL,'2012-03-22 13:32:06','2012-04-24 10:18:36',1,NULL,NULL,NULL,NULL),
  (4530,'13908549303','8d25fed752952a7d','杨宇翔',NULL,0,NULL,NULL,NULL,NULL,NULL,NULL,'2012-03-22 13:32:06','2012-04-19 11:11:14',1,NULL,NULL,NULL,NULL),
  (4531,'13908548188','7546f5d2743ef600','杨海涛',NULL,0,NULL,NULL,NULL,NULL,NULL,NULL,'2012-03-22 13:32:06','2012-03-22 14:32:50',1,NULL,NULL,NULL,NULL),
  (4532,'13908553988','43666ed2957e676c','肖竹',NULL,0,NULL,NULL,NULL,NULL,NULL,NULL,'2012-03-22 13:32:06','2012-03-22 14:32:50',1,NULL,NULL,NULL,NULL),
  (4533,'13908556699','74ef3585676e01a3','马英',NULL,1,NULL,NULL,NULL,NULL,NULL,NULL,'2012-03-22 13:32:06','2012-03-22 14:32:50',1,NULL,NULL,NULL,NULL),
  (4534,'13985826699','183e90186e8589e6','覃浩',NULL,0,NULL,NULL,NULL,NULL,NULL,NULL,'2012-03-22 13:32:06','2012-03-22 14:32:50',1,NULL,NULL,NULL,NULL),
  (4535,'13908559763','d05e1ca1604fe55e','欧阳崇江',NULL,0,NULL,NULL,NULL,NULL,NULL,NULL,'2012-03-22 13:32:06','2012-03-22 14:32:50',1,NULL,NULL,NULL,NULL),
  (4536,'13985868118','21474fff949af113','吴键德',NULL,0,NULL,NULL,NULL,NULL,NULL,NULL,'2012-03-22 13:32:06','2012-04-19 11:11:14',1,NULL,NULL,NULL,NULL),
  (4537,'13708569931','4b3707bf1eaeee28','吕晓波',NULL,0,NULL,NULL,NULL,NULL,NULL,NULL,'2012-03-22 13:32:06','2012-03-22 14:32:50',1,NULL,NULL,NULL,NULL),
  (4538,'13908579515','18272478feb7d97b','王毅',NULL,0,NULL,NULL,NULL,NULL,NULL,NULL,'2012-03-22 13:32:06','2012-03-22 14:32:50',1,NULL,NULL,NULL,NULL),
  (4539,'13708572999','613c6afd706c1c7f','王健',NULL,0,NULL,NULL,NULL,NULL,NULL,NULL,'2012-03-22 13:32:06','2012-03-22 14:32:50',1,NULL,NULL,NULL,NULL),
  (4540,'13908576064','20551e068cd43bc3','温溢红',NULL,0,NULL,NULL,NULL,NULL,NULL,NULL,'2012-03-22 13:32:06','2012-03-22 14:32:50',1,NULL,NULL,NULL,NULL),
  (4541,'13908589677','a1f2e1ba5e227de0','何飞',NULL,0,NULL,NULL,NULL,NULL,NULL,NULL,'2012-03-22 13:32:06','2012-03-22 14:32:50',1,NULL,NULL,NULL,NULL),
  (4542,'13708588106','3e6a4cb525cea58b','金开春',NULL,1,'',NULL,NULL,NULL,NULL,NULL,'2012-03-22 13:32:06','2012-03-26 16:40:42',1,NULL,NULL,NULL,NULL),
  (4543,'15208599998','55828cd6c3b9fa84','张宇',NULL,0,NULL,NULL,NULL,NULL,NULL,NULL,'2012-03-22 13:32:06','2012-03-22 14:32:50',1,NULL,NULL,NULL,NULL),
  (4544,'13908599288','3c2380bae6a9a91e','王才刚',NULL,0,NULL,NULL,NULL,NULL,NULL,NULL,'2012-03-22 13:32:06','2012-04-24 09:39:54',1,NULL,NULL,NULL,NULL),
  (4545,'13908500005','01955b8564d67536','a茹辛',NULL,1,'',NULL,NULL,NULL,NULL,NULL,'2012-03-22 13:32:06','2012-03-26 16:41:03',1,NULL,NULL,NULL,NULL),
  (4546,'13908519600','01955b8564d67536','伍宏艳',NULL,1,NULL,NULL,NULL,NULL,NULL,NULL,'2012-03-22 13:32:06','2012-04-19 11:11:14',1,NULL,NULL,NULL,NULL),
  (4547,'13865960091','8403d0acf203de22','张国敬',NULL,NULL,'',NULL,NULL,NULL,NULL,NULL,'2012-03-22 17:34:50','2012-03-29 17:56:34',1,NULL,NULL,NULL,NULL),
  (4548,'13908518578','9032da078cc824b3','刘鸥',NULL,NULL,'',NULL,NULL,NULL,NULL,NULL,'2012-03-29 10:06:39','2012-04-24 14:00:52',1,NULL,NULL,NULL,NULL),
  (4549,'13984086789','960f88a3df985f79','周澍',NULL,0,NULL,NULL,NULL,NULL,NULL,NULL,'2012-04-16 13:58:20','2012-04-24 13:56:15',1,NULL,NULL,NULL,NULL),
  (4550,'13885186836','fad73a506332c8fc','季卿',NULL,0,NULL,NULL,NULL,NULL,NULL,NULL,'2012-04-16 13:58:20','2012-04-16 16:26:42',1,NULL,NULL,NULL,NULL),
  (4551,'13765070457','b9fcde65839950a8','吴纲',NULL,0,NULL,NULL,NULL,NULL,NULL,NULL,'2012-04-16 13:58:20','2012-04-16 16:26:42',1,NULL,NULL,NULL,NULL),
  (4552,'13885127220','5db6cffbbf41b06a','廖立波',NULL,0,NULL,NULL,NULL,NULL,NULL,NULL,'2012-04-16 13:58:20','2012-04-16 16:26:42',1,NULL,NULL,NULL,NULL),
  (4553,'13985105717','0ede5d4d86ca870d','袁云涛',NULL,0,NULL,NULL,NULL,NULL,NULL,NULL,'2012-04-16 13:58:20','2012-04-16 17:11:19',1,NULL,NULL,NULL,NULL),
  (4554,'13908535808','7ef737565c41c25b','胡钢',NULL,0,'',NULL,NULL,NULL,NULL,NULL,'2012-04-17 14:52:59','2012-04-17 17:37:54',1,NULL,NULL,NULL,NULL),
  (4555,'13708530007','01955b8564d67536','刘@岑',NULL,1,'',NULL,NULL,NULL,NULL,NULL,'2012-04-18 11:08:33',NULL,1,NULL,NULL,NULL,NULL),
  (4556,'13908519155','9b69f2f9a768fe60','吴亚',NULL,0,NULL,NULL,NULL,NULL,NULL,NULL,'2012-04-19 11:11:13',NULL,1,NULL,NULL,NULL,NULL),
  (4557,'13908512656','5dbcb0419bc81bc2','李安',NULL,0,NULL,NULL,NULL,NULL,NULL,NULL,'2012-04-19 11:11:13',NULL,1,NULL,NULL,NULL,NULL),
  (4558,'13908519998','94f71b68b4fc0116','杨军',NULL,0,NULL,NULL,NULL,NULL,NULL,NULL,'2012-04-19 11:11:13','2012-04-24 09:31:24',1,NULL,NULL,NULL,NULL),
  (4559,'13908519330','222080166426ff3b','李志成',NULL,0,NULL,NULL,NULL,NULL,NULL,NULL,'2012-04-19 11:11:13',NULL,1,NULL,NULL,NULL,NULL),
  (4560,'13908519665','2121fc02d412e056','何景贵',NULL,0,NULL,NULL,NULL,NULL,NULL,NULL,'2012-04-19 11:11:13',NULL,1,NULL,NULL,NULL,NULL),
  (4561,'13908509998','7602e75591e0bbdf','李文华',NULL,0,NULL,NULL,NULL,NULL,NULL,NULL,'2012-04-19 11:11:13',NULL,1,NULL,NULL,NULL,NULL),
  (4562,'13809450001','f7eda1467df3ecc0','刘晖',NULL,0,NULL,NULL,NULL,NULL,NULL,NULL,'2012-04-19 11:11:13',NULL,1,NULL,NULL,NULL,NULL),
  (4563,'13908509898','01955b8564d67536','李焱',NULL,0,NULL,NULL,NULL,NULL,NULL,NULL,'2012-04-19 11:11:13',NULL,1,NULL,NULL,NULL,NULL),
  (4564,'13809499566','0e6c57f0f98d2dee','陶建成',NULL,0,NULL,NULL,NULL,NULL,NULL,NULL,'2012-04-19 11:11:13',NULL,1,NULL,NULL,NULL,NULL),
  (4565,'13638516396','44b1ec18deb7b58e','石星',NULL,0,NULL,NULL,NULL,NULL,NULL,NULL,'2012-04-19 11:11:13',NULL,1,NULL,NULL,NULL,NULL),
  (4566,'13908519944','0183c94cd0ea68b4','翟德怀',NULL,0,NULL,NULL,NULL,NULL,NULL,NULL,'2012-04-19 11:11:13',NULL,1,NULL,NULL,NULL,NULL),
  (4567,'13985511257','6b9e729c5d88920f','杨静',NULL,1,NULL,NULL,NULL,NULL,NULL,NULL,'2012-04-19 11:11:13',NULL,1,NULL,NULL,NULL,NULL),
  (4568,'13608519601','7f21d8e28ddebe28','陈晓星',NULL,0,NULL,NULL,NULL,NULL,NULL,NULL,'2012-04-19 11:11:13',NULL,1,NULL,NULL,NULL,NULL),
  (4569,'13908510272','e32da8c632fc2b8a','潘勇',NULL,0,NULL,NULL,NULL,NULL,NULL,NULL,'2012-04-19 11:11:13',NULL,1,NULL,NULL,NULL,NULL),
  (4570,'13708525123','eac9a7a2aa3e91fa','卢泽',NULL,1,NULL,NULL,NULL,NULL,NULL,NULL,'2012-04-19 11:11:13',NULL,1,NULL,NULL,NULL,NULL),
  (4571,'13639272233','9c405fb3aed57bd9','林晨曦',NULL,0,NULL,NULL,NULL,NULL,NULL,NULL,'2012-04-19 11:11:13','2012-04-24 09:00:27',1,NULL,NULL,NULL,NULL),
  (4572,'13508519019','6f78e41f4b878f64','程登才',NULL,0,NULL,NULL,NULL,NULL,NULL,NULL,'2012-04-19 11:11:13',NULL,1,NULL,NULL,NULL,NULL),
  (4573,'13908530010','a4cacf16adfa1d7f','鲍宁江',NULL,0,NULL,NULL,NULL,NULL,NULL,NULL,'2012-04-19 11:11:13',NULL,1,NULL,NULL,NULL,NULL),
  (4574,'13908530056','5887c18a7e906ae4','詹玮',NULL,1,NULL,NULL,NULL,NULL,NULL,NULL,'2012-04-19 11:11:14','2012-04-24 10:47:04',1,NULL,NULL,NULL,NULL),
  (4575,'13595380015','c1b3fdcddd407aee','刘文林',NULL,0,NULL,NULL,NULL,NULL,NULL,NULL,'2012-04-19 11:11:14',NULL,1,NULL,NULL,NULL,NULL),
  (4576,'13508508819','7206688000bc45dd','肖静',NULL,1,NULL,NULL,NULL,NULL,NULL,NULL,'2012-04-19 11:11:14','2012-04-24 09:06:28',1,NULL,NULL,NULL,NULL),
  (4577,'13985780300','4c53290b3b11d076','马梅梅',NULL,1,NULL,NULL,NULL,NULL,NULL,NULL,'2012-04-19 11:11:14',NULL,1,NULL,NULL,NULL,NULL),
  (4578,'13908549992','24656d8d543a3053','王智勇',NULL,0,NULL,NULL,NULL,NULL,NULL,NULL,'2012-04-19 11:11:14',NULL,1,NULL,NULL,NULL,NULL),
  (4579,'13908509977','c42e2fd08147e046','陈迎春',NULL,0,NULL,NULL,NULL,NULL,NULL,NULL,'2012-04-19 11:11:14',NULL,1,NULL,NULL,NULL,NULL),
  (4580,'13908559757','7507a6a8745701ed','陈少翔',NULL,0,NULL,NULL,NULL,NULL,NULL,NULL,'2012-04-19 11:11:14',NULL,1,NULL,NULL,NULL,NULL),
  (4581,'13908557711','012cea97f0810bc9','吴海英',NULL,1,NULL,NULL,NULL,NULL,NULL,NULL,'2012-04-19 11:11:14',NULL,1,NULL,NULL,NULL,NULL),
  (4582,'13908550517','01955b8564d67536','申德平',NULL,0,NULL,NULL,NULL,NULL,NULL,NULL,'2012-04-19 11:11:14',NULL,1,NULL,NULL,NULL,NULL),
  (4583,'13908562758','fcd1b9f8ad29f64c','张嗣俊',NULL,0,NULL,NULL,NULL,NULL,NULL,NULL,'2012-04-19 11:11:14',NULL,1,NULL,NULL,NULL,NULL),
  (4584,'13908569898','11f60b57dd472f84','刘玉堂',NULL,0,NULL,NULL,NULL,NULL,NULL,NULL,'2012-04-19 11:11:14',NULL,1,NULL,NULL,NULL,NULL),
  (4585,'13908569675','c39c27e3c704ee4e','田军',NULL,0,NULL,NULL,NULL,NULL,NULL,NULL,'2012-04-19 11:11:14',NULL,1,NULL,NULL,NULL,NULL),
  (4586,'13508572255','e1f5a28168e8c0c0','张振宇',NULL,0,NULL,NULL,NULL,NULL,NULL,NULL,'2012-04-19 11:11:14',NULL,1,NULL,NULL,NULL,NULL),
  (4587,'13908579166','6c5ec2c28dcfa460','邹昕',NULL,0,NULL,NULL,NULL,NULL,NULL,NULL,'2012-04-19 11:11:14',NULL,1,NULL,NULL,NULL,NULL),
  (4588,'13508579695','a96a2f9ba8026de5','宋飞',NULL,0,NULL,NULL,NULL,NULL,NULL,NULL,'2012-04-19 11:11:14','2012-04-24 09:08:53',1,NULL,NULL,NULL,NULL),
  (4589,'13908571616','dae2518e95e76d6d','刘友江',NULL,0,NULL,NULL,NULL,NULL,NULL,NULL,'2012-04-19 11:11:14',NULL,1,NULL,NULL,NULL,NULL),
  (4590,'13908584106','a6893f58281d08ac','杨涛',NULL,0,NULL,NULL,NULL,NULL,NULL,NULL,'2012-04-19 11:11:14',NULL,1,NULL,NULL,NULL,NULL),
  (4591,'13908588081','7b557723213d54ad','封美术',NULL,1,NULL,NULL,NULL,NULL,NULL,NULL,'2012-04-19 11:11:14',NULL,1,NULL,NULL,NULL,NULL),
  (4592,'13708587676','3f27d81c882ddb22','杜建波',NULL,0,NULL,NULL,NULL,NULL,NULL,NULL,'2012-04-19 11:11:14',NULL,1,NULL,NULL,NULL,NULL),
  (4593,'13508586001','51bc28b290fe54d3','陈桂蓉',NULL,1,NULL,NULL,NULL,NULL,NULL,NULL,'2012-04-19 11:11:14',NULL,1,NULL,NULL,NULL,NULL),
  (4594,'13908599989','cb4f5925a8b0c9e5','华兴中',NULL,0,NULL,NULL,NULL,NULL,NULL,NULL,'2012-04-19 11:11:14',NULL,1,NULL,NULL,NULL,NULL),
  (4595,'13984691461','2af8e05077766913','李吉',NULL,0,NULL,NULL,NULL,NULL,NULL,NULL,'2012-04-19 11:11:14',NULL,1,NULL,NULL,NULL,NULL),
  (4596,'13908595928','67707f662e581574','赵刚',NULL,0,NULL,NULL,NULL,NULL,NULL,NULL,'2012-04-19 11:11:14',NULL,1,NULL,NULL,NULL,NULL),
  (4597,'13809479957','8a0743f7fd7ec17d','熊军',NULL,0,NULL,NULL,NULL,NULL,NULL,NULL,'2012-04-19 11:11:14',NULL,1,NULL,NULL,NULL,NULL),
  (4598,'13595139966','172eaa3f826dcc24','王忠明',NULL,0,NULL,NULL,NULL,NULL,NULL,NULL,'2012-04-19 11:11:14',NULL,1,NULL,NULL,NULL,NULL),
  (4599,'13908512009','ec5a0532aff6db75','高倩',NULL,1,NULL,NULL,NULL,NULL,NULL,NULL,'2012-04-19 11:11:14',NULL,1,NULL,NULL,NULL,NULL),
  (4600,'13985439028','71497e81f9aeccef','许健',NULL,0,NULL,NULL,NULL,NULL,NULL,NULL,'2012-04-19 11:11:14',NULL,1,NULL,NULL,NULL,NULL),
  (4601,'13885119866','d9e85bf4fb2f0cb7','陈朝光',NULL,0,NULL,NULL,NULL,NULL,NULL,NULL,'2012-04-19 11:11:14',NULL,1,NULL,NULL,NULL,NULL),
  (4602,'13595163888','9180d428c5111964','汪发良',NULL,0,NULL,NULL,NULL,NULL,NULL,NULL,'2012-04-19 11:11:14',NULL,1,NULL,NULL,NULL,NULL),
  (4603,'13908516067','7206688000bc45dd','王悦',NULL,0,NULL,NULL,NULL,NULL,NULL,NULL,'2012-04-19 11:11:14','2012-04-24 09:07:26',1,NULL,NULL,NULL,NULL),
  (4604,'13985113121','c99a3e0081593dcc','罗源',NULL,0,NULL,NULL,NULL,NULL,NULL,NULL,'2012-04-19 11:11:14',NULL,1,NULL,NULL,NULL,NULL),
  (4605,'13985146160','73a411bc2577820f','付婉秋',NULL,1,NULL,NULL,NULL,NULL,NULL,NULL,'2012-04-19 11:11:14',NULL,1,NULL,NULL,NULL,NULL),
  (4606,'13985179551','a1985b891b3ffc16','曹科武',NULL,0,NULL,NULL,NULL,NULL,NULL,NULL,'2012-04-19 11:11:14','2012-04-24 09:05:21',1,NULL,NULL,NULL,NULL),
  (4607,'13908511559','52778190f4a0e974','袁平',NULL,NULL,'',NULL,NULL,NULL,NULL,NULL,'2012-04-23 16:28:10',NULL,1,NULL,NULL,NULL,NULL),
  (4608,'13908516869','495f1bac7ed70a79','周澍',NULL,NULL,'',NULL,NULL,NULL,NULL,NULL,'2012-04-23 16:55:50','2012-04-24 14:09:15',1,NULL,NULL,NULL,NULL);

COMMIT;

#
# Data for the `user_login_log` table  (LIMIT 0,500)
#

INSERT INTO `user_login_log` (`ID`, `user_id`, `LOGIN_TIME`, `LOGIN_IP`, `portal_type`) VALUES 
  (6527,4451,'2012-03-14 17:03:02','218.201.194.69',1),
  (6528,4455,'2012-03-19 12:05:00','218.201.251.72',1),
  (6529,4460,'2012-03-19 23:48:31','221.13.21.214',1),
  (6530,4458,'2012-03-20 03:47:33','221.13.21.214',1),
  (6531,4455,'2012-03-20 08:57:19','218.201.251.74',1),
  (6532,4458,'2012-03-20 09:03:34','218.201.251.74',1),
  (6533,4458,'2012-03-20 09:19:40','218.201.251.74',1),
  (6534,4449,'2012-03-20 12:50:35','10.196.142.166',1),
  (6535,4449,'2012-03-20 12:53:21','10.196.142.166',1),
  (6536,4449,'2012-03-20 13:48:33','192.168.1.13',1),
  (6537,4458,'2012-03-20 14:09:22','218.201.240.216',1),
  (6538,4458,'2012-03-20 15:05:55','218.201.240.216',1),
  (6539,4449,'2012-03-20 16:00:47','10.196.142.166',1),
  (6540,4458,'2012-03-20 16:04:52','218.201.240.216',1),
  (6541,4449,'2012-03-20 17:54:25','10.196.142.166',1),
  (6542,4455,'2012-03-21 09:17:46','218.201.251.72',1),
  (6543,4458,'2012-03-21 09:58:30','218.201.251.79',1),
  (6544,4458,'2012-03-21 10:15:11','218.201.251.79',1),
  (6545,4458,'2012-03-21 10:34:46','218.201.251.79',1),
  (6546,4461,'2012-03-21 10:37:21','10.196.142.166',1),
  (6547,4458,'2012-03-21 11:01:38','218.201.251.79',1),
  (6548,4458,'2012-03-21 11:03:23','218.201.251.79',1),
  (6549,4458,'2012-03-21 11:28:22','218.201.251.79',1),
  (6550,4458,'2012-03-21 13:11:32','218.201.251.79',1),
  (6551,4474,'2012-03-21 14:47:18','218.201.251.79',1),
  (6552,4458,'2012-03-21 17:00:56','218.201.251.79',2),
  (6553,4458,'2012-03-21 17:16:39','218.201.251.79',1),
  (6554,4455,'2012-03-21 17:21:33','218.201.251.72',1),
  (6555,4458,'2012-03-21 17:33:09','218.201.251.79',1),
  (6556,4461,'2012-03-21 17:46:21','10.196.138.65',1),
  (6557,4474,'2012-03-21 17:48:32','218.201.251.79',1),
  (6558,4474,'2012-03-21 18:41:32','218.201.251.79',1),
  (6559,4474,'2012-03-21 18:41:53','218.201.251.79',1),
  (6560,4474,'2012-03-21 18:41:57','218.201.251.79',1),
  (6561,4458,'2012-03-21 18:42:10','218.201.251.79',1),
  (6562,4474,'2012-03-21 18:42:36','218.201.251.79',1),
  (6563,4474,'2012-03-21 18:42:45','218.201.251.79',1),
  (6564,4474,'2012-03-21 18:42:47','218.201.251.79',1),
  (6565,4474,'2012-03-21 18:42:49','218.201.251.79',1),
  (6566,4474,'2012-03-21 18:42:51','218.201.251.79',1),
  (6567,4474,'2012-03-21 18:42:52','218.201.251.79',1),
  (6568,4460,'2012-03-21 18:43:04','10.196.138.65',1),
  (6569,4474,'2012-03-21 18:43:21','218.201.251.79',1),
  (6570,4474,'2012-03-21 18:43:43','218.201.251.79',1),
  (6571,4474,'2012-03-21 18:43:45','218.201.251.79',1),
  (6572,4458,'2012-03-21 18:45:29','218.201.251.79',1),
  (6573,4474,'2012-03-21 18:46:05','218.201.251.79',1),
  (6574,4474,'2012-03-21 18:46:34','218.201.251.79',1),
  (6575,4474,'2012-03-21 18:48:29','218.201.251.79',1),
  (6576,4474,'2012-03-21 18:48:31','218.201.251.79',1),
  (6577,4474,'2012-03-21 18:48:33','218.201.251.79',1),
  (6578,4474,'2012-03-21 18:48:34','218.201.251.79',1),
  (6579,4474,'2012-03-21 18:48:35','218.201.251.79',1),
  (6580,4474,'2012-03-21 18:48:36','218.201.251.79',1),
  (6581,4474,'2012-03-21 18:48:37','218.201.251.79',1),
  (6582,4474,'2012-03-21 18:48:38','218.201.251.79',1),
  (6583,4474,'2012-03-21 18:48:39','218.201.251.79',1),
  (6584,4474,'2012-03-21 18:48:40','218.201.251.79',1),
  (6585,4474,'2012-03-21 18:48:41','218.201.251.79',1),
  (6586,4474,'2012-03-21 18:48:42','218.201.251.79',1),
  (6587,4458,'2012-03-21 18:49:38','218.201.251.79',1),
  (6588,4474,'2012-03-21 18:54:32','218.201.251.79',1),
  (6589,4460,'2012-03-21 18:56:09','10.196.138.65',1),
  (6590,4458,'2012-03-21 18:56:20','218.201.251.79',1),
  (6591,4460,'2012-03-22 09:17:06','10.196.138.65',1),
  (6592,4458,'2012-03-22 09:54:04','218.201.251.79',1),
  (6593,4460,'2012-03-22 10:09:01','10.196.138.140',1),
  (6594,4474,'2012-03-22 10:22:44','218.201.251.79',1),
  (6595,4458,'2012-03-22 13:25:19','218.201.251.79',1),
  (6596,4460,'2012-03-22 17:42:21','10.196.138.140',1),
  (6597,4474,'2012-03-22 22:30:24','218.201.240.173',1),
  (6598,4458,'2012-03-23 15:17:20','218.201.240.173',1),
  (6599,4461,'2012-03-23 17:22:36','10.196.138.131',1),
  (6600,4449,'2012-03-26 18:11:20','10.196.138.82',1),
  (6601,4449,'2012-03-27 17:37:34','10.196.142.163',1),
  (6602,4462,'2012-03-27 18:26:04','10.196.142.163',1),
  (6603,4462,'2012-03-27 18:33:41','10.196.142.163',1),
  (6604,4449,'2012-03-27 19:34:20','10.196.142.163',1),
  (6605,4475,'2012-03-28 00:17:40','221.13.21.214',1),
  (6606,4475,'2012-03-28 09:02:51','10.196.2.182',1),
  (6607,4462,'2012-03-28 09:06:58','10.196.138.27',1),
  (6608,4460,'2012-03-28 09:16:26','10.196.138.27',1),
  (6609,4475,'2012-03-28 14:07:50','10.196.2.182',1),
  (6610,4548,'2012-03-29 10:09:02','10.196.2.187',1),
  (6611,4548,'2012-03-29 10:20:43','10.196.2.187',1),
  (6612,4460,'2012-03-29 17:58:58','10.196.141.95',1),
  (6613,4458,'2012-03-29 18:00:00','10.196.141.95',1),
  (6614,4458,'2012-03-31 09:39:11','117.136.20.74',3),
  (6615,4458,'2012-03-31 09:59:26','117.136.20.82',3),
  (6616,4458,'2012-03-31 09:59:36','117.136.20.82',3),
  (6617,4458,'2012-03-31 10:01:00','117.136.20.82',3),
  (6618,4458,'2012-03-31 10:35:18','117.136.20.82',3),
  (6619,4458,'2012-03-31 11:03:31','117.136.20.82',3),
  (6620,4458,'2012-03-31 11:03:31','117.136.20.82',3),
  (6621,4458,'2012-03-31 11:04:33','117.136.20.82',3),
  (6622,4458,'2012-03-31 11:04:43','117.136.20.82',3),
  (6623,4458,'2012-03-31 11:04:58','117.136.20.82',3),
  (6624,4458,'2012-03-31 11:06:06','117.136.20.82',3),
  (6625,4460,'2012-03-31 11:08:06','117.136.20.91',3),
  (6626,4460,'2012-03-31 11:24:30','117.136.20.91',3),
  (6627,4460,'2012-03-31 11:29:38','117.136.20.91',3),
  (6628,4460,'2012-03-31 11:34:30','117.136.20.91',3),
  (6629,4458,'2012-03-31 13:19:11','117.136.20.71',3),
  (6630,4458,'2012-03-31 13:21:52','117.136.20.71',3),
  (6631,4458,'2012-03-31 13:22:53','117.136.20.71',3),
  (6632,4458,'2012-03-31 13:24:27','117.136.20.71',3),
  (6633,4458,'2012-03-31 13:26:31','117.136.20.71',3),
  (6634,4458,'2012-03-31 13:27:14','117.136.20.71',3),
  (6635,4458,'2012-03-31 13:55:35','117.136.20.89',3),
  (6636,4449,'2012-03-31 16:26:08','10.196.138.148',1),
  (6637,4449,'2012-03-31 16:30:05','10.196.138.148',2),
  (6638,4449,'2012-03-31 16:35:15','211.103.82.155',1),
  (6639,4458,'2012-03-31 16:37:07','117.136.20.70',2),
  (6640,4449,'2012-03-31 16:39:45','10.92.130.183',2),
  (6641,4458,'2012-03-31 17:06:27','117.136.20.66',3),
  (6642,4458,'2012-03-31 17:07:51','117.136.20.66',3),
  (6643,4458,'2012-03-31 17:43:49','10.196.138.148',1),
  (6644,4458,'2012-03-31 17:45:23','10.196.138.148',2),
  (6645,4449,'2012-04-05 09:59:54','117.136.20.75',2),
  (6646,4449,'2012-04-05 11:04:38','10.92.141.185',3),
  (6647,4449,'2012-04-05 11:05:33','10.92.141.185',3),
  (6648,4449,'2012-04-05 13:54:35','117.136.20.72',3),
  (6649,4449,'2012-04-05 14:49:09','117.136.20.86',3),
  (6650,4449,'2012-04-06 09:29:42','117.136.20.88',3),
  (6651,4449,'2012-04-06 09:30:39','117.136.20.88',3),
  (6652,4449,'2012-04-10 16:59:11','117.136.20.94',3),
  (6653,4449,'2012-04-10 17:00:00','117.136.20.94',3),
  (6654,4460,'2012-04-10 18:26:25','36.4.57.144',1),
  (6655,4458,'2012-04-10 18:27:05','36.4.57.144',2),
  (6656,4458,'2012-04-10 18:41:39','36.4.57.144',2),
  (6657,4458,'2012-04-10 19:04:04','36.4.57.144',2),
  (6658,4460,'2012-04-10 19:06:49','36.4.57.144',2),
  (6659,4449,'2012-04-11 09:32:50','120.192.205.33',2),
  (6660,4460,'2012-04-11 22:49:14','221.13.21.214',2),
  (6661,4460,'2012-04-11 23:22:27','221.13.21.214',1),
  (6662,4460,'2012-04-12 10:04:57','218.201.251.79',1),
  (6663,4460,'2012-04-12 10:45:01','218.201.251.79',1),
  (6664,4460,'2012-04-12 10:52:13','117.136.17.55',3),
  (6665,4460,'2012-04-12 10:55:03','117.136.17.55',3),
  (6666,4460,'2012-04-12 11:02:31','218.201.251.79',1),
  (6667,4460,'2012-04-12 11:24:34','117.136.17.55',2),
  (6668,4460,'2012-04-12 11:37:35','218.201.251.79',1),
  (6669,4458,'2012-04-12 11:40:15','10.196.138.146',2),
  (6670,4474,'2012-04-12 11:42:30','117.136.17.55',3),
  (6671,4449,'2012-04-12 11:42:47','10.94.69.61',2),
  (6672,4460,'2012-04-12 11:43:27','117.136.17.55',2),
  (6673,4474,'2012-04-12 11:44:43','117.136.17.55',3),
  (6674,4474,'2012-04-12 11:50:09','183.213.18.73',2),
  (6675,4458,'2012-04-12 13:41:50','10.196.138.146',2),
  (6676,4460,'2012-04-12 14:28:17','117.136.17.56',3),
  (6677,4460,'2012-04-12 15:40:57','117.136.17.56',3),
  (6678,4449,'2012-04-12 17:24:06','10.196.138.31',2),
  (6679,4460,'2012-04-12 18:37:34','221.13.21.214',2),
  (6680,4455,'2012-04-13 09:19:28','117.136.17.56',3),
  (6681,4455,'2012-04-13 09:24:15','183.213.18.121',2),
  (6682,4449,'2012-04-13 10:31:08','211.103.82.159',2),
  (6683,4449,'2012-04-13 10:44:05','10.196.141.146',2),
  (6684,4460,'2012-04-14 23:06:17','221.13.21.214',2),
  (6685,4460,'2012-04-14 23:09:08','221.13.21.214',2),
  (6686,4460,'2012-04-15 21:51:26','221.13.21.214',3),
  (6687,4460,'2012-04-15 22:00:57','221.13.21.214',2),
  (6688,4460,'2012-04-15 22:13:54','117.136.17.56',2),
  (6689,4460,'2012-04-15 22:17:46','221.13.21.214',2),
  (6690,4455,'2012-04-16 14:26:54','10.196.2.139',1),
  (6691,4548,'2012-04-16 15:13:03','117.136.17.56',2),
  (6692,4549,'2012-04-16 15:13:27','218.201.194.76',2),
  (6693,4548,'2012-04-16 15:15:49','10.196.2.139',1),
  (6694,4452,'2012-04-16 15:21:57','183.243.230.218',1),
  (6695,4460,'2012-04-16 15:53:14','218.201.251.73',1),
  (6696,4460,'2012-04-16 15:53:55','218.201.251.73',2),
  (6697,4553,'2012-04-16 17:11:19','218.201.194.81',2),
  (6698,4549,'2012-04-16 17:14:24','218.201.194.76',2),
  (6699,4460,'2012-04-16 18:33:36','221.13.21.214',2),
  (6700,4460,'2012-04-16 18:34:15','117.136.17.56',3),
  (6701,4460,'2012-04-16 18:39:41','117.136.17.56',3),
  (6702,4460,'2012-04-17 13:50:00','218.201.251.76',2),
  (6703,4460,'2012-04-17 13:55:28','117.136.17.55',3),
  (6704,4548,'2012-04-17 14:59:39','10.196.2.139',1),
  (6705,4554,'2012-04-17 15:24:00','183.213.18.87',2),
  (6706,4554,'2012-04-17 15:31:09','117.136.17.22',3),
  (6707,4460,'2012-04-17 16:29:43','117.136.17.55',3),
  (6708,4460,'2012-04-17 16:59:43','117.136.17.55',3),
  (6709,4554,'2012-04-17 17:37:54','218.201.251.78',1),
  (6710,4449,'2012-04-17 17:44:30','10.196.142.130',1),
  (6711,4449,'2012-04-17 17:47:06','10.93.235.173',3),
  (6712,4449,'2012-04-17 17:49:51','10.93.235.173',3),
  (6713,4449,'2012-04-17 17:50:41','10.93.235.173',3),
  (6714,4449,'2012-04-17 17:58:25','117.136.20.93',3),
  (6715,4458,'2012-04-17 17:58:57','117.136.20.93',3),
  (6716,4458,'2012-04-17 17:59:45','117.136.20.93',3),
  (6717,4460,'2012-04-17 18:25:02','221.13.21.214',2),
  (6718,4548,'2012-04-17 18:25:33','221.13.21.214',2),
  (6719,4460,'2012-04-17 18:26:04','117.136.17.55',3),
  (6720,4460,'2012-04-18 10:14:56','218.201.251.77',1),
  (6721,4458,'2012-04-18 11:07:27','10.196.138.26',2),
  (6722,4458,'2012-04-18 11:41:46','117.136.20.72',3),
  (6723,4458,'2012-04-18 11:44:17','117.136.20.72',3),
  (6724,4458,'2012-04-18 11:45:56','117.136.20.72',3),
  (6725,4458,'2012-04-18 11:47:15','117.136.20.72',3),
  (6726,4458,'2012-04-18 11:53:08','183.213.18.100',2),
  (6727,4458,'2012-04-18 12:24:05','117.136.20.72',3),
  (6728,4458,'2012-04-18 12:27:47','117.136.20.72',3),
  (6729,4458,'2012-04-18 12:47:15','10.196.138.26',2),
  (6730,4460,'2012-04-18 13:08:45','218.201.251.77',1),
  (6731,4460,'2012-04-18 13:10:40','218.201.251.77',2),
  (6732,4460,'2012-04-18 14:17:00','117.136.17.55',3),
  (6733,4548,'2012-04-18 14:25:07','218.201.251.77',1),
  (6734,4548,'2012-04-18 14:38:22','218.201.251.77',1),
  (6735,4548,'2012-04-18 14:46:07','218.201.194.103',1),
  (6736,4548,'2012-04-18 14:50:28','218.201.194.103',1),
  (6737,4460,'2012-04-18 15:16:45','218.201.251.77',1),
  (6738,4548,'2012-04-18 16:11:46','218.201.194.103',1),
  (6739,4481,'2012-04-18 16:44:22','10.180.78.77',2),
  (6740,4481,'2012-04-18 16:46:46','10.180.78.77',2),
  (6741,4481,'2012-04-18 16:53:55','10.179.233.84',2),
  (6742,4481,'2012-04-18 16:56:11','10.179.181.237',3),
  (6743,4481,'2012-04-18 16:56:47','10.179.181.237',3),
  (6744,4481,'2012-04-18 16:58:19','10.178.138.71',3),
  (6745,4460,'2012-04-18 16:58:51','117.136.17.55',3),
  (6746,4548,'2012-04-18 17:05:31','117.136.17.56',2),
  (6747,4481,'2012-04-19 08:46:49','10.202.151.103',3),
  (6748,4548,'2012-04-19 10:56:14','10.196.120.158',1),
  (6749,4548,'2012-04-19 10:58:37','117.136.17.56',2),
  (6750,4606,'2012-04-19 11:31:42','10.177.19.78',2),
  (6751,4606,'2012-04-19 11:35:43','218.201.251.78',2),
  (6752,4606,'2012-04-19 11:37:31','117.136.17.56',2),
  (6753,4606,'2012-04-19 11:40:18','218.201.251.78',1),
  (6754,4458,'2012-04-19 11:45:23','10.196.142.50',2),
  (6755,4458,'2012-04-19 11:48:07','117.136.20.75',2),
  (6756,4458,'2012-04-19 11:50:58','10.196.142.50',2),
  (6757,4460,'2012-04-19 11:54:36','218.201.251.77',2),
  (6758,4449,'2012-04-19 13:32:53','10.90.59.174',2),
  (6759,4458,'2012-04-19 14:53:05','10.196.142.50',2),
  (6760,4460,'2012-04-19 17:24:15','218.201.251.77',2),
  (6761,4460,'2012-04-19 17:42:18','127.0.0.1',2),
  (6762,4460,'2012-04-19 17:42:58','127.0.0.1',2),
  (6763,4460,'2012-04-19 17:46:44','127.0.0.1',2),
  (6764,4460,'2012-04-19 18:02:48','127.0.0.1',2),
  (6765,4460,'2012-04-19 18:23:25','127.0.0.1',2),
  (6766,4460,'2012-04-20 13:28:38','127.0.0.1',1),
  (6767,4458,'2012-04-20 16:53:37','117.136.20.66',3),
  (6768,4458,'2012-04-20 16:55:02','117.136.20.66',3),
  (6769,4458,'2012-04-20 16:56:04','10.196.138.32',2),
  (6770,4458,'2012-04-20 17:05:22','10.196.138.32',2),
  (6771,4460,'2012-04-20 17:10:07','117.136.17.55',2),
  (6772,4458,'2012-04-20 17:10:32','10.196.138.32',2),
  (6773,4460,'2012-04-20 17:15:47','117.136.17.55',2),
  (6774,4458,'2012-04-20 17:18:19','117.136.20.90',2),
  (6775,4458,'2012-04-20 17:36:57','10.196.138.32',1),
  (6776,4458,'2012-04-23 09:54:06','127.0.0.1',1),
  (6777,4548,'2012-04-23 16:17:51','10.196.2.150',1),
  (6778,4548,'2012-04-23 16:49:36','117.136.17.56',2),
  (6779,4608,'2012-04-23 16:58:12','183.213.18.68',2),
  (6780,4608,'2012-04-23 17:02:19','183.213.18.68',2),
  (6781,4460,'2012-04-23 17:12:11','218.201.251.76',1),
  (6782,4460,'2012-04-23 17:13:47','218.201.251.76',2),
  (6783,4460,'2012-04-23 17:14:32','218.201.251.76',2),
  (6784,4460,'2012-04-23 17:29:30','117.136.17.56',2),
  (6785,4608,'2012-04-24 08:46:10','183.213.18.81',2),
  (6786,4481,'2012-04-24 08:57:35','10.177.133.83',2),
  (6787,4549,'2012-04-24 08:58:13','218.201.194.124',1),
  (6788,4548,'2012-04-24 08:58:36','218.201.251.77',1),
  (6789,4571,'2012-04-24 09:00:27','218.201.200.108',2),
  (6790,4481,'2012-04-24 09:01:09','218.201.194.77',1),
  (6791,4529,'2012-04-24 09:01:51','10.176.114.147',2),
  (6792,4549,'2012-04-24 09:03:15','117.136.17.56',2),
  (6793,4606,'2012-04-24 09:05:21','10.179.59.10',2),
  (6794,4576,'2012-04-24 09:06:28','218.201.194.111',1),
  (6795,4603,'2012-04-24 09:07:26','10.180.183.177',2),
  (6796,4588,'2012-04-24 09:08:53','218.201.194.108',1),
  (6797,4608,'2012-04-24 09:12:53','183.213.18.66',2),
  (6798,4558,'2012-04-24 09:31:24','10.202.148.5',2),
  (6799,4544,'2012-04-24 09:39:54','218.201.194.76',1),
  (6800,4608,'2012-04-24 09:46:32','10.179.225.75',3),
  (6801,4549,'2012-04-24 09:57:34','218.201.194.124',1),
  (6802,4460,'2012-04-24 10:14:27','218.201.251.75',1),
  (6803,4529,'2012-04-24 10:18:36','10.177.124.163',2),
  (6804,4574,'2012-04-24 10:47:04','218.201.194.105',1),
  (6805,4481,'2012-04-24 11:32:14','10.179.186.236',2),
  (6806,4460,'2012-04-24 13:20:09','218.201.251.75',1),
  (6807,4549,'2012-04-24 13:55:04','218.201.194.89',1),
  (6808,4549,'2012-04-24 13:56:15','117.136.17.56',2),
  (6809,4548,'2012-04-24 13:57:10','117.136.17.56',2),
  (6810,4548,'2012-04-24 14:00:52','10.196.2.141',1),
  (6811,4608,'2012-04-24 14:09:15','10.176.166.70',3);

COMMIT;

#
# Data for the `vehicle` table  (LIMIT 0,500)
#

INSERT INTO `vehicle` (`id`, `name`, `number`, `capacity`, `comments`, `meeting_id`, `TYPE`) VALUES 
  (26,'别克GL8','贵AEU306',7,'',166,'商务车'),
  (27,'北京现代','皖A100000',1,'北京现代',164,'商务车');

COMMIT;

#
# Data for the `vehicle_driver` table  (LIMIT 0,500)
#

INSERT INTO `vehicle_driver` (`id`, `name`, `mobile`, `gender`, `age`, `comments`, `meeting_id`) VALUES 
  (23,'小郭旭','15375296623',0,30,'小郭旭小郭旭小郭旭',164),
  (24,'小刘','13865960090',0,26,'商务车司机，主要负责机场接送',166);

COMMIT;

#
# Data for the `votebase` table  (LIMIT 0,500)
#

INSERT INTO `votebase` (`id`, `title`, `create_time`, `type`, `count`, `state`, `meetId`) VALUES 
  (6,'考察路线1 ','2012-03-29',1,1,1,166),
  (7,'社会主义好不好？','2012-03-31',2,1,1,164),
  (9,'对公司食堂用餐满意度调查投票','2012-04-12',2,1,1,166);

COMMIT;

#
# Data for the `votehistory` table  (LIMIT 0,500)
#

INSERT INTO `votehistory` (`id`, `userId`, `voteId`) VALUES 
  (9,4548,6),
  (10,4458,7),
  (11,4460,9);

COMMIT;

#
# Data for the `voteitem` table  (LIMIT 0,500)
#

INSERT INTO `voteitem` (`id`, `content`, `count`, `create_time`, `voteId`) VALUES 
  (16,'路线1',0,'2012-03-29',6),
  (17,'路线2',1,'2012-03-29',6),
  (18,'路线3',0,'2012-03-29',6),
  (19,'好',1,'2012-03-31',7),
  (20,'很好',1,'2012-03-31',7),
  (21,'非常好',1,'2012-03-31',7),
  (22,'好爆了',0,'2012-03-31',7),
  (23,'公司食堂卫生条件不错',1,'2012-04-12',9),
  (24,'公司食堂饭菜价格便宜',0,'2012-04-12',9),
  (25,'公司食堂用餐环境良好',1,'2012-04-12',9),
  (26,'公司食堂饭菜好吃',0,'2012-04-12',9);

COMMIT;



/*!40101 SET CHARACTER_SET_CLIENT=@OLD_CHARACTER_SET_CLIENT */;
/*!40101 SET CHARACTER_SET_RESULTS=@OLD_CHARACTER_SET_RESULTS */;
/*!40101 SET COLLATION_CONNECTION=@OLD_COLLATION_CONNECTION */;