# SQL Manager 2005 for MySQL 3.6.5.8
# ---------------------------------------
# Host     : 192.168.1.62
# Port     : 3306
# Database : meeting_guizhou


/*!40101 SET @OLD_CHARACTER_SET_CLIENT=@@CHARACTER_SET_CLIENT */;
/*!40101 SET @OLD_CHARACTER_SET_RESULTS=@@CHARACTER_SET_RESULTS */;
/*!40101 SET @OLD_COLLATION_CONNECTION=@@COLLATION_CONNECTION */;
/*!40101 SET NAMES gbk */;

SET FOREIGN_KEY_CHECKS=0;

USE `meeting_guizhou`;

#
# Data for the `admin_role` table  (LIMIT 0,500)
#

INSERT INTO `admin_role` (`id`, `role_name`, `create_time`, `modify_time`, `creator`, `modifier`, `state`, `comments`) VALUES 
  (1,'系统管理员',NULL,NULL,NULL,NULL,1,NULL),
  (3,'集团管理员',NULL,NULL,NULL,NULL,1,NULL),
  (4,'会议管理员',NULL,NULL,NULL,NULL,1,NULL);

COMMIT;

#
# Data for the `area` table  (LIMIT 0,500)
#

INSERT INTO `area` (`area_code`, `parent_code`, `area_name`, `area_level`) VALUES 
  ('01','','北京',1),
  ('0101','01','北京',2),
  ('010101','0101','北京',3),
  ('010102','0101','海淀',3),
  ('010103','0101','朝阳',3),
  ('010104','0101','顺义',3),
  ('010105','0101','怀柔',3),
  ('010106','0101','通州',3),
  ('010107','0101','昌平',3),
  ('010108','0101','延庆',3),
  ('010109','0101','丰台',3),
  ('010110','0101','石景山',3),
  ('010111','0101','大兴',3),
  ('010112','0101','房山',3),
  ('010113','0101','密云',3),
  ('010114','0101','门头沟',3),
  ('010115','0101','平谷',3),
  ('02','','上海',1),
  ('0201','02','上海',2),
  ('020101','0201','上海',3),
  ('020102','0201','闵行',3),
  ('020103','0201','宝山',3),
  ('020104','0201','嘉定',3),
  ('020105','0201','南汇',3),
  ('020106','0201','金山',3),
  ('020107','0201','青浦',3),
  ('020108','0201','松江',3),
  ('020109','0201','奉贤',3),
  ('020110','0201','崇明',3),
  ('020111','0201','徐家汇',3),
  ('020112','0201','浦东',3),
  ('03','','天津',1),
  ('0301','03','天津',2),
  ('030101','0301','天津',3),
  ('030102','0301','武清',3),
  ('030103','0301','宝坻',3),
  ('030104','0301','东丽',3),
  ('030105','0301','西青',3),
  ('030106','0301','北辰',3),
  ('030107','0301','宁河',3),
  ('030108','0301','汉沽',3),
  ('030109','0301','静海',3),
  ('030110','0301','津南',3),
  ('030111','0301','塘沽',3),
  ('030112','0301','大港',3),
  ('030113','0301','蓟县',3),
  ('04','','重庆',1),
  ('0401','04','重庆',2),
  ('040101','0401','重庆',3),
  ('040102','0401','永川',3),
  ('040103','0401','合川',3),
  ('040104','0401','南川',3),
  ('040105','0401','江津',3),
  ('040106','0401','万盛',3),
  ('040107','0401','渝北',3),
  ('040108','0401','北碚',3),
  ('040109','0401','巴南',3),
  ('040110','0401','长寿',3),
  ('040111','0401','黔江',3),
  ('040112','0401','万州',3),
  ('040113','0401','涪陵',3),
  ('040114','0401','开县',3),
  ('040115','0401','城口',3),
  ('040116','0401','云阳',3),
  ('040117','0401','巫溪',3),
  ('040118','0401','奉节',3),
  ('040119','0401','巫山',3),
  ('040120','0401','潼南',3),
  ('040121','0401','垫江',3),
  ('040122','0401','梁平',3),
  ('040123','0401','忠县',3),
  ('040124','0401','石柱',3),
  ('040125','0401','大足',3),
  ('040126','0401','荣昌',3),
  ('040127','0401','铜梁',3),
  ('040128','0401','璧山',3),
  ('040129','0401','丰都',3),
  ('040130','0401','武隆',3),
  ('040131','0401','彭水',3),
  ('040132','0401','綦江',3),
  ('040133','0401','酉阳',3),
  ('040134','0401','秀山',3),
  ('05','','黑龙江',1),
  ('0501','05','哈尔滨',2),
  ('050101','0501','哈尔滨',3),
  ('050102','0501','双城',3),
  ('050103','0501','呼兰',3),
  ('050104','0501','阿城',3),
  ('050105','0501','宾县',3),
  ('050106','0501','依兰',3),
  ('050107','0501','巴彦',3),
  ('050108','0501','通河',3),
  ('050109','0501','方正',3),
  ('050110','0501','延寿',3),
  ('050111','0501','尚志',3),
  ('050112','0501','五常',3),
  ('050113','0501','木兰',3),
  ('0502','05','齐齐哈尔',2),
  ('050201','0502','齐齐哈尔',3),
  ('050202','0502','讷河',3),
  ('050203','0502','龙江',3),
  ('050204','0502','甘南',3),
  ('050205','0502','富裕',3),
  ('050206','0502','依安',3),
  ('050207','0502','拜泉',3),
  ('050208','0502','克山',3),
  ('050209','0502','克东',3),
  ('050210','0502','泰来',3),
  ('0503','05','牡丹江',2),
  ('050301','0503','牡丹江',3),
  ('050302','0503','海林',3),
  ('050303','0503','穆棱',3),
  ('050304','0503','林口',3),
  ('050305','0503','绥芬河',3),
  ('050306','0503','宁安',3),
  ('050307','0503','东宁',3),
  ('0504','05','佳木斯',2),
  ('050401','0504','佳木斯',3),
  ('050402','0504','汤原',3),
  ('050403','0504','抚远',3),
  ('050404','0504','桦川',3),
  ('050405','0504','桦南',3),
  ('050406','0504','同江',3),
  ('050407','0504','富锦',3),
  ('0505','05','绥化',2),
  ('050501','0505','绥化',3),
  ('050502','0505','肇东',3),
  ('050503','0505','安达',3),
  ('050504','0505','海伦',3),
  ('050505','0505','明水',3),
  ('050506','0505','望奎',3),
  ('050507','0505','兰西',3),
  ('050508','0505','青冈',3),
  ('050509','0505','庆安',3),
  ('050510','0505','绥棱',3),
  ('0506','05','黑河',2),
  ('050601','0506','黑河',3),
  ('050602','0506','嫩江',3),
  ('050603','0506','孙吴',3),
  ('050604','0506','逊克',3),
  ('050605','0506','五大连池',3),
  ('050606','0506','北安',3),
  ('0507','05','大兴安岭',2),
  ('050701','0507','大兴安岭',3),
  ('050702','0507','塔河',3),
  ('050703','0507','漠河',3),
  ('050704','0507','呼玛',3),
  ('050705','0507','呼中',3),
  ('050706','0507','新林',3),
  ('050707','0507','加格达奇',3),
  ('0508','05','伊春',2),
  ('050801','0508','伊春',3),
  ('050802','0508','乌伊岭',3),
  ('050803','0508','五营',3),
  ('050804','0508','铁力',3),
  ('050805','0508','嘉荫',3),
  ('0509','05','大庆',2),
  ('050901','0509','大庆',3),
  ('050902','0509','林甸',3),
  ('050903','0509','肇州',3),
  ('050904','0509','肇源',3),
  ('050905','0509','杜尔伯特',3),
  ('0510','05','七台河',2),
  ('051001','0510','七台河',3),
  ('051002','0510','勃利',3),
  ('0511','05','鸡西',2),
  ('051101','0511','鸡西',3),
  ('051102','0511','虎林',3),
  ('051103','0511','密山',3),
  ('051104','0511','鸡东',3),
  ('0512','05','鹤岗',2),
  ('051201','0512','鹤岗',3),
  ('051202','0512','绥滨',3),
  ('051203','0512','萝北',3),
  ('0513','05','双鸭山',2),
  ('051301','0513','双鸭山',3),
  ('051302','0513','集贤',3),
  ('051303','0513','宝清',3),
  ('051304','0513','饶河',3),
  ('051305','0513','友谊',3),
  ('06','','吉林',1),
  ('0601','06','长春',2),
  ('060101','0601','长春',3),
  ('060102','0601','农安',3),
  ('060103','0601','德惠',3),
  ('060104','0601','九台',3),
  ('060105','0601','榆树',3),
  ('060106','0601','双阳',3),
  ('0602','06','吉林',2),
  ('060201','0602','吉林',3),
  ('060202','0602','舒兰',3),
  ('060203','0602','永吉',3),
  ('060204','0602','蛟河',3),
  ('060205','0602','磐石',3),
  ('060206','0602','桦甸',3),
  ('0603','06','延边',2),
  ('060301','0603','延吉',3),
  ('060302','0603','敦化',3),
  ('060303','0603','安图',3),
  ('060304','0603','汪清',3),
  ('060305','0603','和龙',3),
  ('060306','0603','龙井',3),
  ('060307','0603','珲春',3),
  ('060308','0603','图们',3),
  ('0604','06','四平',2),
  ('060401','0604','四平',3),
  ('060402','0604','双辽',3),
  ('060403','0604','梨树',3),
  ('060404','0604','公主岭',3),
  ('060405','0604','伊通',3),
  ('0605','06','通化',2),
  ('060501','0605','通化',3),
  ('060502','0605','梅河口',3),
  ('060503','0605','柳河',3),
  ('060504','0605','辉南',3),
  ('060505','0605','集安',3),
  ('060506','0605','通化县',3),
  ('0606','06','白城',2),
  ('060601','0606','白城',3),
  ('060602','0606','洮南',3),
  ('060603','0606','大安',3),
  ('060604','0606','镇赉',3),
  ('060605','0606','通榆',3),
  ('0607','06','辽源',2),
  ('060701','0607','辽源',3),
  ('060702','0607','东丰',3),
  ('060703','0607','东辽',3),
  ('0608','06','松原',2),
  ('060801','0608','松原',3),
  ('060802','0608','乾安',3),
  ('060803','0608','前郭',3),
  ('060804','0608','长岭',3),
  ('060805','0608','扶余',3),
  ('0609','06','白山',2),
  ('060901','0609','白山',3),
  ('060902','0609','靖宇',3),
  ('060903','0609','临江',3),
  ('060904','0609','东岗',3),
  ('060905','0609','长白',3),
  ('060906','0609','抚松',3),
  ('060907','0609','江源',3),
  ('07','','辽宁',1),
  ('0701','07','沈阳',2),
  ('070101','0701','沈阳',3),
  ('070102','0701','辽中',3),
  ('070103','0701','康平',3),
  ('070104','0701','法库',3),
  ('070105','0701','新民',3),
  ('0702','07','大连',2),
  ('070201','0702','大连',3),
  ('070202','0702','瓦房店',3),
  ('070203','0702','金州',3),
  ('070204','0702','普兰店',3),
  ('070205','0702','旅顺',3),
  ('070206','0702','长海',3),
  ('070207','0702','庄河',3),
  ('0703','07','鞍山',2),
  ('070301','0703','鞍山',3),
  ('070302','0703','台安',3),
  ('070303','0703','岫岩',3),
  ('070304','0703','海城',3),
  ('0704','07','抚顺',2),
  ('070401','0704','抚顺',3),
  ('070402','0704','新宾',3),
  ('070403','0704','清原',3),
  ('070404','0704','章党',3),
  ('0705','07','本溪',2),
  ('070501','0705','本溪',3),
  ('070502','0705','本溪县',3),
  ('070503','0705','桓仁',3),
  ('0706','07','丹东',2),
  ('070601','0706','丹东',3),
  ('070602','0706','凤城',3),
  ('070603','0706','宽甸',3),
  ('070604','0706','东港',3),
  ('0707','07','锦州',2),
  ('070701','0707','锦州',3),
  ('070702','0707','凌海',3),
  ('070703','0707','义县',3),
  ('070704','0707','黑山',3),
  ('070705','0707','北镇',3),
  ('0708','07','营口',2),
  ('070801','0708','营口',3),
  ('070802','0708','大石桥',3),
  ('070803','0708','盖州',3),
  ('0709','07','阜新',2),
  ('070901','0709','阜新',3),
  ('070902','0709','彰武',3),
  ('0710','07','辽阳',2),
  ('071001','0710','辽阳',3),
  ('071002','0710','辽阳县',3),
  ('071003','0710','灯塔',3),
  ('071004','0710','弓长岭',3),
  ('0711','07','铁岭',2),
  ('071101','0711','铁岭',3),
  ('071102','0711','开原',3),
  ('071103','0711','昌图',3),
  ('071104','0711','西丰',3),
  ('071105','0711','调兵山',3),
  ('0712','07','朝阳',2),
  ('071201','0712','朝阳',3),
  ('071202','0712','凌源',3),
  ('071203','0712','喀左',3),
  ('071204','0712','北票',3),
  ('071205','0712','建平县',3),
  ('0713','07','盘锦',2),
  ('071301','0713','盘锦',3),
  ('071302','0713','大洼',3),
  ('071303','0713','盘山',3),
  ('0714','07','葫芦岛',2),
  ('071401','0714','葫芦岛',3),
  ('071402','0714','建昌',3),
  ('071403','0714','绥中',3),
  ('071404','0714','兴城',3),
  ('08','','内蒙古',1),
  ('0801','08','呼和浩特',2),
  ('080101','0801','呼和浩特',3),
  ('080102','0801','土左旗',3),
  ('080103','0801','托县',3),
  ('080104','0801','和林',3),
  ('080105','0801','清水河',3),
  ('080106','0801','呼市郊区',3),
  ('080107','0801','武川',3),
  ('0802','08','包头',2),
  ('080201','0802','包头',3),
  ('080202','0802','白云鄂博',3),
  ('080203','0802','满都拉',3),
  ('080204','0802','土右旗',3),
  ('080205','0802','固阳',3),
  ('080206','0802','达茂旗',3),
  ('080207','0802','希拉穆仁',3),
  ('0803','08','乌海',2),
  ('080301','0803','乌海',3),
  ('0804','08','乌兰察布',2),
  ('080401','0804','集宁',3),
  ('080402','0804','卓资',3),
  ('080403','0804','化德',3),
  ('080404','0804','商都',3),
  ('080405','0804','兴和',3),
  ('080406','0804','凉城',3),
  ('080407','0804','察右前旗',3),
  ('080408','0804','察右中旗',3),
  ('080409','0804','察右后旗',3),
  ('080410','0804','四子王旗',3),
  ('080411','0804','丰镇',3),
  ('0805','08','通辽',2),
  ('080501','0805','通辽',3),
  ('080502','0805','舍伯吐',3),
  ('080503','0805','科左中旗',3),
  ('080504','0805','科左后旗',3),
  ('080505','0805','青龙山',3),
  ('080506','0805','开鲁',3),
  ('080507','0805','库伦',3),
  ('080508','0805','奈曼',3),
  ('080509','0805','扎鲁特',3),
  ('080510','0805','巴雅尔吐胡硕',3),
  ('080511','0805','霍林郭勒',3),
  ('0806','08','赤峰',2),
  ('080601','0806','赤峰',3),
  ('080602','0806','阿鲁旗',3),
  ('080603','0806','浩尔吐',3),
  ('080604','0806','巴林左旗',3),
  ('080605','0806','巴林右旗',3),
  ('080606','0806','林西',3),
  ('080607','0806','克什克腾',3),
  ('080608','0806','翁牛特',3),
  ('080609','0806','岗子',3),
  ('080610','0806','喀喇沁',3),
  ('080611','0806','八里罕',3),
  ('080612','0806','宁城',3),
  ('080613','0806','敖汉',3),
  ('080614','0806','宝国吐',3),
  ('0807','08','鄂尔多斯',2),
  ('080701','0807','鄂尔多斯',3),
  ('080702','0807','达拉特',3),
  ('080703','0807','准格尔',3),
  ('080704','0807','鄂前旗',3),
  ('080705','0807','河南',3),
  ('080706','0807','伊克乌素',3),
  ('080707','0807','鄂托克',3),
  ('080708','0807','杭锦旗',3),
  ('080709','0807','乌审旗',3),
  ('080710','0807','伊金霍洛',3),
  ('080711','0807','乌审召',3),
  ('080712','0807','东胜',3),
  ('0808','08','巴彦淖尔',2),
  ('080801','0808','临河',3),
  ('080802','0808','五原',3),
  ('080803','0808','磴口',3),
  ('080804','0808','乌前旗',3),
  ('080805','0808','大佘太',3),
  ('080806','0808','乌中旗',3),
  ('080807','0808','乌后旗',3),
  ('080808','0808','海力素',3),
  ('080809','0808','那仁宝力格',3),
  ('080810','0808','杭锦后旗',3),
  ('0809','08','锡林郭勒',2),
  ('080901','0809','锡林浩特',3),
  ('080902','0809','二连浩特',3),
  ('080903','0809','阿巴嘎',3),
  ('080904','0809','苏左旗',3),
  ('080905','0809','苏右旗',3),
  ('080906','0809','朱日和',3),
  ('080907','0809','东乌旗',3),
  ('080908','0809','西乌旗',3),
  ('080909','0809','太仆寺',3),
  ('080910','0809','镶黄旗',3),
  ('080911','0809','正镶白旗',3),
  ('080912','0809','正蓝旗',3),
  ('080913','0809','多伦',3),
  ('080914','0809','博克图',3),
  ('080915','0809','乌拉盖',3),
  ('0810','08','呼伦贝尔',2),
  ('081001','0810','呼伦贝尔',3),
  ('081002','0810','海拉尔',3),
  ('081003','0810','小二沟',3),
  ('081004','0810','阿荣旗',3),
  ('081005','0810','莫力达瓦',3),
  ('081006','0810','鄂伦春旗',3),
  ('081007','0810','鄂温克旗',3),
  ('081008','0810','陈旗',3),
  ('081009','0810','新左旗',3),
  ('081010','0810','新右旗',3),
  ('081011','0810','满洲里',3),
  ('081012','0810','牙克石',3),
  ('081013','0810','扎兰屯',3),
  ('081014','0810','额尔古纳',3),
  ('081015','0810','根河',3),
  ('081016','0810','图里河',3),
  ('0811','08','兴安盟',2),
  ('081101','0811','高力板',3),
  ('081102','0811','乌兰浩特',3),
  ('081103','0811','阿尔山',3),
  ('081104','0811','科右中旗',3),
  ('081105','0811','胡尔勒',3),
  ('081106','0811','扎赉特',3),
  ('081107','0811','索伦',3),
  ('081108','0811','突泉',3),
  ('081109','0811','科右前旗',3),
  ('0812','08','阿拉善盟',2),
  ('081201','0812','阿左旗',3),
  ('081202','0812','阿右旗',3),
  ('081203','0812','额济纳',3),
  ('081204','0812','拐子湖',3),
  ('081205','0812','吉兰太',3),
  ('081206','0812','锡林高勒',3),
  ('081207','0812','头道湖',3),
  ('081208','0812','中泉子',3),
  ('081209','0812','诺尔公',3),
  ('081210','0812','雅布赖',3),
  ('081211','0812','乌斯泰',3),
  ('081212','0812','孪井滩',3),
  ('09','','河北',1),
  ('0901','09','石家庄',2),
  ('090101','0901','石家庄',3),
  ('090102','0901','井陉',3),
  ('090103','0901','正定',3),
  ('090104','0901','栾城',3),
  ('090105','0901','行唐',3),
  ('090106','0901','灵寿',3),
  ('090107','0901','高邑',3),
  ('090108','0901','深泽',3),
  ('090109','0901','赞皇',3),
  ('090110','0901','无极',3),
  ('090111','0901','平山',3),
  ('090112','0901','元氏',3),
  ('090113','0901','赵县',3),
  ('090114','0901','辛集',3),
  ('090115','0901','藁城',3),
  ('090116','0901','晋州',3),
  ('090117','0901','新乐',3),
  ('090118','0901','鹿泉',3),
  ('0902','09','保定',2),
  ('090201','0902','保定',3),
  ('090202','0902','满城',3),
  ('090203','0902','阜平',3),
  ('090204','0902','徐水',3),
  ('090205','0902','唐县',3),
  ('090206','0902','高阳',3),
  ('090207','0902','容城',3),
  ('090208','0902','涞源',3),
  ('090209','0902','望都',3),
  ('090210','0902','安新',3),
  ('090211','0902','易县',3),
  ('090212','0902','曲阳',3),
  ('090213','0902','蠡县',3),
  ('090214','0902','顺平',3),
  ('090215','0902','雄县',3),
  ('090216','0902','涿州',3),
  ('090217','0902','定州',3),
  ('090218','0902','安国',3),
  ('090219','0902','高碑店',3),
  ('090220','0902','涞水',3),
  ('090221','0902','定兴',3),
  ('090222','0902','清苑',3),
  ('090223','0902','博野',3),
  ('0903','09','张家口',2),
  ('090301','0903','张家口',3),
  ('090302','0903','宣化',3),
  ('090303','0903','张北',3);

COMMIT;

#
# Data for the `area` table  (LIMIT 500,500)
#

INSERT INTO `area` (`area_code`, `parent_code`, `area_name`, `area_level`) VALUES 
  ('090304','0903','康保',3),
  ('090305','0903','沽源',3),
  ('090306','0903','尚义',3),
  ('090307','0903','蔚县',3),
  ('090308','0903','阳原',3),
  ('090309','0903','怀安',3),
  ('090310','0903','万全',3),
  ('090311','0903','怀来',3),
  ('090312','0903','涿鹿',3),
  ('090313','0903','赤城',3),
  ('090314','0903','崇礼',3),
  ('0904','09','承德',2),
  ('090401','0904','承德',3),
  ('090402','0904','承德县',3),
  ('090403','0904','兴隆',3),
  ('090404','0904','平泉',3),
  ('090405','0904','滦平',3),
  ('090406','0904','隆化',3),
  ('090407','0904','丰宁',3),
  ('090408','0904','宽城',3),
  ('090409','0904','围场',3),
  ('0905','09','唐山',2),
  ('090501','0905','唐山',3),
  ('090502','0905','丰南',3),
  ('090503','0905','丰润',3),
  ('090504','0905','滦县',3),
  ('090505','0905','滦南',3),
  ('090506','0905','乐亭',3),
  ('090507','0905','迁西',3),
  ('090508','0905','玉田',3),
  ('090509','0905','唐海',3),
  ('090510','0905','遵化',3),
  ('090511','0905','迁安',3),
  ('090512','0905','曹妃甸',3),
  ('0906','09','廊坊',2),
  ('090601','0906','廊坊',3),
  ('090602','0906','固安',3),
  ('090603','0906','永清',3),
  ('090604','0906','香河',3),
  ('090605','0906','大城',3),
  ('090606','0906','文安',3),
  ('090607','0906','大厂',3),
  ('090608','0906','霸州',3),
  ('090609','0906','三河',3),
  ('0907','09','沧州',2),
  ('090701','0907','沧州',3),
  ('090702','0907','青县',3),
  ('090703','0907','东光',3),
  ('090704','0907','海兴',3),
  ('090705','0907','盐山',3),
  ('090706','0907','肃宁',3),
  ('090707','0907','南皮',3),
  ('090708','0907','吴桥',3),
  ('090709','0907','献县',3),
  ('090710','0907','孟村',3),
  ('090711','0907','泊头',3),
  ('090712','0907','任丘',3),
  ('090713','0907','黄骅',3),
  ('090714','0907','河间',3),
  ('090715','0907','沧县',3),
  ('0908','09','衡水',2),
  ('090801','0908','衡水',3),
  ('090802','0908','枣强',3),
  ('090803','0908','武邑',3),
  ('090804','0908','武强',3),
  ('090805','0908','饶阳',3),
  ('090806','0908','安平',3),
  ('090807','0908','故城',3),
  ('090808','0908','景县',3),
  ('090809','0908','阜城',3),
  ('090810','0908','冀州',3),
  ('090811','0908','深州',3),
  ('0909','09','邢台',2),
  ('090901','0909','邢台',3),
  ('090902','0909','临城',3),
  ('090903','0909','内丘',3),
  ('090904','0909','柏乡',3),
  ('090905','0909','隆尧',3),
  ('090906','0909','南和',3),
  ('090907','0909','宁晋',3),
  ('090908','0909','巨鹿',3),
  ('090909','0909','新河',3),
  ('090910','0909','广宗',3),
  ('090911','0909','平乡',3),
  ('090912','0909','威县',3),
  ('090913','0909','清河',3),
  ('090914','0909','临西',3),
  ('090915','0909','南宫',3),
  ('090916','0909','沙河',3),
  ('090917','0909','任县',3),
  ('0910','09','邯郸',2),
  ('091001','0910','邯郸',3),
  ('091002','0910','峰峰',3),
  ('091003','0910','临漳',3),
  ('091004','0910','成安',3),
  ('091005','0910','大名',3),
  ('091006','0910','涉县',3),
  ('091007','0910','磁县',3),
  ('091008','0910','肥乡',3),
  ('091009','0910','永年',3),
  ('091010','0910','邱县',3),
  ('091011','0910','鸡泽',3),
  ('091012','0910','广平',3),
  ('091013','0910','馆陶',3),
  ('091014','0910','魏县',3),
  ('091015','0910','曲周',3),
  ('091016','0910','武安',3),
  ('0911','09','秦皇岛',2),
  ('091101','0911','秦皇岛',3),
  ('091102','0911','青龙',3),
  ('091103','0911','昌黎',3),
  ('091104','0911','抚宁',3),
  ('091105','0911','卢龙',3),
  ('091106','0911','北戴河',3),
  ('10','','山西',1),
  ('1001','10','太原',2),
  ('100101','1001','太原',3),
  ('100102','1001','清徐',3),
  ('100103','1001','阳曲',3),
  ('100104','1001','娄烦',3),
  ('100105','1001','古交',3),
  ('100106','1001','尖草坪区',3),
  ('100107','1001','小店区',3),
  ('1002','10','大同',2),
  ('100201','1002','大同',3),
  ('100202','1002','阳高',3),
  ('100203','1002','大同县',3),
  ('100204','1002','天镇',3),
  ('100205','1002','广灵',3),
  ('100206','1002','灵丘',3),
  ('100207','1002','浑源',3),
  ('100208','1002','左云',3),
  ('1003','10','阳泉',2),
  ('100301','1003','阳泉',3),
  ('100302','1003','盂县',3),
  ('100303','1003','平定',3),
  ('1004','10','晋中',2),
  ('100401','1004','晋中',3),
  ('100402','1004','榆次',3),
  ('100403','1004','榆社',3),
  ('100404','1004','左权',3),
  ('100405','1004','和顺',3),
  ('100406','1004','昔阳',3),
  ('100407','1004','寿阳',3),
  ('100408','1004','太谷',3),
  ('100409','1004','祁县',3),
  ('100410','1004','平遥',3),
  ('100411','1004','灵石',3),
  ('100412','1004','介休',3),
  ('1005','10','长治',2),
  ('100501','1005','长治',3),
  ('100502','1005','黎城',3),
  ('100503','1005','屯留',3),
  ('100504','1005','潞城',3),
  ('100505','1005','襄垣',3),
  ('100506','1005','平顺',3),
  ('100507','1005','武乡',3),
  ('100508','1005','沁县',3),
  ('100509','1005','长子',3),
  ('100510','1005','沁源',3),
  ('100511','1005','壶关',3),
  ('1006','10','晋城',2),
  ('100601','1006','晋城',3),
  ('100602','1006','沁水',3),
  ('100603','1006','阳城',3),
  ('100604','1006','陵川',3),
  ('100605','1006','高平',3),
  ('100606','1006','泽州',3),
  ('1007','10','临汾',2),
  ('100701','1007','临汾',3),
  ('100702','1007','曲沃',3),
  ('100703','1007','永和',3),
  ('100704','1007','隰县',3),
  ('100705','1007','大宁',3),
  ('100706','1007','吉县',3),
  ('100707','1007','襄汾',3),
  ('100708','1007','蒲县',3),
  ('100709','1007','汾西',3),
  ('100710','1007','洪洞',3),
  ('100711','1007','霍州',3),
  ('100712','1007','乡宁',3),
  ('100713','1007','翼城',3),
  ('100714','1007','侯马',3),
  ('100715','1007','浮山',3),
  ('100716','1007','安泽',3),
  ('100717','1007','古县',3),
  ('1008','10','运城',2),
  ('100801','1008','运城',3),
  ('100802','1008','临猗',3),
  ('100803','1008','稷山',3),
  ('100804','1008','万荣',3),
  ('100805','1008','河津',3),
  ('100806','1008','新绛',3),
  ('100807','1008','绛县',3),
  ('100808','1008','闻喜',3),
  ('100809','1008','垣曲',3),
  ('100810','1008','永济',3),
  ('100811','1008','芮城',3),
  ('100812','1008','夏县',3),
  ('100813','1008','平陆',3),
  ('1009','10','朔州',2),
  ('100901','1009','朔州',3),
  ('100902','1009','平鲁',3),
  ('100903','1009','山阴',3),
  ('100904','1009','右玉',3),
  ('100905','1009','应县',3),
  ('100906','1009','怀仁',3),
  ('1010','10','忻州',2),
  ('101001','1010','忻州',3),
  ('101002','1010','定襄',3),
  ('101003','1010','五台县',3),
  ('101004','1010','河曲',3),
  ('101005','1010','偏关',3),
  ('101006','1010','神池',3),
  ('101007','1010','宁武',3),
  ('101008','1010','代县',3),
  ('101009','1010','繁峙',3),
  ('101010','1010','五台山',3),
  ('101011','1010','保德',3),
  ('101012','1010','静乐',3),
  ('101013','1010','岢岚',3),
  ('101014','1010','五寨',3),
  ('101015','1010','原平',3),
  ('1011','10','吕梁',2),
  ('101101','1011','吕梁',3),
  ('101102','1011','离石',3),
  ('101103','1011','临县',3),
  ('101104','1011','兴县',3),
  ('101105','1011','岚县',3),
  ('101106','1011','柳林',3),
  ('101107','1011','石楼',3),
  ('101108','1011','方山',3),
  ('101109','1011','交口',3),
  ('101110','1011','中阳',3),
  ('101111','1011','孝义',3),
  ('101112','1011','汾阳',3),
  ('101113','1011','文水',3),
  ('101114','1011','交城',3),
  ('11','','陕西',1),
  ('1101','11','西安',2),
  ('110101','1101','西安',3),
  ('110102','1101','长安',3),
  ('110103','1101','临潼',3),
  ('110104','1101','蓝田',3),
  ('110105','1101','周至',3),
  ('110106','1101','户县',3),
  ('110107','1101','高陵',3),
  ('1102','11','咸阳',2),
  ('110201','1102','咸阳',3),
  ('110202','1102','三原',3),
  ('110203','1102','礼泉',3),
  ('110204','1102','永寿',3),
  ('110205','1102','淳化',3),
  ('110206','1102','泾阳',3),
  ('110207','1102','武功',3),
  ('110208','1102','乾县',3),
  ('110209','1102','彬县',3),
  ('110210','1102','长武',3),
  ('110211','1102','旬邑',3),
  ('110212','1102','兴平',3),
  ('1103','11','延安',2),
  ('110301','1103','延安',3),
  ('110302','1103','延长',3),
  ('110303','1103','延川',3),
  ('110304','1103','子长',3),
  ('110305','1103','宜川',3),
  ('110306','1103','富县',3),
  ('110307','1103','志丹',3),
  ('110308','1103','安塞',3),
  ('110309','1103','甘泉',3),
  ('110310','1103','洛川',3),
  ('110311','1103','黄陵',3),
  ('110312','1103','黄龙',3),
  ('110313','1103','吴起',3),
  ('1104','11','榆林',2),
  ('110401','1104','榆林',3),
  ('110402','1104','府谷',3),
  ('110403','1104','神木',3),
  ('110404','1104','佳县',3),
  ('110405','1104','定边',3),
  ('110406','1104','靖边',3),
  ('110407','1104','横山',3),
  ('110408','1104','米脂',3),
  ('110409','1104','子洲',3),
  ('110410','1104','绥德',3),
  ('110411','1104','吴堡',3),
  ('110412','1104','清涧',3),
  ('110413','1104','榆阳',3),
  ('1105','11','渭南',2),
  ('110501','1105','渭南',3),
  ('110502','1105','华县',3),
  ('110503','1105','潼关',3),
  ('110504','1105','大荔',3),
  ('110505','1105','白水',3),
  ('110506','1105','富平',3),
  ('110507','1105','蒲城',3),
  ('110508','1105','澄城',3),
  ('110509','1105','合阳',3),
  ('110510','1105','韩城',3),
  ('110511','1105','华阴',3),
  ('1106','11','商洛',2),
  ('110601','1106','商洛',3),
  ('110602','1106','洛南',3),
  ('110603','1106','柞水',3),
  ('110604','1106','商州',3),
  ('110605','1106','镇安',3),
  ('110606','1106','丹凤',3),
  ('110607','1106','商南',3),
  ('110608','1106','山阳',3),
  ('1107','11','安康',2),
  ('110701','1107','安康',3),
  ('110702','1107','紫阳',3),
  ('110703','1107','石泉',3),
  ('110704','1107','汉阴',3),
  ('110705','1107','旬阳',3),
  ('110706','1107','岚皋',3),
  ('110707','1107','平利',3),
  ('110708','1107','白河',3),
  ('110709','1107','镇坪',3),
  ('110710','1107','宁陕',3),
  ('1108','11','汉中',2),
  ('110801','1108','汉中',3),
  ('110802','1108','略阳',3),
  ('110803','1108','勉县',3),
  ('110804','1108','留坝',3),
  ('110805','1108','洋县',3),
  ('110806','1108','城固',3),
  ('110807','1108','西乡',3),
  ('110808','1108','佛坪',3),
  ('110809','1108','宁强',3),
  ('110810','1108','南郑',3),
  ('110811','1108','镇巴',3),
  ('1109','11','宝鸡',2),
  ('110901','1109','宝鸡',3),
  ('110902','1109','千阳',3),
  ('110903','1109','麟游',3),
  ('110904','1109','岐山',3),
  ('110905','1109','凤翔',3),
  ('110906','1109','扶风',3),
  ('110907','1109','眉县',3),
  ('110908','1109','太白',3),
  ('110909','1109','凤县',3),
  ('110910','1109','陇县',3),
  ('110911','1109','陈仓',3),
  ('1110','11','铜川',2),
  ('111001','1110','铜川',3),
  ('111002','1110','耀县',3),
  ('111003','1110','宜君',3),
  ('111004','1110','耀州',3),
  ('1111','11','杨凌',2),
  ('111101','1111','杨凌',3),
  ('12','','山东',1),
  ('1201','12','济南',2),
  ('120101','1201','济南',3),
  ('120102','1201','长清',3),
  ('120103','1201','商河',3),
  ('120104','1201','章丘',3),
  ('120105','1201','平阴',3),
  ('120106','1201','济阳',3),
  ('1202','12','青岛',2),
  ('120201','1202','青岛',3),
  ('120202','1202','崂山',3),
  ('120203','1202','即墨',3),
  ('120204','1202','胶州',3),
  ('120205','1202','胶南',3),
  ('120206','1202','莱西',3),
  ('120207','1202','平度',3),
  ('1203','12','淄博',2),
  ('120301','1203','淄博',3),
  ('120302','1203','淄川',3),
  ('120303','1203','博山',3),
  ('120304','1203','高青',3),
  ('120305','1203','周村',3),
  ('120306','1203','沂源',3),
  ('120307','1203','桓台',3),
  ('120308','1203','临淄',3),
  ('1204','12','德州',2),
  ('120401','1204','德州',3),
  ('120402','1204','武城',3),
  ('120403','1204','临邑',3),
  ('120404','1204','陵县',3),
  ('120405','1204','齐河',3),
  ('120406','1204','乐陵',3),
  ('120407','1204','庆云',3),
  ('120408','1204','平原',3),
  ('120409','1204','宁津',3),
  ('120410','1204','夏津',3),
  ('120411','1204','禹城',3),
  ('1205','12','烟台',2),
  ('120501','1205','烟台',3),
  ('120502','1205','莱州',3),
  ('120503','1205','长岛',3),
  ('120504','1205','蓬莱',3),
  ('120505','1205','龙口',3),
  ('120506','1205','招远',3),
  ('120507','1205','栖霞',3),
  ('120508','1205','福山',3),
  ('120509','1205','牟平',3),
  ('120510','1205','莱阳',3),
  ('120511','1205','海阳',3),
  ('1206','12','潍坊',2),
  ('120601','1206','潍坊',3),
  ('120602','1206','青州',3),
  ('120603','1206','寿光',3),
  ('120604','1206','临朐',3),
  ('120605','1206','昌乐',3),
  ('120606','1206','昌邑',3),
  ('120607','1206','安丘',3),
  ('120608','1206','高密',3),
  ('120609','1206','诸城',3),
  ('1207','12','济宁',2),
  ('120701','1207','济宁',3),
  ('120702','1207','嘉祥',3),
  ('120703','1207','微山',3),
  ('120704','1207','鱼台',3),
  ('120705','1207','兖州',3),
  ('120706','1207','金乡',3),
  ('120707','1207','汶上',3),
  ('120708','1207','泗水',3),
  ('120709','1207','梁山',3),
  ('120710','1207','曲阜',3),
  ('120711','1207','邹城',3),
  ('1208','12','泰安',2),
  ('120801','1208','泰安',3),
  ('120802','1208','新泰',3),
  ('120803','1208','肥城',3),
  ('120804','1208','东平',3),
  ('120805','1208','宁阳',3),
  ('1209','12','临沂',2),
  ('120901','1209','临沂',3),
  ('120902','1209','莒南',3),
  ('120903','1209','沂南',3),
  ('120904','1209','苍山',3),
  ('120905','1209','临沭',3),
  ('120906','1209','郯城',3),
  ('120907','1209','蒙阴',3),
  ('120908','1209','平邑',3),
  ('120909','1209','费县',3),
  ('120910','1209','沂水',3),
  ('1210','12','菏泽',2),
  ('121001','1210','菏泽',3),
  ('121002','1210','鄄城',3),
  ('121003','1210','郓城',3),
  ('121004','1210','东明',3),
  ('121005','1210','定陶',3),
  ('121006','1210','巨野',3),
  ('121007','1210','曹县',3),
  ('121008','1210','成武',3),
  ('121009','1210','单县',3),
  ('1211','12','滨州',2),
  ('121101','1211','滨州',3),
  ('121102','1211','博兴',3),
  ('121103','1211','无棣',3),
  ('121104','1211','阳信',3),
  ('121105','1211','惠民',3),
  ('121106','1211','沾化',3),
  ('121107','1211','邹平',3),
  ('1212','12','东营',2),
  ('121201','1212','东营',3),
  ('121202','1212','河口',3),
  ('121203','1212','垦利',3),
  ('121204','1212','利津',3),
  ('121205','1212','广饶',3),
  ('1213','12','威海',2),
  ('121301','1213','威海',3),
  ('121302','1213','文登',3),
  ('121303','1213','荣成',3),
  ('121304','1213','乳山',3),
  ('121305','1213','成山头',3),
  ('121306','1213','石岛',3),
  ('1214','12','枣庄',2),
  ('121401','1214','枣庄',3),
  ('121402','1214','薛城',3),
  ('121403','1214','峄城',3),
  ('121404','1214','台儿庄',3),
  ('121405','1214','滕州',3),
  ('1215','12','日照',2),
  ('121501','1215','日照',3),
  ('121502','1215','五莲',3),
  ('121503','1215','莒县',3),
  ('1216','12','莱芜',2),
  ('121601','1216','莱芜',3),
  ('1217','12','聊城',2),
  ('121701','1217','聊城',3),
  ('121702','1217','冠县',3),
  ('121703','1217','阳谷',3),
  ('121704','1217','高唐',3),
  ('121705','1217','茌平',3),
  ('121706','1217','东阿',3),
  ('121707','1217','临清',3),
  ('121708','1217','莘县',3),
  ('13','','新疆',1),
  ('1301','13','乌鲁木齐',2),
  ('130101','1301','乌鲁木齐',3),
  ('130102','1301','小渠子',3),
  ('130103','1301','达坂城',3),
  ('130104','1301','乌鲁木齐牧试站',3),
  ('130105','1301','天池',3),
  ('130106','1301','白杨沟',3),
  ('1302','13','克拉玛依',2);

COMMIT;

#
# Data for the `area` table  (LIMIT 1000,500)
#

INSERT INTO `area` (`area_code`, `parent_code`, `area_name`, `area_level`) VALUES 
  ('130201','1302','克拉玛依',3),
  ('130202','1302','乌尔禾',3),
  ('130203','1302','白碱滩',3),
  ('1303','13','石河子',2),
  ('130301','1303','石河子',3),
  ('130302','1303','炮台',3),
  ('130303','1303','莫索湾',3),
  ('1304','13','昌吉',2),
  ('130401','1304','昌吉',3),
  ('130402','1304','呼图壁',3),
  ('130403','1304','米泉',3),
  ('130404','1304','阜康',3),
  ('130405','1304','吉木萨尔',3),
  ('130406','1304','奇台',3),
  ('130407','1304','玛纳斯',3),
  ('130408','1304','木垒',3),
  ('130409','1304','蔡家湖',3),
  ('1305','13','吐鲁番',2),
  ('130501','1305','吐鲁番',3),
  ('130502','1305','托克逊',3),
  ('130503','1305','鄯善',3),
  ('1306','13','巴音郭楞',2),
  ('130601','1306','库尔勒',3),
  ('130602','1306','轮台',3),
  ('130603','1306','尉犁',3),
  ('130604','1306','若羌',3),
  ('130605','1306','且末',3),
  ('130606','1306','和静',3),
  ('130607','1306','焉耆',3),
  ('130608','1306','和硕',3),
  ('130609','1306','巴音布鲁克',3),
  ('130610','1306','铁干里克',3),
  ('130611','1306','博湖',3),
  ('130612','1306','塔中',3),
  ('130613','1306','巴仑台',3),
  ('1307','13','阿拉尔',2),
  ('130701','1307','阿拉尔',3),
  ('1308','13','阿克苏',2),
  ('130801','1308','阿克苏',3),
  ('130802','1308','乌什',3),
  ('130803','1308','温宿',3),
  ('130804','1308','拜城',3),
  ('130805','1308','新和',3),
  ('130806','1308','沙雅',3),
  ('130807','1308','库车',3),
  ('130808','1308','柯坪',3),
  ('130809','1308','阿瓦提',3),
  ('1309','13','喀什',2),
  ('130901','1309','喀什',3),
  ('130902','1309','英吉沙',3),
  ('130903','1309','塔什库尔干',3),
  ('130904','1309','麦盖提',3),
  ('130905','1309','莎车',3),
  ('130906','1309','叶城',3),
  ('130907','1309','泽普',3),
  ('130908','1309','巴楚',3),
  ('130909','1309','岳普湖',3),
  ('130910','1309','伽师',3),
  ('130911','1309','疏附',3),
  ('130912','1309','疏勒',3),
  ('1310','13','伊犁',2),
  ('131001','1310','伊宁',3),
  ('131002','1310','察布查尔',3),
  ('131003','1310','尼勒克',3),
  ('131004','1310','伊宁县',3),
  ('131005','1310','巩留',3),
  ('131006','1310','新源',3),
  ('131007','1310','昭苏',3),
  ('131008','1310','特克斯',3),
  ('131009','1310','霍城',3),
  ('131010','1310','霍尔果斯',3),
  ('131011','1310','奎屯',3),
  ('1311','13','塔城',2),
  ('131101','1311','塔城',3),
  ('131102','1311','裕民',3),
  ('131103','1311','额敏',3),
  ('131104','1311','和布克赛尔',3),
  ('131105','1311','托里',3),
  ('131106','1311','乌苏',3),
  ('131107','1311','沙湾',3),
  ('1312','13','哈密',2),
  ('131201','1312','哈密',3),
  ('131202','1312','巴里坤',3),
  ('131203','1312','伊吾',3),
  ('1313','13','和田',2),
  ('131301','1313','和田',3),
  ('131302','1313','皮山',3),
  ('131303','1313','策勒',3),
  ('131304','1313','墨玉',3),
  ('131305','1313','洛浦',3),
  ('131306','1313','民丰',3),
  ('131307','1313','于田',3),
  ('1314','13','阿勒泰',2),
  ('131401','1314','阿勒泰',3),
  ('131402','1314','哈巴河',3),
  ('131403','1314','吉木乃',3),
  ('131404','1314','布尔津',3),
  ('131405','1314','福海',3),
  ('131406','1314','富蕴',3),
  ('131407','1314','青河',3),
  ('1315','13','克州',2),
  ('131501','1315','阿图什',3),
  ('131502','1315','乌恰',3),
  ('131503','1315','阿克陶',3),
  ('131504','1315','阿合奇',3),
  ('1316','13','博尔塔拉',2),
  ('131601','1316','博乐',3),
  ('131602','1316','温泉',3),
  ('131603','1316','精河',3),
  ('131604','1316','阿拉山口',3),
  ('14','','西藏',1),
  ('1401','14','拉萨',2),
  ('140101','1401','拉萨',3),
  ('140102','1401','当雄',3),
  ('140103','1401','尼木',3),
  ('140104','1401','林周',3),
  ('140105','1401','堆龙德庆',3),
  ('140106','1401','曲水',3),
  ('140107','1401','达孜',3),
  ('140108','1401','墨竹工卡',3),
  ('1402','14','日喀则',2),
  ('140201','1402','日喀则',3),
  ('140202','1402','拉孜',3),
  ('140203','1402','南木林',3),
  ('140204','1402','聂拉木',3),
  ('140205','1402','定日',3),
  ('140206','1402','江孜',3),
  ('140207','1402','帕里',3),
  ('140208','1402','仲巴',3),
  ('140209','1402','萨嘎',3),
  ('140210','1402','吉隆',3),
  ('140211','1402','昂仁',3),
  ('140212','1402','定结',3),
  ('140213','1402','萨迦',3),
  ('140214','1402','谢通门',3),
  ('140215','1402','岗巴',3),
  ('140216','1402','白朗',3),
  ('140217','1402','亚东',3),
  ('140218','1402','康马',3),
  ('140219','1402','仁布',3),
  ('1403','14','山南',2),
  ('140301','1403','山南',3),
  ('140302','1403','贡嘎',3),
  ('140303','1403','扎囊',3),
  ('140304','1403','加查',3),
  ('140305','1403','浪卡子',3),
  ('140306','1403','错那',3),
  ('140307','1403','隆子',3),
  ('140308','1403','泽当',3),
  ('140309','1403','乃东',3),
  ('140310','1403','桑日',3),
  ('140311','1403','洛扎',3),
  ('140312','1403','措美',3),
  ('140313','1403','琼结',3),
  ('140314','1403','曲松',3),
  ('1404','14','林芝',2),
  ('140401','1404','林芝',3),
  ('140402','1404','波密',3),
  ('140403','1404','米林',3),
  ('140404','1404','察隅',3),
  ('140405','1404','工布江达',3),
  ('140406','1404','朗县',3),
  ('140407','1404','墨脱',3),
  ('1405','14','昌都',2),
  ('140501','1405','昌都',3),
  ('140502','1405','丁青',3),
  ('140503','1405','边坝',3),
  ('140504','1405','洛隆',3),
  ('140505','1405','左贡',3),
  ('140506','1405','芒康',3),
  ('140507','1405','类乌齐',3),
  ('140508','1405','八宿',3),
  ('140509','1405','江达',3),
  ('140510','1405','察雅',3),
  ('140511','1405','贡觉',3),
  ('1406','14','那曲',2),
  ('140601','1406','那曲',3),
  ('140602','1406','尼玛',3),
  ('140603','1406','嘉黎',3),
  ('140604','1406','班戈',3),
  ('140605','1406','安多',3),
  ('140606','1406','索县',3),
  ('140607','1406','聂荣',3),
  ('140608','1406','巴青',3),
  ('140609','1406','比如',3),
  ('140610','1406','双湖',3),
  ('1407','14','阿里',2),
  ('140701','1407','阿里',3),
  ('140702','1407','改则',3),
  ('140703','1407','申扎',3),
  ('140704','1407','狮泉河',3),
  ('140705','1407','普兰',3),
  ('140706','1407','札达',3),
  ('140707','1407','噶尔',3),
  ('140708','1407','日土',3),
  ('140709','1407','革吉',3),
  ('140710','1407','措勤',3),
  ('15','','青海',1),
  ('1501','15','西宁',2),
  ('150101','1501','西宁',3),
  ('150102','1501','大通',3),
  ('150103','1501','湟源',3),
  ('150104','1501','湟中',3),
  ('1502','15','海东',2),
  ('150201','1502','海东',3),
  ('150202','1502','乐都',3),
  ('150203','1502','民和',3),
  ('150204','1502','互助',3),
  ('150205','1502','化隆',3),
  ('150206','1502','循化',3),
  ('150207','1502','冷湖',3),
  ('150208','1502','平安',3),
  ('1503','15','黄南',2),
  ('150301','1503','黄南',3),
  ('150302','1503','尖扎',3),
  ('150303','1503','泽库',3),
  ('150304','1503','河南',3),
  ('150305','1503','同仁',3),
  ('1504','15','海南',2),
  ('150401','1504','海南',3),
  ('150402','1504','贵德',3),
  ('150403','1504','兴海',3),
  ('150404','1504','贵南',3),
  ('150405','1504','同德',3),
  ('150406','1504','共和',3),
  ('1505','15','果洛',2),
  ('150501','1505','果洛',3),
  ('150502','1505','班玛',3),
  ('150503','1505','甘德',3),
  ('150504','1505','达日',3),
  ('150505','1505','久治',3),
  ('150506','1505','玛多',3),
  ('150507','1505','多县',3),
  ('150508','1505','玛沁',3),
  ('1506','15','玉树',2),
  ('150601','1506','玉树',3),
  ('150602','1506','称多',3),
  ('150603','1506','治多',3),
  ('150604','1506','杂多',3),
  ('150605','1506','囊谦',3),
  ('150606','1506','曲麻莱',3),
  ('1507','15','海西',2),
  ('150701','1507','海西',3),
  ('150702','1507','天峻',3),
  ('150703','1507','乌兰',3),
  ('150704','1507','茫崖',3),
  ('150705','1507','大柴旦',3),
  ('150706','1507','德令哈',3),
  ('1508','15','海北',2),
  ('150801','1508','海北',3),
  ('150802','1508','门源',3),
  ('150803','1508','祁连',3),
  ('150804','1508','海晏',3),
  ('150805','1508','刚察',3),
  ('1509','15','格尔木',2),
  ('150901','1509','格尔木',3),
  ('150902','1509','都兰',3),
  ('16','','甘肃',1),
  ('1601','16','兰州',2),
  ('160101','1601','兰州',3),
  ('160102','1601','皋兰',3),
  ('160103','1601','永登',3),
  ('160104','1601','榆中',3),
  ('1602','16','定西',2),
  ('160201','1602','定西',3),
  ('160202','1602','通渭',3),
  ('160203','1602','陇西',3),
  ('160204','1602','渭源',3),
  ('160205','1602','临洮',3),
  ('160206','1602','漳县',3),
  ('160207','1602','岷县',3),
  ('160208','1602','安定',3),
  ('1603','16','平凉',2),
  ('160301','1603','平凉',3),
  ('160302','1603','泾川',3),
  ('160303','1603','灵台',3),
  ('160304','1603','崇信',3),
  ('160305','1603','华亭',3),
  ('160306','1603','庄浪',3),
  ('160307','1603','静宁',3),
  ('160308','1603','崆峒',3),
  ('1604','16','庆阳',2),
  ('160401','1604','庆阳',3),
  ('160402','1604','西峰',3),
  ('160403','1604','环县',3),
  ('160404','1604','华池',3),
  ('160405','1604','合水',3),
  ('160406','1604','正宁',3),
  ('160407','1604','宁县',3),
  ('160408','1604','镇原',3),
  ('160409','1604','庆城',3),
  ('1605','16','武威',2),
  ('160501','1605','武威',3),
  ('160502','1605','民勤',3),
  ('160503','1605','古浪',3),
  ('160504','1605','天祝',3),
  ('1606','16','金昌',2),
  ('160601','1606','金昌',3),
  ('160602','1606','永昌',3),
  ('1607','16','张掖',2),
  ('160701','1607','张掖',3),
  ('160702','1607','肃南',3),
  ('160703','1607','民乐',3),
  ('160704','1607','临泽',3),
  ('160705','1607','高台',3),
  ('160706','1607','山丹',3),
  ('1608','16','酒泉',2),
  ('160801','1608','酒泉',3),
  ('160802','1608','金塔',3),
  ('160803','1608','阿克塞',3),
  ('160804','1608','瓜州',3),
  ('160805','1608','肃北',3),
  ('160806','1608','玉门',3),
  ('160807','1608','敦煌',3),
  ('1609','16','天水',2),
  ('160901','1609','天水',3),
  ('160902','1609','清水',3),
  ('160903','1609','秦安',3),
  ('160904','1609','甘谷',3),
  ('160905','1609','武山',3),
  ('160906','1609','张家川',3),
  ('160907','1609','麦积',3),
  ('1610','16','陇南',2),
  ('161001','1610','武都',3),
  ('161002','1610','成县',3),
  ('161003','1610','文县',3),
  ('161004','1610','宕昌',3),
  ('161005','1610','康县',3),
  ('161006','1610','西和',3),
  ('161007','1610','礼县',3),
  ('161008','1610','徽县',3),
  ('161009','1610','两当',3),
  ('1611','16','临夏',2),
  ('161101','1611','临夏',3),
  ('161102','1611','康乐',3),
  ('161103','1611','永靖',3),
  ('161104','1611','广河',3),
  ('161105','1611','和政',3),
  ('161106','1611','东乡',3),
  ('161107','1611','积石山',3),
  ('1612','16','甘南',2),
  ('161201','1612','合作',3),
  ('161202','1612','临潭',3),
  ('161203','1612','卓尼',3),
  ('161204','1612','舟曲',3),
  ('161205','1612','迭部',3),
  ('161206','1612','玛曲',3),
  ('161207','1612','碌曲',3),
  ('161208','1612','夏河',3),
  ('1613','16','白银',2),
  ('161301','1613','白银',3),
  ('161302','1613','靖远',3),
  ('161303','1613','会宁',3),
  ('161304','1613','平川',3),
  ('161305','1613','景泰',3),
  ('1614','16','嘉峪关',2),
  ('161401','1614','嘉峪关',3),
  ('17','','宁夏',1),
  ('1701','17','银川',2),
  ('170101','1701','银川',3),
  ('170102','1701','永宁',3),
  ('170103','1701','灵武',3),
  ('170104','1701','贺兰',3),
  ('1702','17','石嘴山',2),
  ('170201','1702','石嘴山',3),
  ('170202','1702','惠农',3),
  ('170203','1702','平罗',3),
  ('170204','1702','陶乐',3),
  ('1703','17','吴忠',2),
  ('170301','1703','吴忠',3),
  ('170302','1703','同心',3),
  ('170303','1703','盐池',3),
  ('170304','1703','青铜峡',3),
  ('1704','17','固原',2),
  ('170401','1704','固原',3),
  ('170402','1704','西吉',3),
  ('170403','1704','隆德',3),
  ('170404','1704','泾源',3),
  ('170405','1704','彭阳',3),
  ('1705','17','中卫',2),
  ('170501','1705','中卫',3),
  ('170502','1705','中宁',3),
  ('170503','1705','海原',3),
  ('18','','河南',1),
  ('1801','18','郑州',2),
  ('180101','1801','郑州',3),
  ('180102','1801','巩义',3),
  ('180103','1801','荥阳',3),
  ('180104','1801','登封',3),
  ('180105','1801','新密',3),
  ('180106','1801','新郑',3),
  ('180107','1801','中牟',3),
  ('180108','1801','上街',3),
  ('1802','18','安阳',2),
  ('180201','1802','安阳',3),
  ('180202','1802','汤阴',3),
  ('180203','1802','滑县',3),
  ('180204','1802','内黄',3),
  ('180205','1802','林州',3),
  ('1803','18','新乡',2),
  ('180301','1803','新乡',3),
  ('180302','1803','获嘉',3),
  ('180303','1803','原阳',3),
  ('180304','1803','辉县',3),
  ('180305','1803','卫辉',3),
  ('180306','1803','延津',3),
  ('180307','1803','封丘',3),
  ('180308','1803','长垣',3),
  ('1804','18','许昌',2),
  ('180401','1804','许昌',3),
  ('180402','1804','鄢陵',3),
  ('180403','1804','襄城',3),
  ('180404','1804','长葛',3),
  ('180405','1804','禹州',3),
  ('1805','18','平顶山',2),
  ('180501','1805','平顶山',3),
  ('180502','1805','郏县',3),
  ('180503','1805','宝丰',3),
  ('180504','1805','汝州',3),
  ('180505','1805','叶县',3),
  ('180506','1805','舞钢',3),
  ('180507','1805','鲁山',3),
  ('180508','1805','石龙',3),
  ('1806','18','信阳',2),
  ('180601','1806','信阳',3),
  ('180602','1806','息县',3),
  ('180603','1806','罗山',3),
  ('180604','1806','光山',3),
  ('180605','1806','新县',3),
  ('180606','1806','淮滨',3),
  ('180607','1806','潢川',3),
  ('180608','1806','固始',3),
  ('180609','1806','商城',3),
  ('1807','18','南阳',2),
  ('180701','1807','南阳',3),
  ('180702','1807','南召',3),
  ('180703','1807','方城',3),
  ('180704','1807','社旗',3),
  ('180705','1807','西峡',3),
  ('180706','1807','内乡',3),
  ('180707','1807','镇平',3),
  ('180708','1807','淅川',3),
  ('180709','1807','新野',3),
  ('180710','1807','唐河',3),
  ('180711','1807','邓州',3),
  ('180712','1807','桐柏',3),
  ('1808','18','开封',2),
  ('180801','1808','开封',3),
  ('180802','1808','杞县',3),
  ('180803','1808','尉氏',3),
  ('180804','1808','通许',3),
  ('180805','1808','兰考',3),
  ('1809','18','洛阳',2),
  ('180901','1809','洛阳',3),
  ('180902','1809','新安',3),
  ('180903','1809','孟津',3),
  ('180904','1809','宜阳',3),
  ('180905','1809','洛宁',3),
  ('180906','1809','伊川',3),
  ('180907','1809','嵩县',3),
  ('180908','1809','偃师',3),
  ('180909','1809','栾川',3),
  ('180910','1809','汝阳',3),
  ('180911','1809','吉利',3),
  ('1810','18','商丘',2),
  ('181001','1810','商丘',3),
  ('181002','1810','睢县',3),
  ('181003','1810','民权',3),
  ('181004','1810','虞城',3),
  ('181005','1810','柘城',3),
  ('181006','1810','宁陵',3),
  ('181007','1810','夏邑',3),
  ('181008','1810','永城',3),
  ('1811','18','焦作',2),
  ('181101','1811','焦作',3),
  ('181102','1811','修武',3),
  ('181103','1811','武陟',3),
  ('181104','1811','沁阳',3),
  ('181105','1811','博爱',3),
  ('181106','1811','温县',3),
  ('181107','1811','孟州',3),
  ('1812','18','鹤壁',2),
  ('181201','1812','鹤壁',3),
  ('181202','1812','浚县',3),
  ('181203','1812','淇县',3),
  ('1813','18','濮阳',2),
  ('181301','1813','濮阳',3),
  ('181302','1813','台前',3),
  ('181303','1813','南乐',3),
  ('181304','1813','清丰',3),
  ('181305','1813','范县',3),
  ('1814','18','周口',2),
  ('181401','1814','周口',3),
  ('181402','1814','扶沟',3),
  ('181403','1814','太康',3),
  ('181404','1814','淮阳',3),
  ('181405','1814','西华',3),
  ('181406','1814','商水',3),
  ('181407','1814','项城',3),
  ('181408','1814','郸城',3);

COMMIT;

#
# Data for the `area` table  (LIMIT 1500,500)
#

INSERT INTO `area` (`area_code`, `parent_code`, `area_name`, `area_level`) VALUES 
  ('181409','1814','鹿邑',3),
  ('181410','1814','沈丘',3),
  ('1815','18','漯河',2),
  ('181501','1815','漯河',3),
  ('181502','1815','临颍',3),
  ('181503','1815','舞阳',3),
  ('1816','18','驻马店',2),
  ('181601','1816','驻马店',3),
  ('181602','1816','西平',3),
  ('181603','1816','遂平',3),
  ('181604','1816','上蔡',3),
  ('181605','1816','汝南',3),
  ('181606','1816','泌阳',3),
  ('181607','1816','平舆',3),
  ('181608','1816','新蔡',3),
  ('181609','1816','确山',3),
  ('181610','1816','正阳',3),
  ('1817','18','三门峡',2),
  ('181701','1817','三门峡',3),
  ('181702','1817','灵宝',3),
  ('181703','1817','渑池',3),
  ('181704','1817','卢氏',3),
  ('181705','1817','义马',3),
  ('181706','1817','陕县',3),
  ('1818','18','济源',2),
  ('181801','1818','济源',3),
  ('19','','江苏',1),
  ('1901','19','南京',2),
  ('190101','1901','南京',3),
  ('190102','1901','溧水',3),
  ('190103','1901','高淳',3),
  ('190104','1901','江宁',3),
  ('190105','1901','六合',3),
  ('190106','1901','江浦',3),
  ('190107','1901','浦口',3),
  ('1902','19','无锡',2),
  ('190201','1902','无锡',3),
  ('190202','1902','江阴',3),
  ('190203','1902','宜兴',3),
  ('190204','1902','锡山',3),
  ('1903','19','镇江',2),
  ('190301','1903','镇江',3),
  ('190302','1903','丹阳',3),
  ('190303','1903','扬中',3),
  ('190304','1903','句容',3),
  ('190305','1903','丹徒',3),
  ('1904','19','苏州',2),
  ('190401','1904','苏州',3),
  ('190402','1904','常熟',3),
  ('190403','1904','张家港',3),
  ('190404','1904','昆山',3),
  ('190405','1904','吴中',3),
  ('190406','1904','吴江',3),
  ('190407','1904','太仓',3),
  ('1905','19','南通',2),
  ('190501','1905','南通',3),
  ('190502','1905','海安',3),
  ('190503','1905','如皋',3),
  ('190504','1905','如东',3),
  ('190505','1905','启东',3),
  ('190506','1905','海门',3),
  ('190507','1905','通州',3),
  ('1906','19','扬州',2),
  ('190601','1906','扬州',3),
  ('190602','1906','宝应',3),
  ('190603','1906','仪征',3),
  ('190604','1906','高邮',3),
  ('190605','1906','江都',3),
  ('190606','1906','邗江',3),
  ('1907','19','盐城',2),
  ('190701','1907','盐城',3),
  ('190702','1907','响水',3),
  ('190703','1907','滨海',3),
  ('190704','1907','阜宁',3),
  ('190705','1907','射阳',3),
  ('190706','1907','建湖',3),
  ('190707','1907','东台',3),
  ('190708','1907','大丰',3),
  ('190709','1907','盐都',3),
  ('1908','19','徐州',2),
  ('190801','1908','徐州',3),
  ('190802','1908','铜山',3),
  ('190803','1908','丰县',3),
  ('190804','1908','沛县',3),
  ('190805','1908','邳州',3),
  ('190806','1908','睢宁',3),
  ('190807','1908','新沂',3),
  ('1909','19','淮安',2),
  ('190901','1909','淮安',3),
  ('190902','1909','金湖',3),
  ('190903','1909','盱眙',3),
  ('190904','1909','洪泽',3),
  ('190905','1909','涟水',3),
  ('190906','1909','淮阴区',3),
  ('190907','1909','楚州',3),
  ('1910','19','连云港',2),
  ('191001','1910','连云港',3),
  ('191002','1910','东海',3),
  ('191003','1910','赣榆',3),
  ('191004','1910','灌云',3),
  ('191005','1910','灌南',3),
  ('1911','19','常州',2),
  ('191101','1911','常州',3),
  ('191102','1911','溧阳',3),
  ('191103','1911','金坛',3),
  ('191104','1911','武进',3),
  ('1912','19','泰州',2),
  ('191201','1912','泰州',3),
  ('191202','1912','兴化',3),
  ('191203','1912','泰兴',3),
  ('191204','1912','姜堰',3),
  ('191205','1912','靖江',3),
  ('1913','19','宿迁',2),
  ('191301','1913','宿迁',3),
  ('191302','1913','沭阳',3),
  ('191303','1913','泗阳',3),
  ('191304','1913','泗洪',3),
  ('191305','1913','宿豫',3),
  ('20','','湖北',1),
  ('2001','20','武汉',2),
  ('200101','2001','武汉',3),
  ('200102','2001','蔡甸',3),
  ('200103','2001','黄陂',3),
  ('200104','2001','新洲',3),
  ('200105','2001','江夏',3),
  ('200106','2001','东西湖',3),
  ('2002','20','襄阳',2),
  ('200201','2002','襄阳',3),
  ('200202','2002','襄州',3),
  ('200203','2002','保康',3),
  ('200204','2002','南漳',3),
  ('200205','2002','宜城',3),
  ('200206','2002','老河口',3),
  ('200207','2002','谷城',3),
  ('200208','2002','枣阳',3),
  ('2003','20','鄂州',2),
  ('200301','2003','鄂州',3),
  ('200302','2003','梁子湖',3),
  ('2004','20','孝感',2),
  ('200401','2004','孝感',3),
  ('200402','2004','安陆',3),
  ('200403','2004','云梦',3),
  ('200404','2004','大悟',3),
  ('200405','2004','应城',3),
  ('200406','2004','汉川',3),
  ('200407','2004','孝昌',3),
  ('2005','20','黄冈',2),
  ('200501','2005','黄冈',3),
  ('200502','2005','红安',3),
  ('200503','2005','麻城',3),
  ('200504','2005','罗田',3),
  ('200505','2005','英山',3),
  ('200506','2005','浠水',3),
  ('200507','2005','蕲春',3),
  ('200508','2005','黄梅',3),
  ('200509','2005','武穴',3),
  ('200510','2005','团风',3),
  ('2006','20','黄石',2),
  ('200601','2006','黄石',3),
  ('200602','2006','大冶',3),
  ('200603','2006','阳新',3),
  ('200604','2006','铁山',3),
  ('200605','2006','下陆',3),
  ('200606','2006','西塞山',3),
  ('2007','20','咸宁',2),
  ('200701','2007','咸宁',3),
  ('200702','2007','赤壁',3),
  ('200703','2007','嘉鱼',3),
  ('200704','2007','崇阳',3),
  ('200705','2007','通城',3),
  ('200706','2007','通山',3),
  ('2008','20','荆州',2),
  ('200801','2008','荆州',3),
  ('200802','2008','江陵',3),
  ('200803','2008','公安',3),
  ('200804','2008','石首',3),
  ('200805','2008','监利',3),
  ('200806','2008','洪湖',3),
  ('200807','2008','松滋',3),
  ('200808','2008','沙市',3),
  ('2009','20','宜昌',2),
  ('200901','2009','宜昌',3),
  ('200902','2009','远安',3),
  ('200903','2009','秭归',3),
  ('200904','2009','兴山',3),
  ('200905','2009','五峰',3),
  ('200906','2009','当阳',3),
  ('200907','2009','长阳',3),
  ('200908','2009','宜都',3),
  ('200909','2009','枝江',3),
  ('200910','2009','三峡',3),
  ('200911','2009','夷陵',3),
  ('2010','20','恩施',2),
  ('201001','2010','恩施',3),
  ('201002','2010','利川',3),
  ('201003','2010','建始',3),
  ('201004','2010','咸丰',3),
  ('201005','2010','宣恩',3),
  ('201006','2010','鹤峰',3),
  ('201007','2010','来凤',3),
  ('201008','2010','巴东',3),
  ('2011','20','十堰',2),
  ('201101','2011','十堰',3),
  ('201102','2011','竹溪',3),
  ('201103','2011','郧西',3),
  ('201104','2011','郧县',3),
  ('201105','2011','竹山',3),
  ('201106','2011','房县',3),
  ('201107','2011','丹江口',3),
  ('201108','2011','茅箭',3),
  ('201109','2011','张湾',3),
  ('2012','20','神农架',2),
  ('201201','2012','神农架',3),
  ('2013','20','随州',2),
  ('201301','2013','随州',3),
  ('201302','2013','广水',3),
  ('2014','20','荆门',2),
  ('201401','2014','荆门',3),
  ('201402','2014','钟祥',3),
  ('201403','2014','京山',3),
  ('201404','2014','掇刀',3),
  ('201405','2014','沙洋',3),
  ('2015','20','天门',2),
  ('201501','2015','天门',3),
  ('2016','20','仙桃',2),
  ('201601','2016','仙桃',3),
  ('2017','20','潜江',2),
  ('201701','2017','潜江',3),
  ('21','','浙江',1),
  ('2101','21','杭州',2),
  ('210101','2101','杭州',3),
  ('210102','2101','萧山',3),
  ('210103','2101','桐庐',3),
  ('210104','2101','淳安',3),
  ('210105','2101','建德',3),
  ('210106','2101','余杭',3),
  ('210107','2101','临安',3),
  ('210108','2101','富阳',3),
  ('2102','21','湖州',2),
  ('210201','2102','湖州',3),
  ('210202','2102','长兴',3),
  ('210203','2102','安吉',3),
  ('210204','2102','德清',3),
  ('2103','21','嘉兴',2),
  ('210301','2103','嘉兴',3),
  ('210302','2103','嘉善',3),
  ('210303','2103','海宁',3),
  ('210304','2103','桐乡',3),
  ('210305','2103','平湖',3),
  ('210306','2103','海盐',3),
  ('2104','21','宁波',2),
  ('210401','2104','宁波',3),
  ('210402','2104','慈溪',3),
  ('210403','2104','余姚',3),
  ('210404','2104','奉化',3),
  ('210405','2104','象山',3),
  ('210406','2104','宁海',3),
  ('210407','2104','北仑',3),
  ('210408','2104','鄞州',3),
  ('210409','2104','镇海',3),
  ('2105','21','绍兴',2),
  ('210501','2105','绍兴',3),
  ('210502','2105','诸暨',3),
  ('210503','2105','上虞',3),
  ('210504','2105','新昌',3),
  ('210505','2105','嵊州',3),
  ('2106','21','台州',2),
  ('210601','2106','台州',3),
  ('210602','2106','玉环',3),
  ('210603','2106','三门',3),
  ('210604','2106','天台',3),
  ('210605','2106','仙居',3),
  ('210606','2106','温岭',3),
  ('210607','2106','洪家',3),
  ('210608','2106','临海',3),
  ('210609','2106','椒江',3),
  ('210610','2106','黄岩',3),
  ('210611','2106','路桥',3),
  ('2107','21','温州',2),
  ('210701','2107','温州',3),
  ('210702','2107','泰顺',3),
  ('210703','2107','文成',3),
  ('210704','2107','平阳',3),
  ('210705','2107','瑞安',3),
  ('210706','2107','洞头',3),
  ('210707','2107','乐清',3),
  ('210708','2107','永嘉',3),
  ('210709','2107','苍南',3),
  ('2108','21','丽水',2),
  ('210801','2108','丽水',3),
  ('210802','2108','遂昌',3),
  ('210803','2108','龙泉',3),
  ('210804','2108','缙云',3),
  ('210805','2108','青田',3),
  ('210806','2108','云和',3),
  ('210807','2108','庆元',3),
  ('210808','2108','松阳',3),
  ('210809','2108','景宁',3),
  ('2109','21','金华',2),
  ('210901','2109','金华',3),
  ('210902','2109','浦江',3),
  ('210903','2109','兰溪',3),
  ('210904','2109','义乌',3),
  ('210905','2109','东阳',3),
  ('210906','2109','武义',3),
  ('210907','2109','永康',3),
  ('210908','2109','磐安',3),
  ('2110','21','衢州',2),
  ('211001','2110','衢州',3),
  ('211002','2110','常山',3),
  ('211003','2110','开化',3),
  ('211004','2110','龙游',3),
  ('211005','2110','江山',3),
  ('211006','2110','衢江',3),
  ('2111','21','舟山',2),
  ('211101','2111','舟山',3),
  ('211102','2111','嵊泗',3),
  ('211103','2111','岱山',3),
  ('211104','2111','普陀',3),
  ('211105','2111','定海',3),
  ('22','','安徽',1),
  ('2201','22','合肥',2),
  ('220101','2201','合肥',3),
  ('220102','2201','长丰',3),
  ('220103','2201','肥东',3),
  ('220104','2201','肥西',3),
  ('2202','22','蚌埠',2),
  ('220201','2202','蚌埠',3),
  ('220202','2202','怀远',3),
  ('220203','2202','固镇',3),
  ('220204','2202','五河',3),
  ('2203','22','芜湖',2),
  ('220301','2203','芜湖',3),
  ('220302','2203','繁昌',3),
  ('220303','2203','芜湖县',3),
  ('220304','2203','南陵',3),
  ('2204','22','淮南',2),
  ('220401','2204','淮南',3),
  ('220402','2204','凤台',3),
  ('220403','2204','潘集',3),
  ('2205','22','马鞍山',2),
  ('220501','2205','马鞍山',3),
  ('220502','2205','当涂',3),
  ('2206','22','安庆',2),
  ('220601','2206','安庆',3),
  ('220602','2206','枞阳',3),
  ('220603','2206','太湖',3),
  ('220604','2206','潜山',3),
  ('220605','2206','怀宁',3),
  ('220606','2206','宿松',3),
  ('220607','2206','望江',3),
  ('220608','2206','岳西',3),
  ('220609','2206','桐城',3),
  ('2207','22','宿州',2),
  ('220701','2207','宿州',3),
  ('220702','2207','砀山',3),
  ('220703','2207','灵璧',3),
  ('220704','2207','泗县',3),
  ('220705','2207','萧县',3),
  ('2208','22','阜阳',2),
  ('220801','2208','阜阳',3),
  ('220802','2208','阜南',3),
  ('220803','2208','颍上',3),
  ('220804','2208','临泉',3),
  ('220805','2208','界首',3),
  ('220806','2208','太和',3),
  ('2209','22','亳州',2),
  ('220901','2209','亳州',3),
  ('220902','2209','涡阳',3),
  ('220903','2209','利辛',3),
  ('220904','2209','蒙城',3),
  ('2210','22','黄山',2),
  ('221001','2210','黄山市',3),
  ('221002','2210','黄山区',3),
  ('221003','2210','屯溪',3),
  ('221004','2210','祁门',3),
  ('221005','2210','黟县',3),
  ('221006','2210','歙县',3),
  ('221007','2210','休宁',3),
  ('221008','2210','黄山风景区',3),
  ('2211','22','滁州',2),
  ('221101','2211','滁州',3),
  ('221102','2211','凤阳',3),
  ('221103','2211','明光',3),
  ('221104','2211','定远',3),
  ('221105','2211','全椒',3),
  ('221106','2211','来安',3),
  ('221107','2211','天长',3),
  ('2212','22','淮北',2),
  ('221201','2212','淮北',3),
  ('221202','2212','濉溪',3),
  ('2213','22','铜陵',2),
  ('221301','2213','铜陵',3),
  ('2214','22','宣城',2),
  ('221401','2214','宣城',3),
  ('221402','2214','泾县',3),
  ('221403','2214','旌德',3),
  ('221404','2214','宁国',3),
  ('221405','2214','绩溪',3),
  ('221406','2214','广德',3),
  ('221407','2214','郎溪',3),
  ('2215','22','六安',2),
  ('221501','2215','六安',3),
  ('221502','2215','霍邱',3),
  ('221503','2215','寿县',3),
  ('221504','2215','金寨',3),
  ('221505','2215','霍山',3),
  ('221506','2215','舒城',3),
  ('2216','22','巢湖',2),
  ('221601','2216','巢湖',3),
  ('221602','2216','庐江',3),
  ('221603','2216','无为',3),
  ('221604','2216','含山',3),
  ('221605','2216','和县',3),
  ('2217','22','池州',2),
  ('221701','2217','池州',3),
  ('221702','2217','东至',3),
  ('221703','2217','青阳',3),
  ('221704','2217','九华山',3),
  ('221705','2217','石台',3),
  ('23','','福建',1),
  ('2301','23','福州',2),
  ('230101','2301','福州',3),
  ('230102','2301','闽清',3),
  ('230103','2301','闽侯',3),
  ('230104','2301','罗源',3),
  ('230105','2301','连江',3),
  ('230106','2301','永泰',3),
  ('230107','2301','平潭',3),
  ('230108','2301','长乐',3),
  ('230109','2301','福清',3),
  ('2302','23','厦门',2),
  ('230201','2302','厦门',3),
  ('230202','2302','同安',3),
  ('2303','23','宁德',2),
  ('230301','2303','宁德',3),
  ('230302','2303','古田',3),
  ('230303','2303','霞浦',3),
  ('230304','2303','寿宁',3),
  ('230305','2303','周宁',3),
  ('230306','2303','福安',3),
  ('230307','2303','柘荣',3),
  ('230308','2303','福鼎',3),
  ('230309','2303','屏南',3),
  ('2304','23','莆田',2),
  ('230401','2304','莆田',3),
  ('230402','2304','仙游',3),
  ('230403','2304','秀屿港',3),
  ('230404','2304','涵江',3),
  ('230405','2304','秀屿',3),
  ('230406','2304','荔城',3),
  ('230407','2304','城厢',3),
  ('2305','23','泉州',2),
  ('230501','2305','泉州',3),
  ('230502','2305','安溪',3),
  ('230503','2305','永春',3),
  ('230504','2305','德化',3),
  ('230505','2305','南安',3),
  ('230506','2305','崇武',3),
  ('230507','2305','惠安',3),
  ('230508','2305','晋江',3),
  ('230509','2305','石狮',3),
  ('2306','23','漳州',2),
  ('230601','2306','漳州',3),
  ('230602','2306','长泰',3),
  ('230603','2306','南靖',3),
  ('230604','2306','平和',3),
  ('230605','2306','龙海',3),
  ('230606','2306','漳浦',3),
  ('230607','2306','诏安',3),
  ('230608','2306','东山',3),
  ('230609','2306','云霄',3),
  ('230610','2306','华安',3),
  ('2307','23','龙岩',2),
  ('230701','2307','龙岩',3),
  ('230702','2307','长汀',3),
  ('230703','2307','连城',3),
  ('230704','2307','武平',3),
  ('230705','2307','上杭',3),
  ('230706','2307','永定',3),
  ('230707','2307','漳平',3),
  ('2308','23','三明',2),
  ('230801','2308','三明',3),
  ('230802','2308','宁化',3),
  ('230803','2308','清流',3),
  ('230804','2308','泰宁',3),
  ('230805','2308','将乐',3),
  ('230806','2308','建宁',3),
  ('230807','2308','明溪',3),
  ('230808','2308','沙县',3),
  ('230809','2308','尤溪',3),
  ('230810','2308','永安',3),
  ('230811','2308','大田',3),
  ('2309','23','南平',2),
  ('230901','2309','南平',3),
  ('230902','2309','顺昌',3),
  ('230903','2309','光泽',3),
  ('230904','2309','邵武',3),
  ('230905','2309','武夷山',3),
  ('230906','2309','浦城',3);

COMMIT;

#
# Data for the `area` table  (LIMIT 2000,500)
#

INSERT INTO `area` (`area_code`, `parent_code`, `area_name`, `area_level`) VALUES 
  ('230907','2309','建阳',3),
  ('230908','2309','松溪',3),
  ('230909','2309','政和',3),
  ('230910','2309','建瓯',3),
  ('24','','江西',1),
  ('2401','24','南昌',2),
  ('240101','2401','南昌',3),
  ('240102','2401','新建',3),
  ('240103','2401','南昌县',3),
  ('240104','2401','安义',3),
  ('240105','2401','进贤',3),
  ('2402','24','九江',2),
  ('240201','2402','九江',3),
  ('240202','2402','瑞昌',3),
  ('240203','2402','庐山',3),
  ('240204','2402','武宁',3),
  ('240205','2402','德安',3),
  ('240206','2402','永修',3),
  ('240207','2402','湖口',3),
  ('240208','2402','彭泽',3),
  ('240209','2402','星子',3),
  ('240210','2402','都昌',3),
  ('240211','2402','修水',3),
  ('2403','24','上饶',2),
  ('240301','2403','上饶',3),
  ('240302','2403','鄱阳',3),
  ('240303','2403','婺源',3),
  ('240304','2403','余干',3),
  ('240305','2403','万年',3),
  ('240306','2403','德兴',3),
  ('240307','2403','上饶县',3),
  ('240308','2403','弋阳',3),
  ('240309','2403','横峰',3),
  ('240310','2403','铅山',3),
  ('240311','2403','玉山',3),
  ('240312','2403','广丰',3),
  ('2404','24','抚州',2),
  ('240401','2404','抚州',3),
  ('240402','2404','广昌',3),
  ('240403','2404','乐安',3),
  ('240404','2404','崇仁',3),
  ('240405','2404','金溪',3),
  ('240406','2404','资溪',3),
  ('240407','2404','宜黄',3),
  ('240408','2404','南城',3),
  ('240409','2404','南丰',3),
  ('240410','2404','黎川',3),
  ('240411','2404','东乡',3),
  ('2405','24','宜春',2),
  ('240501','2405','宜春',3),
  ('240502','2405','铜鼓',3),
  ('240503','2405','宜丰',3),
  ('240504','2405','万载',3),
  ('240505','2405','上高',3),
  ('240506','2405','靖安',3),
  ('240507','2405','奉新',3),
  ('240508','2405','高安',3),
  ('240509','2405','樟树',3),
  ('240510','2405','丰城',3),
  ('2406','24','吉安',2),
  ('240601','2406','吉安',3),
  ('240602','2406','吉安县',3),
  ('240603','2406','吉水',3),
  ('240604','2406','新干',3),
  ('240605','2406','峡江',3),
  ('240606','2406','永丰',3),
  ('240607','2406','永新',3),
  ('240608','2406','井冈山',3),
  ('240609','2406','万安',3),
  ('240610','2406','遂川',3),
  ('240611','2406','泰和',3),
  ('240612','2406','安福',3),
  ('240613','2406','宁冈',3),
  ('2407','24','赣州',2),
  ('240701','2407','赣州',3),
  ('240702','2407','崇义',3),
  ('240703','2407','上犹',3),
  ('240704','2407','南康',3),
  ('240705','2407','大余',3),
  ('240706','2407','信丰',3),
  ('240707','2407','宁都',3),
  ('240708','2407','石城',3),
  ('240709','2407','瑞金',3),
  ('240710','2407','于都',3),
  ('240711','2407','会昌',3),
  ('240712','2407','安远',3),
  ('240713','2407','全南',3),
  ('240714','2407','龙南',3),
  ('240715','2407','定南',3),
  ('240716','2407','寻乌',3),
  ('240717','2407','兴国',3),
  ('240718','2407','赣县',3),
  ('2408','24','景德镇',2),
  ('240801','2408','景德镇',3),
  ('240802','2408','乐平',3),
  ('240803','2408','浮梁',3),
  ('2409','24','萍乡',2),
  ('240901','2409','萍乡',3),
  ('240902','2409','莲花',3),
  ('240903','2409','上栗',3),
  ('240904','2409','安源',3),
  ('240905','2409','芦溪',3),
  ('240906','2409','湘东',3),
  ('2410','24','新余',2),
  ('241001','2410','新余',3),
  ('241002','2410','分宜',3),
  ('2411','24','鹰潭',2),
  ('241101','2411','鹰潭',3),
  ('241102','2411','余江',3),
  ('241103','2411','贵溪',3),
  ('25','','湖南',1),
  ('2501','25','长沙',2),
  ('250101','2501','长沙',3),
  ('250102','2501','宁乡',3),
  ('250103','2501','浏阳',3),
  ('250104','2501','马坡岭',3),
  ('250105','2501','望城',3),
  ('2502','25','湘潭',2),
  ('250201','2502','湘潭',3),
  ('250202','2502','韶山',3),
  ('250203','2502','湘乡',3),
  ('2503','25','株洲',2),
  ('250301','2503','株洲',3),
  ('250302','2503','攸县',3),
  ('250303','2503','醴陵',3),
  ('250304','2503','茶陵',3),
  ('250305','2503','炎陵',3),
  ('2504','25','衡阳',2),
  ('250401','2504','衡阳',3),
  ('250402','2504','衡山',3),
  ('250403','2504','衡东',3),
  ('250404','2504','祁东',3),
  ('250405','2504','衡阳县',3),
  ('250406','2504','常宁',3),
  ('250407','2504','衡南',3),
  ('250408','2504','耒阳',3),
  ('250409','2504','南岳',3),
  ('2505','25','郴州',2),
  ('250501','2505','郴州',3),
  ('250502','2505','桂阳',3),
  ('250503','2505','嘉禾',3),
  ('250504','2505','宜章',3),
  ('250505','2505','临武',3),
  ('250506','2505','资兴',3),
  ('250507','2505','汝城',3),
  ('250508','2505','安仁',3),
  ('250509','2505','永兴',3),
  ('250510','2505','桂东',3),
  ('250511','2505','苏仙',3),
  ('2506','25','常德',2),
  ('250601','2506','常德',3),
  ('250602','2506','安乡',3),
  ('250603','2506','桃源',3),
  ('250604','2506','汉寿',3),
  ('250605','2506','澧县',3),
  ('250606','2506','临澧',3),
  ('250607','2506','石门',3),
  ('250608','2506','津市',3),
  ('2507','25','益阳',2),
  ('250701','2507','益阳',3),
  ('250702','2507','赫山区',3),
  ('250703','2507','南县',3),
  ('250704','2507','桃江',3),
  ('250705','2507','安化',3),
  ('250706','2507','沅江',3),
  ('2508','25','娄底',2),
  ('250801','2508','娄底',3),
  ('250802','2508','双峰',3),
  ('250803','2508','冷水江',3),
  ('250804','2508','新化',3),
  ('250805','2508','涟源',3),
  ('2509','25','邵阳',2),
  ('250901','2509','邵阳',3),
  ('250902','2509','隆回',3),
  ('250903','2509','洞口',3),
  ('250904','2509','新邵',3),
  ('250905','2509','邵东',3),
  ('250906','2509','绥宁',3),
  ('250907','2509','新宁',3),
  ('250908','2509','武冈',3),
  ('250909','2509','城步',3),
  ('250910','2509','邵阳县',3),
  ('2510','25','岳阳',2),
  ('251001','2510','岳阳',3),
  ('251002','2510','华容',3),
  ('251003','2510','湘阴',3),
  ('251004','2510','汨罗',3),
  ('251005','2510','平江',3),
  ('251006','2510','临湘',3),
  ('2511','25','张家界',2),
  ('251101','2511','张家界',3),
  ('251102','2511','桑植',3),
  ('251103','2511','慈利',3),
  ('251104','2511','武陵源',3),
  ('2512','25','怀化',2),
  ('251201','2512','怀化',3),
  ('251202','2512','沅陵',3),
  ('251203','2512','辰溪',3),
  ('251204','2512','靖州',3),
  ('251205','2512','会同',3),
  ('251206','2512','通道',3),
  ('251207','2512','麻阳',3),
  ('251208','2512','新晃',3),
  ('251209','2512','芷江',3),
  ('251210','2512','溆浦',3),
  ('251211','2512','中方',3),
  ('251212','2512','洪江',3),
  ('2513','25','永州',2),
  ('251301','2513','永州',3),
  ('251302','2513','祁阳',3),
  ('251303','2513','东安',3),
  ('251304','2513','双牌',3),
  ('251305','2513','道县',3),
  ('251306','2513','宁远',3),
  ('251307','2513','江永',3),
  ('251308','2513','蓝山',3),
  ('251309','2513','新田',3),
  ('251310','2513','江华',3),
  ('251311','2513','冷水滩',3),
  ('2514','25','湘西',2),
  ('251401','2514','吉首',3),
  ('251402','2514','保靖',3),
  ('251403','2514','永顺',3),
  ('251404','2514','古丈',3),
  ('251405','2514','凤凰',3),
  ('251406','2514','泸溪',3),
  ('251407','2514','龙山',3),
  ('251408','2514','花垣',3),
  ('26','','贵州',1),
  ('2601','26','贵阳',2),
  ('260101','2601','贵阳',3),
  ('260102','2601','白云',3),
  ('260103','2601','花溪',3),
  ('260104','2601','乌当',3),
  ('260105','2601','息烽',3),
  ('260106','2601','开阳',3),
  ('260107','2601','修文',3),
  ('260108','2601','清镇',3),
  ('260109','2601','小河',3),
  ('260110','2601','云岩',3),
  ('260111','2601','南明',3),
  ('2602','26','遵义',2),
  ('260201','2602','遵义',3),
  ('260202','2602','遵义县',3),
  ('260203','2602','仁怀',3),
  ('260204','2602','绥阳',3),
  ('260205','2602','湄潭',3),
  ('260206','2602','凤冈',3),
  ('260207','2602','桐梓',3),
  ('260208','2602','赤水',3),
  ('260209','2602','习水',3),
  ('260210','2602','道真',3),
  ('260211','2602','正安',3),
  ('260212','2602','务川',3),
  ('260213','2602','余庆',3),
  ('260214','2602','汇川',3),
  ('260215','2602','红花岗',3),
  ('2603','26','安顺',2),
  ('260301','2603','安顺',3),
  ('260302','2603','普定',3),
  ('260303','2603','镇宁',3),
  ('260304','2603','平坝',3),
  ('260305','2603','紫云',3),
  ('260306','2603','关岭',3),
  ('2604','26','黔南',2),
  ('260401','2604','都匀',3),
  ('260402','2604','贵定',3),
  ('260403','2604','瓮安',3),
  ('260404','2604','长顺',3),
  ('260405','2604','福泉',3),
  ('260406','2604','惠水',3),
  ('260407','2604','龙里',3),
  ('260408','2604','罗甸',3),
  ('260409','2604','平塘',3),
  ('260410','2604','独山',3),
  ('260411','2604','三都',3),
  ('260412','2604','荔波',3),
  ('2605','26','黔东南',2),
  ('260501','2605','凯里',3),
  ('260502','2605','岑巩',3),
  ('260503','2605','施秉',3),
  ('260504','2605','镇远',3),
  ('260505','2605','黄平',3),
  ('260506','2605','麻江',3),
  ('260507','2605','丹寨',3),
  ('260508','2605','三穗',3),
  ('260509','2605','台江',3),
  ('260510','2605','剑河',3),
  ('260511','2605','雷山',3),
  ('260512','2605','黎平',3),
  ('260513','2605','天柱',3),
  ('260514','2605','锦屏',3),
  ('260515','2605','榕江',3),
  ('260516','2605','从江',3),
  ('2606','26','铜仁',2),
  ('260601','2606','铜仁',3),
  ('260602','2606','江口',3),
  ('260603','2606','玉屏',3),
  ('260604','2606','万山',3),
  ('260605','2606','思南',3),
  ('260606','2606','印江',3),
  ('260607','2606','石阡',3),
  ('260608','2606','沿河',3),
  ('260609','2606','德江',3),
  ('260610','2606','松桃',3),
  ('2607','26','毕节',2),
  ('260701','2607','毕节',3),
  ('260702','2607','赫章',3),
  ('260703','2607','金沙',3),
  ('260704','2607','威宁',3),
  ('260705','2607','大方',3),
  ('260706','2607','纳雍',3),
  ('260707','2607','织金',3),
  ('260708','2607','黔西',3),
  ('2608','26','六盘水',2),
  ('260801','2608','水城',3),
  ('260802','2608','六枝',3),
  ('260803','2608','盘县',3),
  ('2609','26','黔西南',2),
  ('260901','2609','兴义',3),
  ('260902','2609','晴隆',3),
  ('260903','2609','兴仁',3),
  ('260904','2609','贞丰',3),
  ('260905','2609','望谟',3),
  ('260906','2609','安龙',3),
  ('260907','2609','册亨',3),
  ('260908','2609','普安',3),
  ('27','','四川',1),
  ('2701','27','成都',2),
  ('270101','2701','成都',3),
  ('270102','2701','龙泉驿',3),
  ('270103','2701','新都',3),
  ('270104','2701','温江',3),
  ('270105','2701','金堂',3),
  ('270106','2701','双流',3),
  ('270107','2701','郫县',3),
  ('270108','2701','大邑',3),
  ('270109','2701','蒲江',3),
  ('270110','2701','新津',3),
  ('270111','2701','都江堰',3),
  ('270112','2701','彭州',3),
  ('270113','2701','邛崃',3),
  ('270114','2701','崇州',3),
  ('2702','27','攀枝花',2),
  ('270201','2702','攀枝花',3),
  ('270202','2702','仁和',3),
  ('270203','2702','米易',3),
  ('270204','2702','盐边',3),
  ('2703','27','自贡',2),
  ('270301','2703','自贡',3),
  ('270302','2703','富顺',3),
  ('270303','2703','荣县',3),
  ('2704','27','绵阳',2),
  ('270401','2704','绵阳',3),
  ('270402','2704','三台',3),
  ('270403','2704','盐亭',3),
  ('270404','2704','安县',3),
  ('270405','2704','梓潼',3),
  ('270406','2704','北川',3),
  ('270407','2704','平武',3),
  ('270408','2704','江油',3),
  ('2705','27','南充',2),
  ('270501','2705','南充',3),
  ('270502','2705','南部',3),
  ('270503','2705','营山',3),
  ('270504','2705','蓬安',3),
  ('270505','2705','仪陇',3),
  ('270506','2705','西充',3),
  ('270507','2705','阆中',3),
  ('2706','27','达州',2),
  ('270601','2706','达州',3),
  ('270602','2706','宣汉',3),
  ('270603','2706','开江',3),
  ('270604','2706','大竹',3),
  ('270605','2706','渠县',3),
  ('270606','2706','万源',3),
  ('270607','2706','达川',3),
  ('270608','2706','达县',3),
  ('2707','27','遂宁',2),
  ('270701','2707','遂宁',3),
  ('270702','2707','蓬溪',3),
  ('270703','2707','射洪',3),
  ('2708','27','广安',2),
  ('270801','2708','广安',3),
  ('270802','2708','岳池',3),
  ('270803','2708','武胜',3),
  ('270804','2708','邻水',3),
  ('270805','2708','华蓥',3),
  ('2709','27','巴中',2),
  ('270901','2709','巴中',3),
  ('270902','2709','通江',3),
  ('270903','2709','南江',3),
  ('270904','2709','平昌',3),
  ('2710','27','泸州',2),
  ('271001','2710','泸州',3),
  ('271002','2710','泸县',3),
  ('271003','2710','合江',3),
  ('271004','2710','叙永',3),
  ('271005','2710','古蔺',3),
  ('271006','2710','纳溪',3),
  ('2711','27','宜宾',2),
  ('271101','2711','宜宾',3),
  ('271102','2711','宜宾县',3),
  ('271103','2711','南溪',3),
  ('271104','2711','江安',3),
  ('271105','2711','长宁',3),
  ('271106','2711','高县',3),
  ('271107','2711','珙县',3),
  ('271108','2711','筠连',3),
  ('271109','2711','兴文',3),
  ('271110','2711','屏山',3),
  ('2712','27','内江',2),
  ('271201','2712','内江',3),
  ('271202','2712','东兴',3),
  ('271203','2712','威远',3),
  ('271204','2712','资中',3),
  ('271205','2712','隆昌',3),
  ('2713','27','资阳',2),
  ('271301','2713','资阳',3),
  ('271302','2713','安岳',3),
  ('271303','2713','乐至',3),
  ('271304','2713','简阳',3),
  ('2714','27','乐山',2),
  ('271401','2714','乐山',3),
  ('271402','2714','犍为',3),
  ('271403','2714','井研',3),
  ('271404','2714','夹江',3),
  ('271405','2714','沐川',3),
  ('271406','2714','峨边',3),
  ('271407','2714','马边',3),
  ('271408','2714','峨眉',3),
  ('271409','2714','峨眉山',3),
  ('2715','27','眉山',2),
  ('271501','2715','眉山',3),
  ('271502','2715','仁寿',3),
  ('271503','2715','彭山',3),
  ('271504','2715','洪雅',3),
  ('271505','2715','丹棱',3),
  ('271506','2715','青神',3),
  ('2716','27','凉山',2),
  ('271601','2716','凉山',3),
  ('271602','2716','木里',3),
  ('271603','2716','盐源',3),
  ('271604','2716','德昌',3),
  ('271605','2716','会理',3),
  ('271606','2716','会东',3),
  ('271607','2716','宁南',3),
  ('271608','2716','普格',3),
  ('271609','2716','西昌',3),
  ('271610','2716','金阳',3),
  ('271611','2716','昭觉',3),
  ('271612','2716','喜德',3),
  ('271613','2716','冕宁',3),
  ('271614','2716','越西',3),
  ('271615','2716','甘洛',3),
  ('271616','2716','雷波',3),
  ('271617','2716','美姑',3),
  ('271618','2716','布拖',3),
  ('2717','27','雅安',2),
  ('271701','2717','雅安',3),
  ('271702','2717','名山',3),
  ('271703','2717','荥经',3),
  ('271704','2717','汉源',3),
  ('271705','2717','石棉',3),
  ('271706','2717','天全',3),
  ('271707','2717','芦山',3),
  ('271708','2717','宝兴',3),
  ('2718','27','甘孜',2),
  ('271801','2718','甘孜',3),
  ('271802','2718','康定',3),
  ('271803','2718','泸定',3),
  ('271804','2718','丹巴',3),
  ('271805','2718','九龙',3),
  ('271806','2718','雅江',3),
  ('271807','2718','道孚',3),
  ('271808','2718','炉霍',3),
  ('271809','2718','新龙',3),
  ('271810','2718','德格',3),
  ('271811','2718','白玉',3),
  ('271812','2718','石渠',3),
  ('271813','2718','色达',3),
  ('271814','2718','理塘',3),
  ('271815','2718','巴塘',3),
  ('271816','2718','乡城',3),
  ('271817','2718','稻城',3),
  ('271818','2718','得荣',3),
  ('2719','27','阿坝',2),
  ('271901','2719','阿坝',3),
  ('271902','2719','汶川',3),
  ('271903','2719','理县',3),
  ('271904','2719','茂县',3),
  ('271905','2719','松潘',3),
  ('271906','2719','九寨沟',3),
  ('271907','2719','金川',3),
  ('271908','2719','小金',3),
  ('271909','2719','黑水',3),
  ('271910','2719','马尔康',3),
  ('271911','2719','壤塘',3),
  ('271912','2719','若尔盖',3),
  ('271913','2719','红原',3);

COMMIT;

#
# Data for the `area` table  (LIMIT 2500,500)
#

INSERT INTO `area` (`area_code`, `parent_code`, `area_name`, `area_level`) VALUES 
  ('2720','27','德阳',2),
  ('272001','2720','德阳',3),
  ('272002','2720','中江',3),
  ('272003','2720','广汉',3),
  ('272004','2720','什邡',3),
  ('272005','2720','绵竹',3),
  ('272006','2720','罗江',3),
  ('2721','27','广元',2),
  ('272101','2721','广元',3),
  ('272102','2721','旺苍',3),
  ('272103','2721','青川',3),
  ('272104','2721','剑阁',3),
  ('272105','2721','苍溪',3),
  ('28','','广东',1),
  ('2801','28','广州',2),
  ('280101','2801','广州',3),
  ('280102','2801','番禺',3),
  ('280103','2801','从化',3),
  ('280104','2801','增城',3),
  ('280105','2801','花都',3),
  ('2802','28','韶关',2),
  ('280201','2802','韶关',3),
  ('280202','2802','乳源',3),
  ('280203','2802','始兴',3),
  ('280204','2802','翁源',3),
  ('280205','2802','乐昌',3),
  ('280206','2802','仁化',3),
  ('280207','2802','南雄',3),
  ('280208','2802','新丰',3),
  ('280209','2802','曲江',3),
  ('280210','2802','浈江',3),
  ('280211','2802','武江',3),
  ('2803','28','惠州',2),
  ('280301','2803','惠州',3),
  ('280302','2803','博罗',3),
  ('280303','2803','惠阳',3),
  ('280304','2803','惠东',3),
  ('280305','2803','龙门',3),
  ('2804','28','梅州',2),
  ('280401','2804','梅州',3),
  ('280402','2804','兴宁',3),
  ('280403','2804','蕉岭',3),
  ('280404','2804','大埔',3),
  ('280405','2804','丰顺',3),
  ('280406','2804','平远',3),
  ('280407','2804','五华',3),
  ('280408','2804','梅县',3),
  ('2805','28','汕头',2),
  ('280501','2805','汕头',3),
  ('280502','2805','潮阳',3),
  ('280503','2805','澄海',3),
  ('280504','2805','南澳',3),
  ('2806','28','深圳',2),
  ('280601','2806','深圳',3),
  ('2807','28','珠海',2),
  ('280701','2807','珠海',3),
  ('280702','2807','斗门',3),
  ('280703','2807','金湾',3),
  ('2808','28','佛山',2),
  ('280801','2808','佛山',3),
  ('280802','2808','顺德',3),
  ('280803','2808','三水',3),
  ('280804','2808','南海',3),
  ('280805','2808','高明',3),
  ('2809','28','肇庆',2),
  ('280901','2809','肇庆',3),
  ('280902','2809','广宁',3),
  ('280903','2809','四会',3),
  ('280904','2809','德庆',3),
  ('280905','2809','怀集',3),
  ('280906','2809','封开',3),
  ('280907','2809','高要',3),
  ('2810','28','湛江',2),
  ('281001','2810','湛江',3),
  ('281002','2810','吴川',3),
  ('281003','2810','雷州',3),
  ('281004','2810','徐闻',3),
  ('281005','2810','廉江',3),
  ('281006','2810','赤坎',3),
  ('281007','2810','遂溪',3),
  ('281008','2810','坡头',3),
  ('281009','2810','霞山',3),
  ('281010','2810','麻章',3),
  ('2811','28','江门',2),
  ('281101','2811','江门',3),
  ('281102','2811','开平',3),
  ('281103','2811','新会',3),
  ('281104','2811','恩平',3),
  ('281105','2811','台山',3),
  ('281106','2811','蓬江',3),
  ('281107','2811','鹤山',3),
  ('281108','2811','江海',3),
  ('2812','28','河源',2),
  ('281201','2812','河源',3),
  ('281202','2812','紫金',3),
  ('281203','2812','连平',3),
  ('281204','2812','和平',3),
  ('281205','2812','龙川',3),
  ('281206','2812','东源',3),
  ('2813','28','清远',2),
  ('281301','2813','清远',3),
  ('281302','2813','连南',3),
  ('281303','2813','连州',3),
  ('281304','2813','连山',3),
  ('281305','2813','阳山',3),
  ('281306','2813','佛冈',3),
  ('281307','2813','英德',3),
  ('281308','2813','清新',3),
  ('2814','28','云浮',2),
  ('281401','2814','云浮',3),
  ('281402','2814','罗定',3),
  ('281403','2814','新兴',3),
  ('281404','2814','郁南',3),
  ('281405','2814','云安',3),
  ('2815','28','潮州',2),
  ('281501','2815','潮州',3),
  ('281502','2815','饶平',3),
  ('281503','2815','潮安',3),
  ('2816','28','东莞',2),
  ('281601','2816','东莞',3),
  ('2817','28','中山',2),
  ('281701','2817','中山',3),
  ('2818','28','阳江',2),
  ('281801','2818','阳江',3),
  ('281802','2818','阳春',3),
  ('281803','2818','阳东',3),
  ('281804','2818','阳西',3),
  ('2819','28','揭阳',2),
  ('281901','2819','揭阳',3),
  ('281902','2819','揭西',3),
  ('281903','2819','普宁',3),
  ('281904','2819','惠来',3),
  ('281905','2819','揭东',3),
  ('2820','28','茂名',2),
  ('282001','2820','茂名',3),
  ('282002','2820','高州',3),
  ('282003','2820','化州',3),
  ('282004','2820','电白',3),
  ('282005','2820','信宜',3),
  ('282006','2820','茂港',3),
  ('2821','28','汕尾',2),
  ('282101','2821','汕尾',3),
  ('282102','2821','海丰',3),
  ('282103','2821','陆丰',3),
  ('282104','2821','陆河',3),
  ('29','','云南',1),
  ('2901','29','昆明',2),
  ('290101','2901','昆明',3),
  ('290102','2901','东川',3),
  ('290103','2901','寻甸',3),
  ('290104','2901','晋宁',3),
  ('290105','2901','宜良',3),
  ('290106','2901','石林',3),
  ('290107','2901','呈贡',3),
  ('290108','2901','富民',3),
  ('290109','2901','嵩明',3),
  ('290110','2901','禄劝',3),
  ('290111','2901','安宁',3),
  ('290112','2901','太华山',3),
  ('2902','29','大理',2),
  ('290201','2902','大理',3),
  ('290202','2902','云龙',3),
  ('290203','2902','漾濞',3),
  ('290204','2902','永平',3),
  ('290205','2902','宾川',3),
  ('290206','2902','弥渡',3),
  ('290207','2902','祥云',3),
  ('290208','2902','巍山',3),
  ('290209','2902','剑川',3),
  ('290210','2902','洱源',3),
  ('290211','2902','鹤庆',3),
  ('290212','2902','南涧',3),
  ('2903','29','红河',2),
  ('290301','2903','红河',3),
  ('290302','2903','石屏',3),
  ('290303','2903','建水',3),
  ('290304','2903','弥勒',3),
  ('290305','2903','元阳',3),
  ('290306','2903','绿春',3),
  ('290307','2903','开远',3),
  ('290308','2903','个旧',3),
  ('290309','2903','蒙自',3),
  ('290310','2903','屏边',3),
  ('290311','2903','泸西',3),
  ('290312','2903','金平',3),
  ('290313','2903','河口',3),
  ('2904','29','曲靖',2),
  ('290401','2904','曲靖',3),
  ('290402','2904','沾益',3),
  ('290403','2904','陆良',3),
  ('290404','2904','富源',3),
  ('290405','2904','马龙',3),
  ('290406','2904','师宗',3),
  ('290407','2904','罗平',3),
  ('290408','2904','会泽',3),
  ('290409','2904','宣威',3),
  ('2905','29','保山',2),
  ('290501','2905','保山',3),
  ('290502','2905','龙陵',3),
  ('290503','2905','施甸',3),
  ('290504','2905','昌宁',3),
  ('290505','2905','腾冲',3),
  ('2906','29','文山',2),
  ('290601','2906','文山',3),
  ('290602','2906','西畴',3),
  ('290603','2906','马关',3),
  ('290604','2906','麻栗坡',3),
  ('290605','2906','砚山',3),
  ('290606','2906','丘北',3),
  ('290607','2906','广南',3),
  ('290608','2906','富宁',3),
  ('2907','29','玉溪',2),
  ('290701','2907','玉溪',3),
  ('290702','2907','澄江',3),
  ('290703','2907','江川',3),
  ('290704','2907','通海',3),
  ('290705','2907','华宁',3),
  ('290706','2907','新平',3),
  ('290707','2907','易门',3),
  ('290708','2907','峨山',3),
  ('290709','2907','元江',3),
  ('2908','29','楚雄',2),
  ('290801','2908','楚雄',3),
  ('290802','2908','大姚',3),
  ('290803','2908','元谋',3),
  ('290804','2908','姚安',3),
  ('290805','2908','牟定',3),
  ('290806','2908','南华',3),
  ('290807','2908','武定',3),
  ('290808','2908','禄丰',3),
  ('290809','2908','双柏',3),
  ('290810','2908','永仁',3),
  ('2909','29','普洱',2),
  ('290901','2909','普洱',3),
  ('290902','2909','景谷',3),
  ('290903','2909','景东',3),
  ('290904','2909','澜沧',3),
  ('290905','2909','墨江',3),
  ('290906','2909','江城',3),
  ('290907','2909','孟连',3),
  ('290908','2909','西盟',3),
  ('290909','2909','镇沅',3),
  ('290910','2909','宁洱',3),
  ('2910','29','昭通',2),
  ('291001','2910','昭通',3),
  ('291002','2910','鲁甸',3),
  ('291003','2910','彝良',3),
  ('291004','2910','镇雄',3),
  ('291005','2910','威信',3),
  ('291006','2910','巧家',3),
  ('291007','2910','绥江',3),
  ('291008','2910','永善',3),
  ('291009','2910','盐津',3),
  ('291010','2910','大关',3),
  ('291011','2910','水富',3),
  ('2911','29','临沧',2),
  ('291101','2911','临沧',3),
  ('291102','2911','沧源',3),
  ('291103','2911','耿马',3),
  ('291104','2911','双江',3),
  ('291105','2911','凤庆',3),
  ('291106','2911','永德',3),
  ('291107','2911','云县',3),
  ('291108','2911','镇康',3),
  ('2912','29','怒江',2),
  ('291201','2912','怒江',3),
  ('291202','2912','福贡',3),
  ('291203','2912','兰坪',3),
  ('291204','2912','泸水',3),
  ('291205','2912','六库',3),
  ('291206','2912','贡山',3),
  ('2913','29','迪庆',2),
  ('291301','2913','香格里拉',3),
  ('291302','2913','德钦',3),
  ('291303','2913','维西',3),
  ('291304','2913','中甸',3),
  ('2914','29','丽江',2),
  ('291401','2914','丽江',3),
  ('291402','2914','永胜',3),
  ('291403','2914','华坪',3),
  ('291404','2914','宁蒗',3),
  ('2915','29','德宏',2),
  ('291501','2915','德宏',3),
  ('291502','2915','陇川',3),
  ('291503','2915','盈江',3),
  ('291504','2915','瑞丽',3),
  ('291505','2915','梁河',3),
  ('291506','2915','潞西',3),
  ('2916','29','西双版纳',2),
  ('291601','2916','景洪',3),
  ('291602','2916','勐海',3),
  ('291603','2916','勐腊',3),
  ('30','','广西',1),
  ('3001','30','南宁',2),
  ('300101','3001','南宁',3),
  ('300102','3001','邕宁',3),
  ('300103','3001','横县',3),
  ('300104','3001','隆安',3),
  ('300105','3001','马山',3),
  ('300106','3001','上林',3),
  ('300107','3001','武鸣',3),
  ('300108','3001','宾阳',3),
  ('3002','30','崇左',2),
  ('300201','3002','崇左',3),
  ('300202','3002','天等',3),
  ('300203','3002','龙州',3),
  ('300204','3002','凭祥',3),
  ('300205','3002','大新',3),
  ('300206','3002','扶绥',3),
  ('300207','3002','宁明',3),
  ('3003','30','柳州',2),
  ('300301','3003','柳州',3),
  ('300302','3003','柳城',3),
  ('300303','3003','鹿寨',3),
  ('300304','3003','柳江',3),
  ('300305','3003','融安',3),
  ('300306','3003','融水',3),
  ('300307','3003','三江',3),
  ('3004','30','来宾',2),
  ('300401','3004','来宾',3),
  ('300402','3004','忻城',3),
  ('300403','3004','金秀',3),
  ('300404','3004','象州',3),
  ('300405','3004','武宣',3),
  ('300406','3004','合山',3),
  ('3005','30','桂林',2),
  ('300501','3005','桂林',3),
  ('300502','3005','龙胜',3),
  ('300503','3005','永福',3),
  ('300504','3005','临桂',3),
  ('300505','3005','兴安',3),
  ('300506','3005','灵川',3),
  ('300507','3005','全州',3),
  ('300508','3005','灌阳',3),
  ('300509','3005','阳朔',3),
  ('300510','3005','恭城',3),
  ('300511','3005','平乐',3),
  ('300512','3005','荔浦',3),
  ('300513','3005','资源',3),
  ('3006','30','梧州',2),
  ('300601','3006','梧州',3),
  ('300602','3006','藤县',3),
  ('300603','3006','苍梧',3),
  ('300604','3006','蒙山',3),
  ('300605','3006','岑溪',3),
  ('3007','30','贺州',2),
  ('300701','3007','贺州',3),
  ('300702','3007','昭平',3),
  ('300703','3007','富川',3),
  ('300704','3007','钟山',3),
  ('3008','30','贵港',2),
  ('300801','3008','贵港',3),
  ('300802','3008','桂平',3),
  ('300803','3008','平南',3),
  ('3009','30','玉林',2),
  ('300901','3009','玉林',3),
  ('300902','3009','博白',3),
  ('300903','3009','北流',3),
  ('300904','3009','容县',3),
  ('300905','3009','陆川',3),
  ('300906','3009','兴业',3),
  ('3010','30','百色',2),
  ('301001','3010','百色',3),
  ('301002','3010','那坡',3),
  ('301003','3010','田阳',3),
  ('301004','3010','德保',3),
  ('301005','3010','靖西',3),
  ('301006','3010','田东',3),
  ('301007','3010','平果',3),
  ('301008','3010','隆林',3),
  ('301009','3010','西林',3),
  ('301010','3010','乐业',3),
  ('301011','3010','凌云',3),
  ('301012','3010','田林',3),
  ('3011','30','钦州',2),
  ('301101','3011','钦州',3),
  ('301102','3011','浦北',3),
  ('301103','3011','灵山',3),
  ('3012','30','河池',2),
  ('301201','3012','河池',3),
  ('301202','3012','天峨',3),
  ('301203','3012','东兰',3),
  ('301204','3012','巴马',3),
  ('301205','3012','环江',3),
  ('301206','3012','罗城',3),
  ('301207','3012','宜州',3),
  ('301208','3012','凤山',3),
  ('301209','3012','南丹',3),
  ('301210','3012','都安',3),
  ('301211','3012','大化',3),
  ('3013','30','北海',2),
  ('301301','3013','北海',3),
  ('301302','3013','合浦',3),
  ('301303','3013','涠洲岛',3),
  ('3014','30','防城港',2),
  ('301401','3014','防城港',3),
  ('301402','3014','上思',3),
  ('301403','3014','东兴',3),
  ('301404','3014','防城',3),
  ('31','','海南',1),
  ('3101','31','海口',2),
  ('310101','3101','海口',3),
  ('3102','31','三亚',2),
  ('310201','3102','三亚',3),
  ('3103','31','东方',2),
  ('310301','3103','东方',3),
  ('3104','31','临高',2),
  ('310401','3104','临高',3),
  ('3105','31','澄迈',2),
  ('310501','3105','澄迈',3),
  ('3106','31','儋州',2),
  ('310601','3106','儋州',3),
  ('3107','31','昌江',2),
  ('310701','3107','昌江',3),
  ('3108','31','白沙',2),
  ('310801','3108','白沙',3),
  ('3109','31','琼中',2),
  ('310901','3109','琼中',3),
  ('3110','31','定安',2),
  ('311001','3110','定安',3),
  ('3111','31','屯昌',2),
  ('311101','3111','屯昌',3),
  ('3112','31','琼海',2),
  ('311201','3112','琼海',3),
  ('3113','31','文昌',2),
  ('311301','3113','文昌',3),
  ('3114','31','保亭',2),
  ('311401','3114','保亭',3),
  ('3115','31','万宁',2),
  ('311501','3115','万宁',3),
  ('3116','31','陵水',2),
  ('311601','3116','陵水',3),
  ('3117','31','西沙',2),
  ('311701','3117','西沙',3),
  ('3118','31','南沙岛',2),
  ('311801','3118','南沙岛',3),
  ('3119','31','乐东',2),
  ('311901','3119','乐东',3),
  ('3120','31','五指山',2),
  ('312001','3120','五指山',3),
  ('32','','香港',1),
  ('3201','32','香港',2),
  ('320101','3201','香港',3),
  ('320102','3201','九龙',3),
  ('320103','3201','新界',3),
  ('33','','澳门',1),
  ('3301','33','澳门',2),
  ('330101','3301','澳门',3),
  ('330102','3301','胱械',3),
  ('330103','3301','路环岛',3),
  ('34','','台湾',1),
  ('3401','34','台北',2),
  ('340101','3401','台北',3),
  ('340102','3401','桃园',3),
  ('340103','3401','新竹',3),
  ('340104','3401','宜兰',3),
  ('3402','34','高雄',2),
  ('340201','3402','高雄',3),
  ('340202','3402','嘉义',3),
  ('340203','3402','台南',3),
  ('340204','3402','台东',3),
  ('340205','3402','屏东',3),
  ('3403','34','台中',2),
  ('340301','3403','台中',3),
  ('340302','3403','苗栗',3),
  ('340303','3403','彰化',3),
  ('340304','3403','南投',3),
  ('340305','3403','花莲',3),
  ('340306','3403','云林',3);

COMMIT;

#
# Data for the `base_menu` table  (LIMIT 0,500)
#

INSERT INTO `base_menu` (`id`, `type`, `name`, `img_url`, `content_url`, `state`, `terminal_type`, `description`, `default_sort_code`, `modify_time`, `download_url`, `package_name`, `is_Initial`, `meeting_type`) VALUES 
  (1,0,'会议介绍','http://192.168.1.62/upload/menu_icon/introduction.png','portal/meeting/getMeetingInfoForClient.action',1,'CLIENT','会议介绍',1,NULL,'http://wap.118114.cn/sdownload/android/Besttone.apk?fr=bst&pd=2752','com.besttone.hall',1,NULL),
  (2,1,'会议议程','http://192.168.1.62/upload/menu_icon/MeetingActivity.png','MeetingActivity',1,'CLIENT','会议议程',2,NULL,NULL,NULL,1,NULL),
  (3,1,'会议资料','http://192.168.1.62/upload/menu_icon/PaperActivity.png','PaperActivity',1,'CLIENT','会议资料',3,NULL,NULL,NULL,1,NULL),
  (4,1,'互动交流','http://192.168.1.62/upload/menu_icon/CommunicateActivity.png','CommunicateActivity',1,'CLIENT','互动交流',4,NULL,NULL,NULL,1,NULL),
  (5,1,'通讯录','http://192.168.1.62/upload/menu_icon/BookActivity.png','BookActivity',1,'CLIENT','通讯录',9,NULL,NULL,NULL,1,NULL),
  (6,1,'会场位置','http://192.168.1.62/upload/menu_icon/MeetingPlaceActivity.png','MeetingPlaceActivity',1,'CLIENT','会场位置',5,NULL,NULL,NULL,1,NULL),
  (7,1,'签到','http://192.168.1.62/upload/menu_icon/SignActivity.png','BarCodeCaptureActivity',1,'CLIENT','签到',6,NULL,NULL,NULL,0,NULL),
  (10,1,'餐饮安排','http://192.168.1.62/upload/menu_icon/FoodActivity.png','FoodActivity',1,'CLIENT','餐饮安排',7,NULL,NULL,NULL,1,NULL),
  (11,1,'私信','http://192.168.1.62/upload/menu_icon/MessageActivity.png','MessageActivity',1,'CLIENT','私信',10,NULL,NULL,NULL,1,NULL),
  (12,1,'签到码','http://192.168.1.62/upload/menu_icon/DownloadSignActivity.png','DownloadSignActivity',1,'CLIENT','签到码',11,NULL,NULL,NULL,1,NULL),
  (13,1,'会议议程','','portal/pri/agenda/agendaList.action?meetingId=',1,'WEB','会议议程',1,NULL,NULL,NULL,1,NULL),
  (15,3,'会议资料',NULL,'portal/pri/meeting/getMeetingFilesPager.action?from=portal&meetingId=',1,'WEB','会议资料',2,NULL,NULL,NULL,1,NULL),
  (16,4,'互动交流',NULL,'portal/pri/interaction/postList.action?meetingId=',1,'WEB','互动交流',3,NULL,NULL,NULL,1,NULL),
  (17,5,'餐饮安排 ',NULL,'portal/pri/meeting/getDinnerInfo.action?meetingId=',1,'WEB','餐饮安排 ',4,NULL,NULL,NULL,1,NULL),
  (18,6,'酒店住宿',NULL,'portal/pri/meeting/getDinnerInfo.action?meetingId=',0,'WEB','酒店住宿',5,NULL,NULL,NULL,1,NULL),
  (22,0,'会议介绍',NULL,'wap/pri/meeting/getMeetingById.action?returnType=wap&meeting.id=',1,'WAP','会议介绍',1,NULL,NULL,NULL,1,NULL),
  (23,1,'会议议程',NULL,'wap/pri/agenda/view.action?meetingId=',1,'WAP','会议议程',2,NULL,NULL,NULL,1,NULL),
  (25,3,'互动交流',NULL,'wap/pri/interaction/postView.action?meetingId=',1,'WAP','互动交流',4,NULL,NULL,NULL,1,NULL),
  (27,5,'会场位置',NULL,'wap/pri/map/view.action?meeting.id=',1,'WAP','会场位置',5,NULL,NULL,NULL,1,NULL),
  (29,7,'餐饮安排',NULL,'wap/pri/meeting/showDinner.action?meetingId=',1,'WAP','餐饮安排',7,NULL,NULL,NULL,1,NULL),
  (31,0,'会议介绍',NULL,'portal/pri/meeting/getMeetingById.action?returnType=portal_viewmeeting&meeting.id=',1,'WEB','会议介绍',0,NULL,NULL,NULL,1,NULL),
  (32,5,'会场位置',NULL,'portal/pri/meeting/getMeetingById.action?returnType=portal_map&meeting.id=',1,'WEB','会场位置',7,NULL,NULL,NULL,1,NULL),
  (37,9,'通讯录',NULL,'wap/pri/meeting/getMeetingUsers.action?meeting.id=',1,'WAP','通讯录',9,NULL,NULL,NULL,1,NULL),
  (38,9,'通讯录',NULL,'portal/pri/meeting/getMeetingUsers.action?meeting.id=',1,'WEB','通讯录',9,NULL,NULL,NULL,1,NULL),
  (39,10,'站内私信',NULL,'portal/pri/message/list.action?meetingId=',1,'WEB','私信',10,NULL,NULL,NULL,1,NULL),
  (40,10,'站内私信',NULL,'wap/pri/message/messagebox.action?meetingId=',1,'WAP','私信',10,NULL,NULL,NULL,1,NULL),
  (70,6,'签到',NULL,'pages/wap/pri/sign/signIn.jsp?meetingId=',1,'WAP','签到',6,NULL,NULL,NULL,0,NULL),
  (71,11,'签到码',NULL,'wap/pri/meeting/signCode.action?meetingId=',1,'WAP','签到码',11,NULL,NULL,NULL,1,NULL),
  (72,6,'签到',NULL,'pages/portal/pri/sign/signIn.jsp?meetingId=',1,'WEB','签到',6,NULL,NULL,NULL,0,NULL),
  (73,11,'签到码',NULL,'portal/pri/meeting/signCode.action?meetingId=',1,'WEB','签到码',11,NULL,NULL,NULL,1,NULL),
  (100,2,'会议资料','','wap/pri/files/getMeetingFilesPager.action?meetingId=',1,'WAP','会议资料',3,NULL,NULL,NULL,1,NULL),
  (101,0,'管理员','http://192.168.1.62/upload/menu_icon/administrator.png','client/pri/meeting/gotoAdminPage.action',1,'CLIENT','管理员',0,NULL,NULL,NULL,0,NULL),
  (102,1,'个人中心','http://192.168.1.62/upload/menu_icon/MyCenterActivity.png','MyCenterActivity',1,'CLIENT','个人中心',NULL,NULL,NULL,NULL,1,NULL),
  (103,2,'号码百事通','http://192.168.1.62/upload/menu_icon/bestone.png',NULL,1,'CLIENT','号码百事通',NULL,NULL,'http://61.132.254.196/plugins/bestone.apk','com.besttone.hall',1,NULL),
  (104,2,'翼聊','http://192.168.1.62/upload/menu_icon/echat.png',NULL,1,'CLIENT','翼聊',NULL,NULL,'http://61.132.254.196/plugins/echat.apk','com.lectek.android.ecp',1,NULL),
  (105,0,'礼品订购','http://192.168.1.62/upload/menu_icon/gift.png','client/pri/gift/list.action',1,'CLIENT','礼品订购',16,NULL,NULL,NULL,1,NULL),
  (106,16,'礼品订购',NULL,'wap/pri/gift/list.action?meetingId=',1,'WAP','礼品订购',16,NULL,NULL,NULL,1,NULL),
  (107,16,'礼品订购',NULL,'portal/pri/gift/list.action?meetingId=',1,'WEB','礼品订购',16,NULL,NULL,NULL,1,NULL),
  (108,2,'天翼导航','http://192.168.1.62/upload/menu_icon/enavigation.png',NULL,1,'CLIENT','天翼导航',NULL,NULL,'http://61.132.254.196/plugins/enavigation.apk','com.pdager',0,NULL),
  (109,17,'投票管理',NULL,'portal/pri/meeting/vote_findEnableVote.action?meetingId=',1,'WEB','投票管理',20,NULL,NULL,NULL,1,NULL),
  (110,1,'投票管理',NULL,'wap/pri/vote/vote_findEnableVote.action?meetingId=',1,'WAP','投票管理',1,NULL,NULL,NULL,1,NULL),
  (111,0,'投票管理','http://192.168.1.62/upload/menu_icon/vote.png','client/pri/vote/vote_findEnableVote.action',1,'CLIENT','投票管理',2,NULL,NULL,NULL,1,NULL),
  (112,1,'个人中心','http://192.168.1.62/upload/menu_icon/MyCenterActivity.png','MyCenterActivity',1,'CLIENT','个人中心',NULL,NULL,NULL,NULL,1,1),
  (113,2,'号码百事通','http://192.168.1.62/upload/menu_icon/bestone.png',NULL,1,'CLIENT','号码百事通',NULL,NULL,'http://61.132.254.196/plugins/bestone.apk','com.besttone.hall',1,1),
  (114,2,'翼聊','http://192.168.1.62/upload/menu_icon/echat.png',NULL,1,'CLIENT','翼聊',NULL,NULL,'http://61.132.254.196/plugins/echat.apk','com.lectek.android.ecp',1,1),
  (115,2,'天翼导航','http://192.168.1.62/upload/menu_icon/enavigation.png',NULL,1,'CLIENT','天翼导航',NULL,NULL,'http://61.132.254.196/plugins/enavigation.apk','com.pdager',0,1),
  (116,0,'管理员','http://192.168.1.62/upload/menu_icon/administrator.png','client/pri/meeting/gotoAdminPage.action',1,'CLIENT','管理员',0,NULL,NULL,NULL,0,1),
  (117,0,'会议介绍','http://192.168.1.62/upload/menu_icon/introduction.png','portal/meeting/getMeetingInfoForClient.action',1,'CLIENT','会议介绍',1,NULL,'http://wap.118114.cn/sdownload/android/Besttone.apk?fr=bst&pd=2752','com.besttone.hall',1,1),
  (118,1,'会议议程','http://192.168.1.62/upload/menu_icon/MeetingActivity.png','MeetingActivity',1,'CLIENT','会议议程',2,NULL,NULL,NULL,1,1),
  (119,0,'投票管理','http://192.168.1.62/upload/menu_icon/vote.png','client/pri/vote/vote_findEnableVote.action',1,'CLIENT','投票管理',2,NULL,NULL,NULL,1,1),
  (120,1,'会议资料','http://192.168.1.62/upload/menu_icon/PaperActivity.png','PaperActivity',1,'CLIENT','会议资料',3,NULL,NULL,NULL,1,1),
  (121,1,'互动交流','http://192.168.1.62/upload/menu_icon/CommunicateActivity.png','CommunicateActivity',1,'CLIENT','互动交流',4,NULL,NULL,NULL,1,1),
  (122,1,'会场位置','http://192.168.1.62/upload/menu_icon/MeetingPlaceActivity.png','MeetingPlaceActivity',1,'CLIENT','会场位置',5,NULL,NULL,NULL,1,1),
  (123,1,'签到','http://192.168.1.62/upload/menu_icon/SignActivity.png','BarCodeCaptureActivity',1,'CLIENT','签到',6,NULL,NULL,NULL,0,1),
  (124,1,'餐饮安排','http://192.168.1.62/upload/menu_icon/FoodActivity.png','FoodActivity',1,'CLIENT','餐饮安排',7,NULL,NULL,NULL,1,1),
  (125,1,'通讯录','http://192.168.1.62/upload/menu_icon/BookActivity.png','BookActivity',1,'CLIENT','通讯录',9,NULL,NULL,NULL,1,1),
  (126,1,'私信','http://192.168.1.62/upload/menu_icon/MessageActivity.png','MessageActivity',1,'CLIENT','私信',10,NULL,NULL,NULL,1,1),
  (127,1,'签到码','http://192.168.1.62/upload/menu_icon/DownloadSignActivity.png','DownloadSignActivity',1,'CLIENT','签到码',11,NULL,NULL,NULL,1,1),
  (128,0,'礼品订购','http://192.168.1.62/upload/menu_icon/gift.png','client/pri/gift/list.action',1,'CLIENT','礼品订购',16,NULL,NULL,NULL,1,1),
  (129,0,'会议介绍',NULL,'wap/pri/meeting/getMeetingById.action?returnType=wap&meeting.id=',1,'WAP','会议介绍',1,NULL,NULL,NULL,1,1),
  (130,1,'投票管理',NULL,'wap/pri/vote/vote_findEnableVote.action?meetingId=',1,'WAP','投票管理',1,NULL,NULL,NULL,1,1),
  (131,1,'会议议程',NULL,'wap/pri/agenda/view.action?meetingId=',1,'WAP','会议议程',2,NULL,NULL,NULL,1,1),
  (132,2,'会议资料','','wap/pri/files/getMeetingFilesPager.action?meetingId=',1,'WAP','会议资料',3,NULL,NULL,NULL,1,1),
  (133,3,'互动交流',NULL,'wap/pri/interaction/postView.action?meetingId=',1,'WAP','互动交流',4,NULL,NULL,NULL,1,1),
  (134,5,'会场位置',NULL,'wap/pri/map/view.action?meeting.id=',1,'WAP','会场位置',5,NULL,NULL,NULL,1,1),
  (135,6,'签到',NULL,'pages/wap/pri/sign/signIn.jsp?meetingId=',1,'WAP','签到',6,NULL,NULL,NULL,0,1),
  (136,7,'餐饮安排',NULL,'wap/pri/meeting/showDinner.action?meetingId=',1,'WAP','餐饮安排',7,NULL,NULL,NULL,1,1),
  (137,9,'通讯录',NULL,'wap/pri/meeting/getMeetingUsers.action?meeting.id=',1,'WAP','通讯录',9,NULL,NULL,NULL,1,1),
  (138,10,'站内私信',NULL,'wap/pri/message/messagebox.action?meetingId=',1,'WAP','私信',10,NULL,NULL,NULL,1,1),
  (139,11,'签到码',NULL,'wap/pri/meeting/signCode.action?meetingId=',1,'WAP','签到码',11,NULL,NULL,NULL,1,1),
  (140,16,'礼品订购',NULL,'wap/pri/gift/list.action?meetingId=',1,'WAP','礼品订购',16,NULL,NULL,NULL,1,1),
  (141,0,'会议介绍',NULL,'portal/pri/meeting/getMeetingById.action?returnType=portal_viewmeeting&meeting.id=',1,'WEB','会议介绍',0,NULL,NULL,NULL,1,1),
  (142,1,'会议议程','','portal/pri/agenda/agendaList.action?meetingId=',1,'WEB','会议议程',1,NULL,NULL,NULL,1,1),
  (143,3,'会议资料',NULL,'portal/pri/meeting/getMeetingFilesPager.action?from=portal&meetingId=',1,'WEB','会议资料',2,NULL,NULL,NULL,1,1),
  (144,4,'互动交流',NULL,'portal/pri/interaction/postList.action?meetingId=',1,'WEB','互动交流',3,NULL,NULL,NULL,1,1),
  (145,5,'餐饮安排 ',NULL,'portal/pri/meeting/getDinnerInfo.action?meetingId=',1,'WEB','餐饮安排 ',4,NULL,NULL,NULL,1,1),
  (146,6,'签到',NULL,'pages/portal/pri/sign/signIn.jsp?meetingId=',1,'WEB','签到',6,NULL,NULL,NULL,0,1),
  (147,5,'会场位置',NULL,'portal/pri/meeting/getMeetingById.action?returnType=portal_map&meeting.id=',1,'WEB','会场位置',7,NULL,NULL,NULL,1,1),
  (148,9,'通讯录',NULL,'portal/pri/meeting/getMeetingUsers.action?meeting.id=',1,'WEB','通讯录',9,NULL,NULL,NULL,1,1),
  (149,10,'站内私信',NULL,'portal/pri/message/list.action?meetingId=',1,'WEB','私信',10,NULL,NULL,NULL,1,1),
  (150,11,'签到码',NULL,'portal/pri/meeting/signCode.action?meetingId=',1,'WEB','签到码',11,NULL,NULL,NULL,1,1),
  (151,16,'礼品订购',NULL,'portal/pri/gift/list.action?meetingId=',1,'WEB','礼品订购',16,NULL,NULL,NULL,1,1),
  (152,17,'投票管理',NULL,'portal/pri/meeting/vote_findEnableVote.action?meetingId=',1,'WEB','投票管理',20,NULL,NULL,NULL,1,1),
  (194,1,'个人中心','http://192.168.1.62/upload/menu_icon/MyCenterActivity.png','MyCenterActivity',1,'CLIENT','个人中心',NULL,'2012-02-01 13:59:02',NULL,NULL,1,2),
  (195,2,'号码百事通','http://192.168.1.62/upload/menu_icon/bestone.png',NULL,1,'CLIENT','号码百事通',NULL,NULL,'http://61.132.254.196/plugins/bestone.apk','com.besttone.hall',1,2),
  (196,2,'翼聊','http://192.168.1.62/upload/menu_icon/echat.png',NULL,1,'CLIENT','翼聊',NULL,NULL,'http://61.132.254.196/plugins/echat.apk','com.lectek.android.ecp',1,2),
  (197,2,'天翼导航','http://192.168.1.62/upload/menu_icon/enavigation.png',NULL,1,'CLIENT','天翼导航',NULL,NULL,'http://61.132.254.196/plugins/enavigation.apk','com.pdager',0,2),
  (198,0,'管理员','http://192.168.1.62/upload/menu_icon/administrator.png','client/pri/meeting/gotoAdminPage.action',1,'CLIENT','管理员',0,NULL,NULL,NULL,0,2),
  (199,0,'行程介绍','http://192.168.1.62/upload/menu_icon/introduction.png','portal/meeting/getMeetingInfoForClient.action',1,'CLIENT','行程介绍',1,'2012-02-01 13:57:13','http://wap.118114.cn/sdownload/android/Besttone.apk?fr=bst&pd=2752','com.besttone.hall',1,2),
  (200,1,'行程安排','http://192.168.1.62/upload/menu_icon/MeetingActivity.png','MeetingActivity',1,'CLIENT','行程安排',2,'2012-02-01 13:57:34',NULL,NULL,1,2),
  (201,0,'投票管理','http://192.168.1.62/upload/menu_icon/vote.png','client/pri/vote/vote_findEnableVote.action',1,'CLIENT','投票管理',2,NULL,NULL,NULL,1,2),
  (202,1,'旅游资料','http://192.168.1.62/upload/menu_icon/PaperActivity.png','PaperActivity',1,'CLIENT','旅游资料',3,'2012-02-01 13:57:48',NULL,NULL,1,2),
  (203,1,'互动交流','http://192.168.1.62/upload/menu_icon/CommunicateActivity.png','CommunicateActivity',1,'CLIENT','互动交流',4,NULL,NULL,NULL,1,2),
  (204,1,'景点位置','http://192.168.1.62/upload/menu_icon/MeetingPlaceActivity.png','MeetingPlaceActivity',1,'CLIENT','景点位置',5,'2012-02-01 13:58:20',NULL,NULL,1,2),
  (205,1,'签到','http://192.168.1.62/upload/menu_icon/SignActivity.png','BarCodeCaptureActivity',1,'CLIENT','签到',6,NULL,NULL,NULL,0,2),
  (206,1,'餐饮安排','http://192.168.1.62/upload/menu_icon/FoodActivity.png','FoodActivity',1,'CLIENT','餐饮安排',7,NULL,NULL,NULL,1,2),
  (207,1,'通讯录','http://192.168.1.62/upload/menu_icon/BookActivity.png','BookActivity',1,'CLIENT','通讯录',9,NULL,NULL,NULL,1,2),
  (208,1,'私信','http://192.168.1.62/upload/menu_icon/MessageActivity.png','MessageActivity',1,'CLIENT','私信',10,NULL,NULL,NULL,1,2),
  (209,1,'签到码','http://192.168.1.62/upload/menu_icon/DownloadSignActivity.png','DownloadSignActivity',1,'CLIENT','签到码',11,NULL,NULL,NULL,1,2),
  (210,0,'礼品订购','http://192.168.1.62/upload/menu_icon/gift.png','client/pri/gift/list.action',1,'CLIENT','礼品订购',16,NULL,NULL,NULL,1,2),
  (211,0,'会议介绍',NULL,'wap/pri/meeting/getMeetingById.action?returnType=wap&meeting.id=',1,'WAP','会议介绍',1,NULL,NULL,NULL,1,2),
  (212,1,'投票管理',NULL,'wap/pri/vote/vote_findEnableVote.action?meetingId=',1,'WAP','投票管理',1,NULL,NULL,NULL,1,2),
  (213,1,'会议议程',NULL,'wap/pri/agenda/view.action?meetingId=',1,'WAP','会议议程',2,NULL,NULL,NULL,1,2),
  (214,2,'会议资料','','wap/pri/files/getMeetingFilesPager.action?meetingId=',1,'WAP','会议资料',3,NULL,NULL,NULL,1,2),
  (215,3,'互动交流',NULL,'wap/pri/interaction/postView.action?meetingId=',1,'WAP','互动交流',4,NULL,NULL,NULL,1,2),
  (216,5,'会场位置',NULL,'wap/pri/map/view.action?meeting.id=',1,'WAP','会场位置',5,NULL,NULL,NULL,1,2),
  (217,6,'签到',NULL,'pages/wap/pri/sign/signIn.jsp?meetingId=',1,'WAP','签到',6,NULL,NULL,NULL,0,2),
  (218,7,'餐饮安排',NULL,'wap/pri/meeting/showDinner.action?meetingId=',1,'WAP','餐饮安排',7,NULL,NULL,NULL,1,2),
  (219,9,'通讯录',NULL,'wap/pri/meeting/getMeetingUsers.action?meeting.id=',1,'WAP','通讯录',9,NULL,NULL,NULL,1,2),
  (220,10,'站内私信',NULL,'wap/pri/message/messagebox.action?meetingId=',1,'WAP','私信',10,NULL,NULL,NULL,1,2),
  (221,11,'签到码',NULL,'wap/pri/meeting/signCode.action?meetingId=',1,'WAP','签到码',11,NULL,NULL,NULL,1,2),
  (222,16,'礼品订购',NULL,'wap/pri/gift/list.action?meetingId=',1,'WAP','礼品订购',16,NULL,NULL,NULL,1,2),
  (223,0,'会议介绍',NULL,'portal/pri/meeting/getMeetingById.action?returnType=portal_viewmeeting&meeting.id=',1,'WEB','会议介绍',0,NULL,NULL,NULL,1,2),
  (224,1,'会议议程','','portal/pri/agenda/agendaList.action?meetingId=',1,'WEB','会议议程',1,NULL,NULL,NULL,1,2),
  (225,3,'会议资料',NULL,'portal/pri/meeting/getMeetingFilesPager.action?from=portal&meetingId=',1,'WEB','会议资料',2,NULL,NULL,NULL,1,2),
  (226,4,'互动交流',NULL,'portal/pri/interaction/postList.action?meetingId=',1,'WEB','互动交流',3,NULL,NULL,NULL,1,2),
  (227,5,'餐饮安排 ',NULL,'portal/pri/meeting/getDinnerInfo.action?meetingId=',1,'WEB','餐饮安排 ',4,NULL,NULL,NULL,1,2),
  (228,6,'签到',NULL,'pages/portal/pri/sign/signIn.jsp?meetingId=',1,'WEB','签到',6,NULL,NULL,NULL,0,2),
  (229,5,'会场位置',NULL,'portal/pri/meeting/getMeetingById.action?returnType=portal_map&meeting.id=',1,'WEB','会场位置',7,NULL,NULL,NULL,1,2),
  (230,9,'通讯录',NULL,'portal/pri/meeting/getMeetingUsers.action?meeting.id=',1,'WEB','通讯录',9,NULL,NULL,NULL,1,2),
  (231,10,'站内私信',NULL,'portal/pri/message/list.action?meetingId=',1,'WEB','私信',10,NULL,NULL,NULL,1,2),
  (232,11,'签到码',NULL,'portal/pri/meeting/signCode.action?meetingId=',1,'WEB','签到码',11,NULL,NULL,NULL,1,2),
  (233,16,'礼品订购',NULL,'portal/pri/gift/list.action?meetingId=',1,'WEB','礼品订购',16,NULL,NULL,NULL,1,2),
  (234,17,'投票管理',NULL,'portal/pri/meeting/vote_findEnableVote.action?meetingId=',1,'WEB','投票管理',20,NULL,NULL,NULL,1,2),
  (235,1,'grzx','http://192.168.1.62/upload/menu_icon/MyCenterActivity.png','MyCenterActivity',1,'CLIENT','个人中心',NULL,'2012-02-01 14:18:50',NULL,NULL,1,3),
  (236,2,'号码百事通','http://192.168.1.62/upload/menu_icon/bestone.png',NULL,1,'CLIENT','号码百事通',NULL,NULL,'http://61.132.254.196/plugins/bestone.apk','com.besttone.hall',1,3),
  (237,2,'翼聊','http://192.168.1.62/upload/menu_icon/echat.png',NULL,1,'CLIENT','翼聊',NULL,NULL,'http://61.132.254.196/plugins/echat.apk','com.lectek.android.ecp',1,3),
  (238,2,'天翼导航','http://192.168.1.62/upload/menu_icon/enavigation.png',NULL,1,'CLIENT','天翼导航',NULL,NULL,'http://61.132.254.196/plugins/enavigation.apk','com.pdager',0,3),
  (239,0,'管理员','http://192.168.1.62/upload/menu_icon/administrator.png','client/pri/meeting/gotoAdminPage.action',1,'CLIENT','管理员',0,NULL,NULL,NULL,0,3),
  (240,0,'会议介绍','http://192.168.1.62/upload/menu_icon/introduction.png','portal/meeting/getMeetingInfoForClient.action',1,'CLIENT','会议介绍',1,NULL,'http://wap.118114.cn/sdownload/android/Besttone.apk?fr=bst&pd=2752','com.besttone.hall',1,3),
  (241,1,'会议议程','http://192.168.1.62/upload/menu_icon/MeetingActivity.png','MeetingActivity',1,'CLIENT','会议议程',2,NULL,NULL,NULL,1,3),
  (242,0,'投票管理','http://192.168.1.62/upload/menu_icon/vote.png','client/pri/vote/vote_findEnableVote.action',1,'CLIENT','投票管理',2,NULL,NULL,NULL,1,3),
  (243,1,'会议资料','http://192.168.1.62/upload/menu_icon/PaperActivity.png','PaperActivity',1,'CLIENT','会议资料',3,NULL,NULL,NULL,1,3),
  (244,1,'互动交流','http://192.168.1.62/upload/menu_icon/CommunicateActivity.png','CommunicateActivity',1,'CLIENT','互动交流',4,NULL,NULL,NULL,1,3),
  (245,1,'会场位置','http://192.168.1.62/upload/menu_icon/MeetingPlaceActivity.png','MeetingPlaceActivity',1,'CLIENT','会场位置',5,NULL,NULL,NULL,1,3),
  (246,1,'签到','http://192.168.1.62/upload/menu_icon/SignActivity.png','BarCodeCaptureActivity',1,'CLIENT','签到',6,NULL,NULL,NULL,0,3),
  (247,1,'餐饮安排','http://192.168.1.62/upload/menu_icon/FoodActivity.png','FoodActivity',1,'CLIENT','餐饮安排',7,NULL,NULL,NULL,1,3),
  (248,1,'通讯录','http://192.168.1.62/upload/menu_icon/BookActivity.png','BookActivity',1,'CLIENT','通讯录',9,NULL,NULL,NULL,1,3),
  (249,1,'私信','http://192.168.1.62/upload/menu_icon/MessageActivity.png','MessageActivity',1,'CLIENT','私信',10,NULL,NULL,NULL,1,3),
  (250,1,'签到码','http://192.168.1.62/upload/menu_icon/DownloadSignActivity.png','DownloadSignActivity',1,'CLIENT','签到码',11,NULL,NULL,NULL,1,3),
  (251,0,'礼品订购','http://192.168.1.62/upload/menu_icon/gift.png','client/pri/gift/list.action',1,'CLIENT','礼品订购',16,NULL,NULL,NULL,1,3),
  (252,0,'会议介绍',NULL,'wap/pri/meeting/getMeetingById.action?returnType=wap&meeting.id=',1,'WAP','会议介绍',1,NULL,NULL,NULL,1,3),
  (253,1,'投票管理',NULL,'wap/pri/vote/vote_findEnableVote.action?meetingId=',1,'WAP','投票管理',1,NULL,NULL,NULL,1,3),
  (254,1,'会议议程',NULL,'wap/pri/agenda/view.action?meetingId=',1,'WAP','会议议程',2,NULL,NULL,NULL,1,3),
  (255,2,'会议资料','','wap/pri/files/getMeetingFilesPager.action?meetingId=',1,'WAP','会议资料',3,NULL,NULL,NULL,1,3),
  (256,3,'互动交流',NULL,'wap/pri/interaction/postView.action?meetingId=',1,'WAP','互动交流',4,NULL,NULL,NULL,1,3),
  (257,5,'会场位置',NULL,'wap/pri/map/view.action?meeting.id=',1,'WAP','会场位置',5,NULL,NULL,NULL,1,3),
  (258,6,'签到',NULL,'pages/wap/pri/sign/signIn.jsp?meetingId=',1,'WAP','签到',6,NULL,NULL,NULL,0,3),
  (259,7,'餐饮安排',NULL,'wap/pri/meeting/showDinner.action?meetingId=',1,'WAP','餐饮安排',7,NULL,NULL,NULL,1,3),
  (260,9,'通讯录',NULL,'wap/pri/meeting/getMeetingUsers.action?meeting.id=',1,'WAP','通讯录',9,NULL,NULL,NULL,1,3),
  (261,10,'站内私信',NULL,'wap/pri/message/messagebox.action?meetingId=',1,'WAP','私信',10,NULL,NULL,NULL,1,3),
  (262,11,'签到码',NULL,'wap/pri/meeting/signCode.action?meetingId=',1,'WAP','签到码',11,NULL,NULL,NULL,1,3),
  (263,16,'礼品订购',NULL,'wap/pri/gift/list.action?meetingId=',1,'WAP','礼品订购',16,NULL,NULL,NULL,1,3),
  (264,0,'会议介绍',NULL,'portal/pri/meeting/getMeetingById.action?returnType=portal_viewmeeting&meeting.id=',1,'WEB','会议介绍',0,NULL,NULL,NULL,1,3),
  (265,1,'会议议程','','portal/pri/agenda/agendaList.action?meetingId=',1,'WEB','会议议程',1,NULL,NULL,NULL,1,3),
  (266,3,'会议资料',NULL,'portal/pri/meeting/getMeetingFilesPager.action?from=portal&meetingId=',1,'WEB','会议资料',2,NULL,NULL,NULL,1,3),
  (267,4,'互动交流',NULL,'portal/pri/interaction/postList.action?meetingId=',1,'WEB','互动交流',3,NULL,NULL,NULL,1,3),
  (268,5,'餐饮安排 ',NULL,'portal/pri/meeting/getDinnerInfo.action?meetingId=',1,'WEB','餐饮安排 ',4,NULL,NULL,NULL,1,3),
  (269,6,'签到',NULL,'pages/portal/pri/sign/signIn.jsp?meetingId=',1,'WEB','签到',6,NULL,NULL,NULL,0,3),
  (270,5,'会场位置',NULL,'portal/pri/meeting/getMeetingById.action?returnType=portal_map&meeting.id=',1,'WEB','会场位置',7,NULL,NULL,NULL,1,3),
  (271,9,'通讯录',NULL,'portal/pri/meeting/getMeetingUsers.action?meeting.id=',1,'WEB','通讯录',9,NULL,NULL,NULL,1,3),
  (272,10,'站内私信',NULL,'portal/pri/message/list.action?meetingId=',1,'WEB','私信',10,NULL,NULL,NULL,1,3),
  (273,11,'签到码',NULL,'portal/pri/meeting/signCode.action?meetingId=',1,'WEB','签到码',11,NULL,NULL,NULL,1,3),
  (274,16,'礼品订购',NULL,'portal/pri/gift/list.action?meetingId=',1,'WEB','礼品订购',16,NULL,NULL,NULL,1,3),
  (275,17,'投票管理',NULL,'portal/pri/meeting/vote_findEnableVote.action?meetingId=',1,'WEB','投票管理',20,NULL,NULL,NULL,1,3),
  (317,1,'个人中心','http://192.168.1.62/upload/menu_icon/MyCenterActivity.png','MyCenterActivity',1,'CLIENT','个人中心',NULL,NULL,NULL,NULL,1,4),
  (318,2,'号码百事通','http://192.168.1.62/upload/menu_icon/bestone.png',NULL,1,'CLIENT','号码百事通',NULL,NULL,'http://61.132.254.196/plugins/bestone.apk','com.besttone.hall',1,4),
  (319,2,'翼聊','http://192.168.1.62/upload/menu_icon/echat.png',NULL,1,'CLIENT','翼聊',NULL,NULL,'http://61.132.254.196/plugins/echat.apk','com.lectek.android.ecp',1,4),
  (320,2,'天翼导航','http://192.168.1.62/upload/menu_icon/enavigation.png',NULL,1,'CLIENT','天翼导航',NULL,NULL,'http://61.132.254.196/plugins/enavigation.apk','com.pdager',0,4),
  (321,0,'管理员','http://192.168.1.62/upload/menu_icon/administrator.png','client/pri/meeting/gotoAdminPage.action',1,'CLIENT','管理员',0,NULL,NULL,NULL,0,4),
  (322,0,'会议介绍','http://192.168.1.62/upload/menu_icon/introduction.png','portal/meeting/getMeetingInfoForClient.action',1,'CLIENT','会议介绍',1,NULL,'http://wap.118114.cn/sdownload/android/Besttone.apk?fr=bst&pd=2752','com.besttone.hall',1,4),
  (323,1,'会议议程','http://192.168.1.62/upload/menu_icon/MeetingActivity.png','MeetingActivity',1,'CLIENT','会议议程',2,NULL,NULL,NULL,1,4),
  (324,0,'投票管理','http://192.168.1.62/upload/menu_icon/vote.png','client/pri/vote/vote_findEnableVote.action',1,'CLIENT','投票管理',2,NULL,NULL,NULL,1,4),
  (325,1,'会议资料','http://192.168.1.62/upload/menu_icon/PaperActivity.png','PaperActivity',1,'CLIENT','会议资料',3,NULL,NULL,NULL,1,4),
  (326,1,'互动交流','http://192.168.1.62/upload/menu_icon/CommunicateActivity.png','CommunicateActivity',1,'CLIENT','互动交流',4,NULL,NULL,NULL,1,4),
  (327,1,'会场位置','http://192.168.1.62/upload/menu_icon/MeetingPlaceActivity.png','MeetingPlaceActivity',1,'CLIENT','会场位置',5,NULL,NULL,NULL,1,4),
  (328,1,'签到','http://192.168.1.62/upload/menu_icon/SignActivity.png','BarCodeCaptureActivity',1,'CLIENT','签到',6,NULL,NULL,NULL,0,4),
  (329,1,'餐饮安排','http://192.168.1.62/upload/menu_icon/FoodActivity.png','FoodActivity',1,'CLIENT','餐饮安排',7,NULL,NULL,NULL,1,4),
  (330,1,'通讯录','http://192.168.1.62/upload/menu_icon/BookActivity.png','BookActivity',1,'CLIENT','通讯录',9,NULL,NULL,NULL,1,4),
  (331,1,'私信','http://192.168.1.62/upload/menu_icon/MessageActivity.png','MessageActivity',1,'CLIENT','私信',10,NULL,NULL,NULL,1,4),
  (332,1,'签到码','http://192.168.1.62/upload/menu_icon/DownloadSignActivity.png','DownloadSignActivity',1,'CLIENT','签到码',11,NULL,NULL,NULL,1,4),
  (333,0,'礼品订购','http://192.168.1.62/upload/menu_icon/gift.png','client/pri/gift/list.action',1,'CLIENT','礼品订购',16,NULL,NULL,NULL,1,4),
  (334,0,'会议介绍',NULL,'wap/pri/meeting/getMeetingById.action?returnType=wap&meeting.id=',1,'WAP','会议介绍',1,NULL,NULL,NULL,1,4),
  (335,1,'投票管理',NULL,'wap/pri/vote/vote_findEnableVote.action?meetingId=',1,'WAP','投票管理',1,NULL,NULL,NULL,1,4),
  (336,1,'会议议程',NULL,'wap/pri/agenda/view.action?meetingId=',1,'WAP','会议议程',2,NULL,NULL,NULL,1,4),
  (337,2,'会议资料','','wap/pri/files/getMeetingFilesPager.action?meetingId=',1,'WAP','会议资料',3,NULL,NULL,NULL,1,4),
  (338,3,'互动交流',NULL,'wap/pri/interaction/postView.action?meetingId=',1,'WAP','互动交流',4,NULL,NULL,NULL,1,4),
  (339,5,'会场位置',NULL,'wap/pri/map/view.action?meeting.id=',1,'WAP','会场位置',5,NULL,NULL,NULL,1,4),
  (340,6,'签到',NULL,'pages/wap/pri/sign/signIn.jsp?meetingId=',1,'WAP','签到',6,NULL,NULL,NULL,0,4),
  (341,7,'餐饮安排',NULL,'wap/pri/meeting/showDinner.action?meetingId=',1,'WAP','餐饮安排',7,NULL,NULL,NULL,1,4),
  (342,9,'通讯录',NULL,'wap/pri/meeting/getMeetingUsers.action?meeting.id=',1,'WAP','通讯录',9,NULL,NULL,NULL,1,4),
  (343,10,'站内私信',NULL,'wap/pri/message/messagebox.action?meetingId=',1,'WAP','私信',10,NULL,NULL,NULL,1,4),
  (344,11,'签到码',NULL,'wap/pri/meeting/signCode.action?meetingId=',1,'WAP','签到码',11,NULL,NULL,NULL,1,4),
  (345,16,'礼品订购',NULL,'wap/pri/gift/list.action?meetingId=',1,'WAP','礼品订购',16,NULL,NULL,NULL,1,4),
  (346,0,'会议介绍',NULL,'portal/pri/meeting/getMeetingById.action?returnType=portal_viewmeeting&meeting.id=',1,'WEB','会议介绍',0,NULL,NULL,NULL,1,4),
  (347,1,'会议议程','','portal/pri/agenda/agendaList.action?meetingId=',1,'WEB','会议议程',1,NULL,NULL,NULL,1,4),
  (348,3,'会议资料',NULL,'portal/pri/meeting/getMeetingFilesPager.action?from=portal&meetingId=',1,'WEB','会议资料',2,NULL,NULL,NULL,1,4),
  (349,4,'互动交流',NULL,'portal/pri/interaction/postList.action?meetingId=',1,'WEB','互动交流',3,NULL,NULL,NULL,1,4),
  (350,5,'餐饮安排 ',NULL,'portal/pri/meeting/getDinnerInfo.action?meetingId=',1,'WEB','餐饮安排 ',4,NULL,NULL,NULL,1,4),
  (351,6,'签到',NULL,'pages/portal/pri/sign/signIn.jsp?meetingId=',1,'WEB','签到',6,NULL,NULL,NULL,0,4),
  (352,5,'会场位置',NULL,'portal/pri/meeting/getMeetingById.action?returnType=portal_map&meeting.id=',1,'WEB','会场位置',7,NULL,NULL,NULL,1,4),
  (353,9,'通讯录',NULL,'portal/pri/meeting/getMeetingUsers.action?meeting.id=',1,'WEB','通讯录',9,NULL,NULL,NULL,1,4),
  (354,10,'站内私信',NULL,'portal/pri/message/list.action?meetingId=',1,'WEB','私信',10,NULL,NULL,NULL,1,4),
  (355,11,'签到码',NULL,'portal/pri/meeting/signCode.action?meetingId=',1,'WEB','签到码',11,NULL,NULL,NULL,1,4),
  (356,16,'礼品订购',NULL,'portal/pri/gift/list.action?meetingId=',1,'WEB','礼品订购',16,NULL,NULL,NULL,1,4),
  (357,17,'投票管理',NULL,'portal/pri/meeting/vote_findEnableVote.action?meetingId=',1,'WEB','投票管理',20,NULL,NULL,NULL,1,4),
  (399,1,'个人dx','http://192.168.1.62/upload/menu_icon/MyCenterActivity.png','MyCenterActivity',1,'CLIENT','个人中心',NULL,'2012-02-01 14:27:40',NULL,NULL,1,5),
  (400,2,'号码百事通','http://192.168.1.62/upload/menu_icon/bestone.png',NULL,1,'CLIENT','号码百事通',NULL,NULL,'http://61.132.254.196/plugins/bestone.apk','com.besttone.hall',1,5),
  (401,2,'翼聊','http://192.168.1.62/upload/menu_icon/echat.png',NULL,1,'CLIENT','翼聊',NULL,NULL,'http://61.132.254.196/plugins/echat.apk','com.lectek.android.ecp',1,5),
  (402,2,'天翼导航','http://192.168.1.62/upload/menu_icon/enavigation.png',NULL,1,'CLIENT','天翼导航',NULL,NULL,'http://61.132.254.196/plugins/enavigation.apk','com.pdager',0,5),
  (403,0,'管理员','http://192.168.1.62/upload/menu_icon/administrator.png','client/pri/meeting/gotoAdminPage.action',1,'CLIENT','管理员',0,NULL,NULL,NULL,0,5),
  (404,0,'会议介绍','http://192.168.1.62/upload/menu_icon/introduction.png','portal/meeting/getMeetingInfoForClient.action',1,'CLIENT','会议介绍',1,NULL,'http://wap.118114.cn/sdownload/android/Besttone.apk?fr=bst&pd=2752','com.besttone.hall',1,5),
  (405,1,'会议议程','http://192.168.1.62/upload/menu_icon/MeetingActivity.png','MeetingActivity',1,'CLIENT','会议议程',2,NULL,NULL,NULL,1,5),
  (406,0,'投票管理','http://192.168.1.62/upload/menu_icon/vote.png','client/pri/vote/vote_findEnableVote.action',1,'CLIENT','投票管理',2,NULL,NULL,NULL,1,5),
  (407,1,'会议资料','http://192.168.1.62/upload/menu_icon/PaperActivity.png','PaperActivity',1,'CLIENT','会议资料',3,NULL,NULL,NULL,1,5),
  (408,1,'互动交流','http://192.168.1.62/upload/menu_icon/CommunicateActivity.png','CommunicateActivity',1,'CLIENT','互动交流',4,NULL,NULL,NULL,1,5),
  (409,1,'会场位置','http://192.168.1.62/upload/menu_icon/MeetingPlaceActivity.png','MeetingPlaceActivity',1,'CLIENT','会场位置',5,NULL,NULL,NULL,1,5),
  (410,1,'签到','http://192.168.1.62/upload/menu_icon/SignActivity.png','BarCodeCaptureActivity',1,'CLIENT','签到',6,NULL,NULL,NULL,0,5),
  (411,1,'餐饮安排','http://192.168.1.62/upload/menu_icon/FoodActivity.png','FoodActivity',1,'CLIENT','餐饮安排',7,NULL,NULL,NULL,1,5),
  (412,1,'通讯录','http://192.168.1.62/upload/menu_icon/BookActivity.png','BookActivity',1,'CLIENT','通讯录',9,NULL,NULL,NULL,1,5),
  (413,1,'私信','http://192.168.1.62/upload/menu_icon/MessageActivity.png','MessageActivity',1,'CLIENT','私信',10,NULL,NULL,NULL,1,5),
  (414,1,'签到码','http://192.168.1.62/upload/menu_icon/DownloadSignActivity.png','DownloadSignActivity',1,'CLIENT','签到码',11,NULL,NULL,NULL,1,5),
  (415,0,'礼品订购','http://192.168.1.62/upload/menu_icon/gift.png','client/pri/gift/list.action',1,'CLIENT','礼品订购',16,NULL,NULL,NULL,1,5),
  (416,0,'会议介绍',NULL,'wap/pri/meeting/getMeetingById.action?returnType=wap&meeting.id=',1,'WAP','会议介绍',1,NULL,NULL,NULL,1,5),
  (417,1,'投票管理',NULL,'wap/pri/vote/vote_findEnableVote.action?meetingId=',1,'WAP','投票管理',1,NULL,NULL,NULL,1,5),
  (418,1,'会议议程',NULL,'wap/pri/agenda/view.action?meetingId=',1,'WAP','会议议程',2,NULL,NULL,NULL,1,5),
  (419,2,'会议资料','','wap/pri/files/getMeetingFilesPager.action?meetingId=',1,'WAP','会议资料',3,NULL,NULL,NULL,1,5),
  (420,3,'互动交流',NULL,'wap/pri/interaction/postView.action?meetingId=',1,'WAP','互动交流',4,NULL,NULL,NULL,1,5),
  (421,5,'会场位置',NULL,'wap/pri/map/view.action?meeting.id=',1,'WAP','会场位置',5,NULL,NULL,NULL,1,5),
  (422,6,'签到',NULL,'pages/wap/pri/sign/signIn.jsp?meetingId=',1,'WAP','签到',6,NULL,NULL,NULL,0,5),
  (423,7,'餐饮安排',NULL,'wap/pri/meeting/showDinner.action?meetingId=',1,'WAP','餐饮安排',7,NULL,NULL,NULL,1,5),
  (424,9,'通讯录',NULL,'wap/pri/meeting/getMeetingUsers.action?meeting.id=',1,'WAP','通讯录',9,NULL,NULL,NULL,1,5),
  (425,10,'站内私信',NULL,'wap/pri/message/messagebox.action?meetingId=',1,'WAP','私信',10,NULL,NULL,NULL,1,5),
  (426,11,'签到码',NULL,'wap/pri/meeting/signCode.action?meetingId=',1,'WAP','签到码',11,NULL,NULL,NULL,1,5),
  (427,16,'礼品订购',NULL,'wap/pri/gift/list.action?meetingId=',1,'WAP','礼品订购',16,NULL,NULL,NULL,1,5),
  (428,0,'会议介绍',NULL,'portal/pri/meeting/getMeetingById.action?returnType=portal_viewmeeting&meeting.id=',1,'WEB','会议介绍',0,NULL,NULL,NULL,1,5),
  (429,1,'会议议程','','portal/pri/agenda/agendaList.action?meetingId=',1,'WEB','会议议程',1,NULL,NULL,NULL,1,5),
  (430,3,'会议资料',NULL,'portal/pri/meeting/getMeetingFilesPager.action?from=portal&meetingId=',1,'WEB','会议资料',2,NULL,NULL,NULL,1,5),
  (431,4,'互动交流',NULL,'portal/pri/interaction/postList.action?meetingId=',1,'WEB','互动交流',3,NULL,NULL,NULL,1,5),
  (432,5,'餐饮安排 ',NULL,'portal/pri/meeting/getDinnerInfo.action?meetingId=',1,'WEB','餐饮安排 ',4,NULL,NULL,NULL,1,5),
  (433,6,'签到',NULL,'pages/portal/pri/sign/signIn.jsp?meetingId=',1,'WEB','签到',6,NULL,NULL,NULL,0,5),
  (434,5,'会场位置',NULL,'portal/pri/meeting/getMeetingById.action?returnType=portal_map&meeting.id=',1,'WEB','会场位置',7,NULL,NULL,NULL,1,5),
  (435,9,'通讯录',NULL,'portal/pri/meeting/getMeetingUsers.action?meeting.id=',1,'WEB','通讯录',9,NULL,NULL,NULL,1,5),
  (436,10,'站内私信',NULL,'portal/pri/message/list.action?meetingId=',1,'WEB','私信',10,NULL,NULL,NULL,1,5),
  (437,11,'签到码',NULL,'portal/pri/meeting/signCode.action?meetingId=',1,'WEB','签到码',11,NULL,NULL,NULL,1,5),
  (438,16,'礼品订购',NULL,'portal/pri/gift/list.action?meetingId=',1,'WEB','礼品订购',16,NULL,NULL,NULL,1,5),
  (439,17,'投票',NULL,'portal/pri/meeting/vote_findEnableVote.action?meetingId=',1,'WEB','投票',20,NULL,NULL,NULL,1,5),
  (441,1,'投票',NULL,'wap/pri/vote/vote_findEnableVote.action?meetingId=',1,'WAP','投票',1,NULL,NULL,NULL,1,NULL),
  (442,0,'投票','http://192.168.1.62/upload/menu_icon/vote.png','client/pri/vote/vote_findEnableVote.action',1,'CLIENT','投票',2,NULL,NULL,NULL,1,NULL),
  (615,1,'个人中心','http://192.168.1.62/upload/menu_icon/MyCenterActivity.png','MyCenterActivity',1,'CLIENT','个人中心',NULL,NULL,NULL,NULL,1,9),
  (616,2,'号码百事通','http://192.168.1.62/upload/menu_icon/bestone.png',NULL,1,'CLIENT','号码百事通',NULL,NULL,'http://61.132.254.196/plugins/bestone.apk','com.besttone.hall',1,9),
  (617,2,'翼聊','http://192.168.1.62/upload/menu_icon/echat.png',NULL,1,'CLIENT','翼聊',NULL,NULL,'http://61.132.254.196/plugins/echat.apk','com.lectek.android.ecp',1,9),
  (618,2,'天翼导航','http://192.168.1.62/upload/menu_icon/enavigation.png',NULL,1,'CLIENT','天翼导航',NULL,NULL,'http://61.132.254.196/plugins/enavigation.apk','com.pdager',0,9),
  (619,0,'管理员','http://192.168.1.62/upload/menu_icon/administrator.png','client/pri/meeting/gotoAdminPage.action',1,'CLIENT','管理员',0,NULL,NULL,NULL,0,9),
  (620,0,'会议介绍','http://192.168.1.62/upload/menu_icon/introduction.png','portal/meeting/getMeetingInfoForClient.action',1,'CLIENT','会议介绍',1,NULL,'http://wap.118114.cn/sdownload/android/Besttone.apk?fr=bst&pd=2752','com.besttone.hall',1,9),
  (621,1,'会议议程','http://192.168.1.62/upload/menu_icon/MeetingActivity.png','MeetingActivity',1,'CLIENT','会议议程',2,NULL,NULL,NULL,1,9),
  (622,0,'投票管理','http://192.168.1.62/upload/menu_icon/vote.png','client/pri/vote/vote_findEnableVote.action',1,'CLIENT','投票管理',2,NULL,NULL,NULL,1,9),
  (623,0,'投票','http://192.168.1.62/upload/menu_icon/vote.png','client/pri/vote/vote_findEnableVote.action',1,'CLIENT','投票',2,NULL,NULL,NULL,1,9),
  (624,1,'会议资料','http://192.168.1.62/upload/menu_icon/PaperActivity.png','PaperActivity',1,'CLIENT','会议资料',3,NULL,NULL,NULL,1,9),
  (625,1,'互动交流','http://192.168.1.62/upload/menu_icon/CommunicateActivity.png','CommunicateActivity',1,'CLIENT','互动交流',4,NULL,NULL,NULL,1,9),
  (626,1,'会场位置','http://192.168.1.62/upload/menu_icon/MeetingPlaceActivity.png','MeetingPlaceActivity',1,'CLIENT','会场位置',5,NULL,NULL,NULL,1,9),
  (627,1,'签到','http://192.168.1.62/upload/menu_icon/SignActivity.png','BarCodeCaptureActivity',1,'CLIENT','签到',6,NULL,NULL,NULL,0,9),
  (628,1,'餐饮安排','http://192.168.1.62/upload/menu_icon/FoodActivity.png','FoodActivity',1,'CLIENT','餐饮安排',7,NULL,NULL,NULL,1,9),
  (629,1,'通讯录','http://192.168.1.62/upload/menu_icon/BookActivity.png','BookActivity',1,'CLIENT','通讯录',9,NULL,NULL,NULL,1,9),
  (630,1,'私信','http://192.168.1.62/upload/menu_icon/MessageActivity.png','MessageActivity',1,'CLIENT','私信',10,NULL,NULL,NULL,1,9),
  (631,1,'签到码','http://192.168.1.62/upload/menu_icon/DownloadSignActivity.png','DownloadSignActivity',1,'CLIENT','签到码',11,NULL,NULL,NULL,1,9),
  (632,0,'礼品订购','http://192.168.1.62/upload/menu_icon/gift.png','client/pri/gift/list.action',1,'CLIENT','礼品订购',16,NULL,NULL,NULL,1,9),
  (633,0,'会议介绍',NULL,'wap/pri/meeting/getMeetingById.action?returnType=wap&meeting.id=',1,'WAP','会议介绍',1,NULL,NULL,NULL,1,9),
  (634,1,'投票管理',NULL,'wap/pri/vote/vote_findEnableVote.action?meetingId=',1,'WAP','投票管理',1,NULL,NULL,NULL,1,9),
  (635,1,'投票',NULL,'wap/pri/vote/vote_findEnableVote.action?meetingId=',1,'WAP','投票',1,NULL,NULL,NULL,1,9),
  (636,1,'会议议程',NULL,'wap/pri/agenda/view.action?meetingId=',1,'WAP','会议议程',2,NULL,NULL,NULL,1,9),
  (637,2,'会议资料','','wap/pri/files/getMeetingFilesPager.action?meetingId=',1,'WAP','会议资料',3,NULL,NULL,NULL,1,9),
  (638,3,'互动交流',NULL,'wap/pri/interaction/postView.action?meetingId=',1,'WAP','互动交流',4,NULL,NULL,NULL,1,9),
  (639,5,'会场位置',NULL,'wap/pri/map/view.action?meeting.id=',1,'WAP','会场位置',5,NULL,NULL,NULL,1,9),
  (640,6,'签到',NULL,'pages/wap/pri/sign/signIn.jsp?meetingId=',1,'WAP','签到',6,NULL,NULL,NULL,0,9),
  (641,7,'餐饮安排',NULL,'wap/pri/meeting/showDinner.action?meetingId=',1,'WAP','餐饮安排',7,NULL,NULL,NULL,1,9),
  (642,9,'通讯录',NULL,'wap/pri/meeting/getMeetingUsers.action?meeting.id=',1,'WAP','通讯录',9,NULL,NULL,NULL,1,9),
  (643,10,'站内私信',NULL,'wap/pri/message/messagebox.action?meetingId=',1,'WAP','私信',10,NULL,NULL,NULL,1,9),
  (644,11,'签到码',NULL,'wap/pri/meeting/signCode.action?meetingId=',1,'WAP','签到码',11,NULL,NULL,NULL,1,9),
  (645,16,'礼品订购',NULL,'wap/pri/gift/list.action?meetingId=',1,'WAP','礼品订购',16,NULL,NULL,NULL,1,9),
  (646,0,'会议介绍',NULL,'portal/pri/meeting/getMeetingById.action?returnType=portal_viewmeeting&meeting.id=',1,'WEB','会议介绍',0,NULL,NULL,NULL,1,9),
  (647,1,'会议议程','','portal/pri/agenda/agendaList.action?meetingId=',1,'WEB','会议议程',1,NULL,NULL,NULL,1,9),
  (648,3,'会议资料',NULL,'portal/pri/meeting/getMeetingFilesPager.action?from=portal&meetingId=',1,'WEB','会议资料',2,NULL,NULL,NULL,1,9),
  (649,4,'互动交流',NULL,'portal/pri/interaction/postList.action?meetingId=',1,'WEB','互动交流',3,NULL,NULL,NULL,1,9),
  (650,5,'餐饮安排 ',NULL,'portal/pri/meeting/getDinnerInfo.action?meetingId=',1,'WEB','餐饮安排 ',4,NULL,NULL,NULL,1,9),
  (651,6,'签到',NULL,'pages/portal/pri/sign/signIn.jsp?meetingId=',1,'WEB','签到',6,NULL,NULL,NULL,0,9),
  (652,5,'会场位置',NULL,'portal/pri/meeting/getMeetingById.action?returnType=portal_map&meeting.id=',1,'WEB','会场位置',7,NULL,NULL,NULL,1,9),
  (653,9,'通讯录',NULL,'portal/pri/meeting/getMeetingUsers.action?meeting.id=',1,'WEB','通讯录',9,NULL,NULL,NULL,1,9),
  (654,10,'站内私信',NULL,'portal/pri/message/list.action?meetingId=',1,'WEB','私信',10,NULL,NULL,NULL,1,9),
  (655,11,'签到码',NULL,'portal/pri/meeting/signCode.action?meetingId=',1,'WEB','签到码',11,NULL,NULL,NULL,1,9),
  (656,16,'礼品订购',NULL,'portal/pri/gift/list.action?meetingId=',1,'WEB','礼品订购',16,NULL,NULL,NULL,1,9),
  (657,17,'投票管理',NULL,'portal/pri/meeting/vote_findEnableVote.action?meetingId=',1,'WEB','投票管理',20,NULL,NULL,NULL,1,9),
  (702,1,'个人中心','http://192.168.1.62/upload/menu_icon/MyCenterActivity.png','MyCenterActivity',1,'CLIENT','个人中心',NULL,NULL,NULL,NULL,1,12),
  (703,2,'号码百事通','http://192.168.1.62/upload/menu_icon/bestone.png',NULL,1,'CLIENT','号码百事通',NULL,NULL,'http://61.132.254.196/plugins/bestone.apk','com.besttone.hall',1,12),
  (704,2,'翼聊','http://192.168.1.62/upload/menu_icon/echat.png',NULL,1,'CLIENT','翼聊',NULL,NULL,'http://61.132.254.196/plugins/echat.apk','com.lectek.android.ecp',1,12),
  (705,2,'天翼导航','http://192.168.1.62/upload/menu_icon/enavigation.png',NULL,1,'CLIENT','天翼导航',NULL,NULL,'http://61.132.254.196/plugins/enavigation.apk','com.pdager',0,12),
  (706,0,'管理员','http://192.168.1.62/upload/menu_icon/administrator.png','client/pri/meeting/gotoAdminPage.action',1,'CLIENT','管理员',0,NULL,NULL,NULL,0,12),
  (707,0,'会议介绍','http://192.168.1.62/upload/menu_icon/introduction.png','portal/meeting/getMeetingInfoForClient.action',1,'CLIENT','会议介绍',1,NULL,'http://wap.118114.cn/sdownload/android/Besttone.apk?fr=bst&pd=2752','com.besttone.hall',1,12),
  (708,1,'会议议程','http://192.168.1.62/upload/menu_icon/MeetingActivity.png','MeetingActivity',1,'CLIENT','会议议程',2,'2012-02-03 14:06:57',NULL,NULL,1,12),
  (709,0,'投票管理','http://192.168.1.62/upload/menu_icon/vote.png','client/pri/vote/vote_findEnableVote.action',1,'CLIENT','投票管理',2,NULL,NULL,NULL,1,12),
  (710,0,'投票','http://192.168.1.62/upload/menu_icon/vote.png','client/pri/vote/vote_findEnableVote.action',1,'CLIENT','投票',2,NULL,NULL,NULL,1,12),
  (711,1,'会议资料','http://192.168.1.62/upload/menu_icon/PaperActivity.png','PaperActivity',1,'CLIENT','会议资料',3,NULL,NULL,NULL,1,12),
  (712,1,'互动交流','http://192.168.1.62/upload/menu_icon/CommunicateActivity.png','CommunicateActivity',1,'CLIENT','互动交流',4,NULL,NULL,NULL,1,12),
  (713,1,'会场位置','http://192.168.1.62/upload/menu_icon/MeetingPlaceActivity.png','MeetingPlaceActivity',1,'CLIENT','会场位置',5,NULL,NULL,NULL,1,12),
  (714,1,'签到','http://192.168.1.62/upload/menu_icon/SignActivity.png','BarCodeCaptureActivity',1,'CLIENT','签到',6,NULL,NULL,NULL,0,12),
  (715,1,'餐饮安排','http://192.168.1.62/upload/menu_icon/FoodActivity.png','FoodActivity',1,'CLIENT','餐饮安排',7,NULL,NULL,NULL,1,12),
  (716,1,'通讯录','http://192.168.1.62/upload/menu_icon/BookActivity.png','BookActivity',1,'CLIENT','通讯录',9,NULL,NULL,NULL,1,12),
  (717,1,'私信','http://192.168.1.62/upload/menu_icon/MessageActivity.png','MessageActivity',1,'CLIENT','私信',10,NULL,NULL,NULL,1,12),
  (718,1,'签到码','http://192.168.1.62/upload/menu_icon/DownloadSignActivity.png','DownloadSignActivity',1,'CLIENT','签到码',11,NULL,NULL,NULL,1,12),
  (719,0,'礼品订购','http://192.168.1.62/upload/menu_icon/gift.png','client/pri/gift/list.action',1,'CLIENT','礼品订购',16,NULL,NULL,NULL,1,12),
  (720,0,'会议介绍',NULL,'wap/pri/meeting/getMeetingById.action?returnType=wap&meeting.id=',1,'WAP','会议介绍',1,NULL,NULL,NULL,1,12),
  (721,1,'投票管理',NULL,'wap/pri/vote/vote_findEnableVote.action?meetingId=',1,'WAP','投票管理',1,NULL,NULL,NULL,1,12),
  (722,1,'投票',NULL,'wap/pri/vote/vote_findEnableVote.action?meetingId=',1,'WAP','投票',1,NULL,NULL,NULL,1,12),
  (723,1,'会议议程',NULL,'wap/pri/agenda/view.action?meetingId=',1,'WAP','会议议程',2,NULL,NULL,NULL,1,12),
  (724,2,'会议资料','','wap/pri/files/getMeetingFilesPager.action?meetingId=',1,'WAP','会议资料',3,NULL,NULL,NULL,1,12),
  (725,3,'互动交流',NULL,'wap/pri/interaction/postView.action?meetingId=',1,'WAP','互动交流',4,NULL,NULL,NULL,1,12),
  (726,5,'会场位置',NULL,'wap/pri/map/view.action?meeting.id=',1,'WAP','会场位置',5,NULL,NULL,NULL,1,12),
  (727,6,'签到',NULL,'pages/wap/pri/sign/signIn.jsp?meetingId=',1,'WAP','签到',6,NULL,NULL,NULL,0,12),
  (728,7,'餐饮安排',NULL,'wap/pri/meeting/showDinner.action?meetingId=',1,'WAP','餐饮安排',7,NULL,NULL,NULL,1,12),
  (729,9,'通讯录',NULL,'wap/pri/meeting/getMeetingUsers.action?meeting.id=',1,'WAP','通讯录',9,NULL,NULL,NULL,1,12),
  (730,10,'站内私信',NULL,'wap/pri/message/messagebox.action?meetingId=',1,'WAP','私信',10,NULL,NULL,NULL,1,12),
  (731,11,'签到码',NULL,'wap/pri/meeting/signCode.action?meetingId=',1,'WAP','签到码',11,NULL,NULL,NULL,1,12),
  (732,16,'礼品订购',NULL,'wap/pri/gift/list.action?meetingId=',1,'WAP','礼品订购',16,NULL,NULL,NULL,1,12),
  (733,0,'会议介绍',NULL,'portal/pri/meeting/getMeetingById.action?returnType=portal_viewmeeting&meeting.id=',1,'WEB','会议介绍',0,NULL,NULL,NULL,1,12),
  (734,1,'会议议程','','portal/pri/agenda/agendaList.action?meetingId=',1,'WEB','会议议程',1,NULL,NULL,NULL,1,12),
  (735,3,'会议资料',NULL,'portal/pri/meeting/getMeetingFilesPager.action?from=portal&meetingId=',1,'WEB','会议资料',2,NULL,NULL,NULL,1,12),
  (736,4,'互动交流',NULL,'portal/pri/interaction/postList.action?meetingId=',1,'WEB','互动交流',3,NULL,NULL,NULL,1,12),
  (737,5,'餐饮安排 ',NULL,'portal/pri/meeting/getDinnerInfo.action?meetingId=',1,'WEB','餐饮安排 ',4,NULL,NULL,NULL,1,12),
  (738,6,'签到',NULL,'pages/portal/pri/sign/signIn.jsp?meetingId=',1,'WEB','签到',6,NULL,NULL,NULL,0,12),
  (739,5,'会场位置',NULL,'portal/pri/meeting/getMeetingById.action?returnType=portal_map&meeting.id=',1,'WEB','会场位置',7,NULL,NULL,NULL,1,12),
  (740,9,'通讯录',NULL,'portal/pri/meeting/getMeetingUsers.action?meeting.id=',1,'WEB','通讯录',9,NULL,NULL,NULL,1,12),
  (741,10,'站内私信',NULL,'portal/pri/message/list.action?meetingId=',1,'WEB','私信',10,NULL,NULL,NULL,1,12),
  (742,11,'签到码',NULL,'portal/pri/meeting/signCode.action?meetingId=',1,'WEB','签到码',11,NULL,NULL,NULL,1,12),
  (743,16,'礼品订购',NULL,'portal/pri/gift/list.action?meetingId=',1,'WEB','礼品订购',16,NULL,NULL,NULL,1,12),
  (744,17,'投票管理',NULL,'portal/pri/meeting/vote_findEnableVote.action?meetingId=',1,'WEB','投票管理',20,NULL,NULL,NULL,1,12),
  (745,3,'会场建议',NULL,'portal/pri/meeting/paper_findEnablePaper.action?meetingId=',1,'WEB','会场建议',8,NULL,NULL,NULL,1,1),
  (746,11,'用车安排 ',NULL,'portal/pri/journey/getJourneyList.action?meetingId=',1,'WEB','用车安排 ',4,NULL,NULL,NULL,0,NULL),
  (747,11,'用车安排 ',NULL,'portal/pri/journey/getJourneyList.action?meetingId=',1,'WEB','用车安排 ',4,NULL,NULL,NULL,0,2),
  (748,17,'用车安排',NULL,'wap/pri/journey/getJourneyList.action?meetingId=',1,'WAP','用车安排',17,NULL,NULL,NULL,0,NULL),
  (749,17,'用车安排',NULL,'wap/pri/journey/getJourneyList.action?meetingId=',1,'WAP','用车安排',17,NULL,NULL,NULL,0,2),
  (753,0,'用车安排 ',NULL,'client/pri/journey/getJourneyList.action',1,'CLIENT','用车安排 ',10,NULL,NULL,NULL,0,NULL),
  (754,0,'用车安排 ',NULL,'client/pri/journey/getJourneyList.action',1,'CLIENT','用车安排 ',10,NULL,NULL,NULL,0,2),
  (755,1,'本地土特产 ',NULL,'portal/pri/reception/specialty_show.action?meetingId=',1,'WEB','本地土特产',18,NULL,NULL,NULL,1,NULL),
  (756,1,'本地土特产',NULL,'wap/pri/reception/specialty_show.action?meetingId=',1,'WAP','本地土特产',18,NULL,NULL,NULL,1,NULL),
  (757,1,'本地土特产 ',NULL,'portal/pri/reception/specialty_show.action?meetingId=',1,'WEB','本地土特产',18,NULL,NULL,NULL,1,1),
  (758,1,'本地土特产',NULL,'wap/pri/reception/specialty_show.action?meetingId=',1,'WAP','本地土特产',18,NULL,NULL,NULL,1,1);

COMMIT;

#
# Data for the `base_module_title` table  (LIMIT 0,500)
#

INSERT INTO `base_module_title` (`id`, `base_menu_id`, `meeting_type_id`, `name`, `title_name`, `key_name`, `terminal_type`) VALUES 
  (1,2,-1,'会议议程','分组详情','agenda.team.detail.title','CLIENT'),
  (2,2,-1,'会议议程','其他分组','agenda.team.others.title','CLIENT'),
  (3,4,-1,'互动交流','发言','interaction.post.title','CLIENT'),
  (4,4,-1,'互动交流','发表评论','interaction.reply.title','CLIENT'),
  (5,10,-1,'餐饮安排','就餐详情','dinner.team.detail.title','CLIENT'),
  (6,10,-1,'餐饮安排','其他分组','dinner.team.others.title','CLIENT'),
  (7,5,-1,'通讯录','通讯录详情 ','memberlist.detail.title','CLIENT'),
  (8,11,-1,'私信','发表私信','privatemsg.post.title','CLIENT'),
  (9,708,12,'会议议程','议程讨论','agenda.team.detail.title','CLIENT'),
  (10,708,12,'会议议程','查看其他讨论分组','agenda.team.others.title','CLIENT'),
  (11,712,12,'互动交流','发言','interaction.post.title','CLIENT'),
  (12,712,12,'互动交流','发表评论','interaction.reply.title','CLIENT'),
  (13,715,12,'餐饮安排','就餐详情','dinner.team.detail.title','CLIENT'),
  (14,715,12,'餐饮安排','其他分组','dinner.team.others.title','CLIENT'),
  (15,716,12,'通讯录','通讯录详情 ','memberlist.detail.title','CLIENT'),
  (16,717,12,'私信','发表私信','privatemsg.post.title','CLIENT'),
  (17,118,1,'会议议程','分组详情','agenda.team.detail.title','CLIENT'),
  (18,118,1,'会议议程','其他分组','agenda.team.others.title','CLIENT'),
  (19,121,1,'互动交流','发言','interaction.post.title','CLIENT'),
  (20,121,1,'互动交流','发表评论','interaction.reply.title','CLIENT'),
  (21,124,1,'餐饮安排','就餐详情','dinner.team.detail.title','CLIENT'),
  (22,124,1,'餐饮安排','其他分组','dinner.team.others.title','CLIENT'),
  (23,125,1,'通讯录','通讯录详情 ','memberlist.detail.title','CLIENT'),
  (24,126,1,'私信','发表私信','privatemsg.post.title','CLIENT'),
  (25,203,2,'互动交流','发言','interaction.post.title','CLIENT'),
  (26,203,2,'互动交流','发表评论','interaction.reply.title','CLIENT'),
  (27,206,2,'餐饮安排','就餐详情','dinner.team.detail.title','CLIENT'),
  (28,206,2,'餐饮安排','其他分组','dinner.team.others.title','CLIENT'),
  (29,207,2,'通讯录','通讯录详情 ','memberlist.detail.title','CLIENT'),
  (30,208,2,'私信','发表私信','privatemsg.post.title','CLIENT'),
  (31,241,3,'会议议程','分组详情','agenda.team.detail.title','CLIENT'),
  (32,241,3,'会议议程','其他分组','agenda.team.others.title','CLIENT'),
  (33,244,3,'互动交流','发言','interaction.post.title','CLIENT'),
  (34,244,3,'互动交流','发表评论','interaction.reply.title','CLIENT'),
  (35,247,3,'餐饮安排','就餐详情','dinner.team.detail.title','CLIENT'),
  (36,247,3,'餐饮安排','其他分组','dinner.team.others.title','CLIENT'),
  (37,248,3,'通讯录','通讯录详情 ','memberlist.detail.title','CLIENT'),
  (38,249,3,'私信','发表私信','privatemsg.post.title','CLIENT'),
  (39,323,4,'会议议程','分组详情','agenda.team.detail.title','CLIENT'),
  (40,323,4,'会议议程','其他分组','agenda.team.others.title','CLIENT'),
  (41,326,4,'互动交流','发言','interaction.post.title','CLIENT'),
  (42,326,4,'互动交流','发表评论','interaction.reply.title','CLIENT'),
  (43,329,4,'餐饮安排','就餐详情','dinner.team.detail.title','CLIENT'),
  (44,329,4,'餐饮安排','其他分组','dinner.team.others.title','CLIENT'),
  (45,330,4,'通讯录','通讯录详情 ','memberlist.detail.title','CLIENT'),
  (46,331,4,'私信','发表私信','privatemsg.post.title','CLIENT'),
  (47,405,5,'会议议程','分组详情','agenda.team.detail.title','CLIENT'),
  (48,405,5,'会议议程','其他分组','agenda.team.others.title','CLIENT'),
  (49,408,5,'互动交流','发言','interaction.post.title','CLIENT'),
  (50,408,5,'互动交流','发表评论','interaction.reply.title','CLIENT'),
  (51,411,5,'餐饮安排','就餐详情','dinner.team.detail.title','CLIENT'),
  (52,411,5,'餐饮安排','其他分组','dinner.team.others.title','CLIENT'),
  (53,412,5,'通讯录','通讯录详情 ','memberlist.detail.title','CLIENT'),
  (54,413,5,'私信','发表私信','privatemsg.post.title','CLIENT'),
  (55,621,9,'会议议程','分组详情','agenda.team.detail.title','CLIENT'),
  (56,621,9,'会议议程','其他分组','agenda.team.others.title','CLIENT'),
  (57,625,9,'互动交流','发言','interaction.post.title','CLIENT'),
  (58,625,9,'互动交流','发表评论','interaction.reply.title','CLIENT'),
  (59,628,9,'餐饮安排','就餐详情','dinner.team.detail.title','CLIENT'),
  (60,628,9,'餐饮安排','其他分组','dinner.team.others.title','CLIENT'),
  (61,629,9,'通讯录','通讯录详情 ','memberlist.detail.title','CLIENT'),
  (62,630,9,'私信','发表私信','privatemsg.post.title','CLIENT'),
  (63,11,-1,'私信','查看私信','privatemsg.view.title','CLIENT'),
  (64,3,-1,'会议资料','下载管理','file.download.title','CLIENT'),
  (80,120,1,'会议资料','下载管理','file.download.title','CLIENT'),
  (81,126,1,'私信','查看私信','privatemsg.view.title','CLIENT'),
  (82,208,2,'私信','查看私信','privatemsg.view.title','CLIENT'),
  (83,243,3,'会议资料','下载管理','file.download.title','CLIENT'),
  (84,249,3,'私信','查看私信','privatemsg.view.title','CLIENT'),
  (85,325,4,'会议资料','下载管理','file.download.title','CLIENT'),
  (86,331,4,'私信','查看私信','privatemsg.view.title','CLIENT'),
  (87,407,5,'会议资料','下载管理','file.download.title','CLIENT'),
  (88,413,5,'私信','查看私信','privatemsg.view.title','CLIENT'),
  (89,624,9,'会议资料','下载管理','file.download.title','CLIENT'),
  (90,630,9,'私信','查看私信','privatemsg.view.title','CLIENT'),
  (91,711,12,'会议资料','下载管理','file.download.title','CLIENT'),
  (92,717,12,'私信','查看私信','privatemsg.view.title','CLIENT'),
  (93,6,-1,'会场位置','会场位置','location.map.title','CLIENT'),
  (94,122,1,'会场位置','会场位置','location.map.title','CLIENT'),
  (95,245,3,'会场位置','会场位置','location.map.title','CLIENT'),
  (96,327,4,'会场位置','会场位置','location.map.title','CLIENT'),
  (97,409,5,'会场位置','会场位置','location.map.title','CLIENT'),
  (98,626,9,'会场位置','会场位置','location.map.title','CLIENT'),
  (99,713,12,'会场位置','会场位置','location.map.title','CLIENT');

COMMIT;

#
# Data for the `data_dict` table  (LIMIT 0,500)
#

INSERT INTO `data_dict` (`data_type`, `data_type_name`, `data_type_desc`) VALUES 
  ('act_type','活动类型','活动类型'),
  ('client_login_bg_pic','客户端登录背景图片','客户端登录背景图片'),
  ('custom_bg_pic','定制背景图片','定制的客户端登录背景图片，供用户选择'),
  ('find_back_password','找回密码','找回密码配置'),
  ('menu_type','菜单类型','菜单类型'),
  ('terminal_type','菜单访问类型','菜单访问类型');

COMMIT;

#
# Data for the `data_dict_config` table  (LIMIT 0,500)
#

INSERT INTO `data_dict_config` (`id`, `data_type`, `act_type`, `data_code`, `data_name`, `data_desc`, `cond`, `data_value`, `order_by`, `remark`) VALUES 
  (1,'act_type','common','0','会议',NULL,NULL,'1',NULL,NULL),
  (2,'act_type','common','1','旅游',NULL,NULL,'2',NULL,NULL),
  (3,'dinner_type','common','1','自助餐',NULL,NULL,'false',NULL,NULL),
  (4,'dinner_type','common','2','桌餐',NULL,NULL,'false',NULL,NULL),
  (5,'dinner_type','common','3','会餐',NULL,NULL,'true',NULL,NULL),
  (6,'dinner_type','common','4','家宴',NULL,NULL,'true',NULL,NULL),
  (7,'dinner_type','common','5','其他',NULL,NULL,'false',NULL,NULL),
  (8,'find_back_password','common','1','找回密码配置',NULL,NULL,'S',NULL,'D表示为动态找回,S表示找回原来的'),
  (9,'terminal_type','common','CLIENT','Android客户端',NULL,NULL,NULL,NULL,NULL),
  (10,'terminal_type','common','WEB','WEB门户',NULL,NULL,NULL,NULL,NULL),
  (11,'terminal_type','common','WAP','WAP门户',NULL,NULL,NULL,NULL,NULL),
  (12,'menu_type','common','0','网页链接',NULL,NULL,NULL,NULL,NULL),
  (13,'menu_type','common','1','基本功能',NULL,NULL,NULL,NULL,NULL),
  (14,'menu_type','common','2','第三方软件',NULL,NULL,NULL,NULL,NULL),
  (15,'client_login_bg_pic','common','0','客户端登录背景图片',NULL,NULL,'images/client/telecom.png',NULL,NULL),
  --(16,'custom_bg_pic','common','0','中国电信',NULL,NULL,'images/client/telecom.png',NULL,NULL),
  (17,'custom_bg_pic','common','1','默认图片',NULL,NULL,'images/client/default.png',NULL,NULL);

COMMIT;

#
# Data for the `meeting_type` table  (LIMIT 0,500)
#

INSERT INTO `meeting_type` (`id`, `name`, `description`, `create_time`, `state`, `logo_image`, `theme_id`) VALUES 
  (1,'会议云','会议云','2012-01-13',1,'',1);

COMMIT;

#
# Data for the `organization` table  (LIMIT 0,500)
#

INSERT INTO `organization` (`id`, `name`, `address`, `create_time`, `modify_time`, `state`, `comments`, `linker`, `linker_tel`, `level`, `parent_id`, `root_id`) VALUES 
  (0,'站点管理','',NULL,'2011-11-28 13:18:17',1,'','111','',0,NULL,NULL);
UPDATE `organization` SET `id`=0 WHERE `id`=LAST_INSERT_ID();
COMMIT;

#
# Data for the `page_theme` table  (LIMIT 0,500)
#

INSERT INTO `page_theme` (`id`, `name`, `title`, `description`, `thumbnail_name`, `state`) VALUES 
  (1,'','蓝色天空','系统默认蓝色主题皮肤','images/thumbnail.png',1),
  (3,'green','春意盎然','绿色春意的主题皮肤（注：这是测试用主题）','green/images/thumbnail.png',1);

COMMIT;

#
# Data for the `role` table  (LIMIT 0,500)
#

INSERT INTO `role` (`id`, `role_name`, `create_time`, `modify_time`, `creator`, `modifier`, `state`, `comments`) VALUES 
  (1,'超级管理员',NULL,NULL,NULL,NULL,1,NULL),
  (2,'系统管理员',NULL,NULL,NULL,NULL,1,NULL),
  (3,'会议管理员',NULL,NULL,NULL,NULL,1,NULL),
  (4,'会议云客服',NULL,NULL,NULL,NULL,1,NULL),
  (5,'会议成员',NULL,NULL,NULL,NULL,1,NULL),
  (6,'会议主持人',NULL,NULL,NULL,NULL,1,NULL);

COMMIT;

INSERT INTO `admin_user` (`id`, `mobile`, `password`, `name`, `mailbox`, `gender`, `birthday`, `idtype`, `idnum`, `country`, `city`, `address`, `create_time`, `modify_time`, `state`, `comments`, `job`, `org_id`, `role_id`, `imei`, `tel`, `can_org`) VALUES 
  (1,'18900000000','8a1df2fa132b5c25','系统管理员','',NULL,NULL,NULL,NULL,NULL,NULL,'',NULL,'2011-11-22 21:56:10',1,'','会议管理员',0,1,NULL,NULL,1),
  (79,'admin','8a1df2fa132b5c25','集团超级管理员','',0,NULL,NULL,NULL,NULL,NULL,'',NULL,'2011-11-29 16:53:53',1,'','会议管理员',0,1,NULL,'',1);
COMMIT;


INSERT INTO `trigger_task` (`id`, `meeting_id`, `trigger_notify`, `delay_time`, `send_sms`, `display_welcome`, `send_meeting_agenda`, `send_other_Info`, `other_info`, `sms_template`) VALUES 
  (1,NULL,0,0,0,0,0,0,NULL,'欢迎{username}进入会场。');

COMMIT;

/*!40101 SET CHARACTER_SET_CLIENT=@OLD_CHARACTER_SET_CLIENT */;
/*!40101 SET CHARACTER_SET_RESULTS=@OLD_CHARACTER_SET_RESULTS */;
/*!40101 SET COLLATION_CONNECTION=@OLD_COLLATION_CONNECTION */;
